date,lane_id,delay_rate,xgb_p10,xgb_p50,xgb_p90,prophet_p10,prophet_p50,prophet_p90
2026-05-26,MEM-ATL,0.0357,0.02959463,0.03569326,0.042669896,0.0106009833276854,0.034033462501333794,0.056146434901261776
2026-05-27,MEM-ATL,0.0346,0.029538086,0.035811827,0.042656902,0.02653900217946264,0.04838408828465866,0.06994652773960526
2026-05-28,MEM-ATL,0.0395,0.029394582,0.035659406,0.042601775,0.029248813942795278,0.05377973920277994,0.07596160548727303
2026-05-29,MEM-ATL,0.0453,0.029489825,0.035946444,0.0426203,0.02134059482163305,0.044717799068681806,0.06720496475362515
2026-05-30,MEM-ATL,0.0408,0.036499534,0.04725591,0.05680626,0.04347602335593815,0.06672375503398795,0.08846949717415409
2026-05-31,MEM-ATL,0.0371,0.03733381,0.045902837,0.055064797,0.011256239168827606,0.035198884347313525,0.05652374779878858
2026-06-01,MEM-ATL,0.0334,0.029632095,0.03566777,0.042185668,0.00854896743775573,0.029935081911439905,0.051765688873318956
2026-06-02,MEM-ATL,0.0328,0.029499946,0.03556081,0.042443596,0.005295072220051168,0.02700448740096132,0.047945385653947487
2026-06-03,MEM-ATL,0.0434,0.029649202,0.035510812,0.04238306,0.001954734706421618,0.022823362491734007,0.04488301113022508
2026-06-04,MEM-ATL,0.0387,0.029490015,0.036017746,0.04281801,0.021223550475639775,0.044720006234813287,0.06695184584851091
2026-06-05,MEM-ATL,0.0348,0.029844746,0.035962265,0.04284648,0.019640709214134806,0.040859439905583175,0.06351584642190886
2026-06-06,MEM-ATL,0.0323,0.03714011,0.045147598,0.055315588,0.025675696829693888,0.0478178406393342,0.06800091612215675
2026-06-07,MEM-ATL,0.0458,0.036952764,0.04519002,0.05501004,0.013201887011730463,0.035298554532747495,0.05865985417157098
2026-06-08,MEM-ATL,0.0368,0.030719696,0.035929378,0.04228336,0.03154885140507199,0.05303111085613356,0.07409193568555943
2026-06-09,MEM-ATL,0.0409,0.029480763,0.035686325,0.04214057,0.008200845620435993,0.03145984439046753,0.05381324671052795
2026-06-10,MEM-ATL,0.0361,0.029533379,0.03598628,0.04284648,0.013006471098150016,0.03668302589119362,0.060136210384109295
2026-06-11,MEM-ATL,0.0435,0.02968792,0.035868775,0.04245907,0.01324613140127192,0.0367112906839673,0.05908233111355663
2026-06-12,MEM-ATL,0.0382,0.029668573,0.035935048,0.04242816,0.001003026474201106,0.023449220094289493,0.045909145364015205
2026-06-13,MEM-ATL,0.0488,0.036783855,0.045516197,0.05383657,0.01383814548866947,0.03497362336395209,0.056725757344991495
2026-06-14,MEM-ATL,0.0495,0.037524294,0.04581004,0.054755207,0.01059070722955119,0.03462049574917212,0.05758364622450253
2026-06-15,MEM-ATL,0.0367,0.030128958,0.03593899,0.042570196,0.01356044159008226,0.0360776234114603,0.058695516534945716
2026-06-16,MEM-ATL,0.04,0.02965968,0.035868775,0.04304431,0.01308724982659699,0.03527973062500781,0.057276068974130276
2026-06-17,MEM-ATL,0.0335,0.029519318,0.035783295,0.042714994,0.006747603194039225,0.027476683959964054,0.05050547634057404
2026-06-18,MEM-ATL,0.0358,0.029551266,0.035762932,0.04307278,0.019658526193373452,0.04282671278142475,0.06515872672403791
2026-06-19,MEM-ATL,0.0351,0.02965968,0.03587771,0.042669896,0.011254947378078405,0.03370746880809555,0.056499317388217056
2026-06-20,MEM-ATL,0.0458,0.037453018,0.04557837,0.05493069,0.02276168576567433,0.045168624439805086,0.06750035460436374
2026-06-21,MEM-ATL,0.0429,0.0374521,0.045834634,0.055064797,0.016998975431793312,0.03889236655240354,0.06153932228129259
2026-06-22,MEM-ATL,0.0364,0.029842557,0.035953127,0.04245907,0.029865816099940535,0.051539685647104205,0.07432905917043228
2026-06-23,MEM-ATL,0.025,0.02965968,0.035844617,0.04284648,0.01243159339437927,0.03449679481832684,0.058390851216342014
2026-06-24,MEM-ATL,0.036,0.02940749,0.035341892,0.04241709,0.03124856643983434,0.05402856315668368,0.07667445249622881
2026-06-25,MEM-ATL,0.0352,0.029720103,0.035689805,0.042488694,0.009350878418517701,0.030721593722784497,0.05510997563394616
2026-06-26,MEM-ATL,0.0301,0.029634459,0.03553317,0.042443596,0.010449823880031553,0.03292345707150175,0.05545478474886159
2026-06-27,MEM-ATL,0.0432,0.037403535,0.045552306,0.05512234,0.029171955265252222,0.049020804464579064,0.0739646288181141
2026-06-28,MEM-ATL,0.0359,0.036919754,0.04588238,0.055832237,0.012876582133893037,0.034243971404973796,0.056063708693105174
2026-06-29,MEM-ATL,0.0343,0.029865874,0.035713963,0.042443596,0.008254564312847004,0.031621779007927384,0.052047048199473554
2026-06-30,MEM-ATL,0.0362,0.029305866,0.034673873,0.041309543,0.00426580731194409,0.024605411284151165,0.04778076800252947
2026-07-01,MEM-ATL,0.0387,0.029749371,0.035713963,0.042415127,0.010014463219952955,0.03087043270910156,0.05434999657462776
2026-07-02,MEM-ATL,0.0268,0.02962307,0.035914976,0.04245907,0.013698801205970244,0.03658642270957419,0.05738116119286614
2026-07-03,MEM-ATL,0.0319,0.029520823,0.0356327,0.042232834,0.01412786277789782,0.03644764591469512,0.05882024543212738
2026-07-04,MEM-ATL,0.0435,0.033702817,0.04567345,0.055185296,0.028730813631396204,0.05180289282670211,0.07386492682874263
2026-07-05,MEM-ATL,0.04,0.033833046,0.04582362,0.054184474,0.011151327666959908,0.03407375239919689,0.0564867009054367
2026-07-06,MEM-ATL,0.0344,0.02976654,0.035918806,0.042398535,0.024925227392857872,0.04900422973823352,0.07009725564294704
2026-07-07,MEM-ATL,0.0383,0.02961487,0.035715643,0.042394,0.019961295698205518,0.04234703243682779,0.06367703677424451
2026-07-08,MEM-ATL,0.0356,0.029901542,0.035976402,0.04305234,0.03583816359412854,0.05844643983890724,0.07982436737747976
2026-07-09,MEM-ATL,0.0409,0.029527826,0.035019506,0.041401807,0.013811675037819219,0.03671247412193719,0.05883218300457594
2026-07-10,MEM-ATL,0.0322,0.029459467,0.03591524,0.042204365,0.020352601859150207,0.04255806142783639,0.06277836100036399
2026-07-11,MEM-ATL,0.0422,0.037149202,0.045589596,0.054812748,0.028357262884863534,0.04959107719707228,0.07217396322024945
2026-07-12,MEM-ATL,0.0537,0.036870457,0.04699326,0.056358334,0.04031016589629276,0.06126866518683119,0.08346380994359287
2026-07-13,MEM-ATL,0.0339,0.030187719,0.035807718,0.042296354,0.006738954667087717,0.030265272524514043,0.052049388878145406
2026-07-14,MEM-ATL,0.0376,0.029621596,0.035762932,0.04245907,0.028102122792056924,0.049637831294304394,0.07232063751055957
2026-07-15,MEM-ATL,0.0349,0.029791014,0.035736065,0.042443596,0.0012904887433055712,0.02323842167343654,0.04427259065880308
2026-07-16,MEM-ATL,0.0324,0.029709047,0.0356665,0.04278141,0.01829087593115948,0.04149637401089326,0.06369577481487833
2026-07-17,MEM-ATL,0.0325,0.029520718,0.035665646,0.042204365,0.01911983328240263,0.04067773989112797,0.06325933347990627
2026-07-18,MEM-ATL,0.0373,0.03706864,0.04542047,0.054812748,0.013168017399431102,0.03562266430847631,0.056862789616273446
2026-07-19,MEM-ATL,0.0508,0.03740266,0.046014287,0.054755207,0.02273457625483558,0.04393140109822222,0.06567552770637043
2026-07-20,MEM-ATL,0.0311,0.032905705,0.03781585,0.07663594,0.0449320470997102,0.06634795773098526,0.08858817220074715
2026-07-21,MEM-ATL,0.0324,0.029606283,0.035712678,0.04245907,0.0233111182714071,0.04529047449513853,0.0672714784825387
2026-07-22,MEM-ATL,0.0386,0.029684322,0.035665646,0.042398535,0.02274460344060611,0.043851805566027365,0.06588810361603155
2026-07-23,MEM-ATL,0.041,0.029585768,0.03586318,0.042277932,0.017929391474797357,0.03890129439246878,0.06077306231924526
2026-07-24,MEM-ATL,0.0336,0.029459467,0.03591524,0.042204365,0.019303633193790772,0.04203407842288113,0.06351805584599528
2026-07-25,MEM-ATL,0.0482,0.0383241,0.046172187,0.056021217,0.0484498331184002,0.06967707059477611,0.09214221222644396
2026-07-26,MEM-ATL,0.0475,0.03743441,0.047117654,0.05745451,0.042186886180786615,0.06520116396224584,0.08783089027025846
2026-07-27,MEM-ATL,0.0411,0.030097494,0.03591524,0.04211766,0.016779891280619245,0.04104773245764065,0.06337948136625869
2026-07-28,MEM-ATL,0.0892,0.1041474,0.12731256,0.1521138,0.059663478263527754,0.08150575527474369,0.10380412498724952
2026-07-29,MEM-ATL,0.1276,0.10821398,0.1354981,0.15689363,0.0670960252855612,0.08805884796329319,0.11011173745637519
2026-07-30,MEM-ATL,0.0368,0.030562073,0.036243007,0.04245923,0.00355934579794778,0.027511115242020087,0.049848730700478634
2026-07-31,MEM-ATL,0.0325,0.029960113,0.03577845,0.042929932,0.010813497399110712,0.032976579340555326,0.054922405527401415
2026-08-01,MEM-ATL,0.0353,0.037866987,0.046394233,0.055688765,0.023437786102935915,0.04821721550234055,0.06964582661497695
2026-08-02,MEM-ATL,0.0522,0.037788156,0.047368445,0.057000943,0.037860956281638,0.0596916465575999,0.0805243261047879
2026-08-03,MEM-ATL,0.0264,0.030392868,0.03608203,0.043327592,0.029408353169523234,0.050502334045422426,0.07073353091718834
2026-08-04,MEM-ATL,0.0306,0.030055728,0.036022555,0.043578755,0.002599884601064956,0.024543519855145576,0.046814295064427525
2026-08-05,MEM-ATL,0.0362,0.030056775,0.03586998,0.043578755,0.008748585187506996,0.0314947306845647,0.05217846182783847
2026-08-06,MEM-ATL,0.0369,0.029730914,0.035677865,0.04282889,0.007703796544256329,0.029270884364400437,0.05231623194289695
2026-08-07,MEM-ATL,0.0367,0.02957517,0.035741217,0.04250229,0.022589568090676967,0.04560165430194842,0.06731592570783258
2026-08-08,MEM-ATL,0.0555,0.03725969,0.045680188,0.054648727,0.03332714331772034,0.055316797821473765,0.07816675784269082
2026-08-09,MEM-ATL,0.056,0.03747378,0.04702332,0.057506926,0.042524632882094425,0.06368090634994972,0.08681837339356899
2026-08-10,MEM-ATL,0.0335,0.030075364,0.035074614,0.042265944,0.022687773675235102,0.04488805156449953,0.06537392929501841
2026-08-11,MEM-ATL,0.0285,0.029762628,0.035666805,0.04285018,0.0037356491531043063,0.027235243422836626,0.05056370362608069
2026-08-12,MEM-ATL,0.0437,0.029939594,0.03582608,0.04336284,0.014018217975194515,0.036165235116960445,0.05891256843136719
2026-08-13,MEM-ATL,0.0344,0.029548585,0.035831466,0.042669896,0.011174165562341552,0.03294872306569571,0.05540791189596451
2026-08-14,MEM-ATL,0.0395,0.029586121,0.03556081,0.042641427,0.009876111625532705,0.03212117834474902,0.05489768141475156
2026-08-15,MEM-ATL,0.0511,0.038465884,0.04585726,0.054812748,0.02480217160761442,0.046374296909802014,0.06960563089101063
2026-08-16,MEM-ATL,0.0325,0.039196976,0.046316233,0.05588146,0.015016750838547087,0.03805923415619351,0.05948411041623731
2026-08-17,MEM-ATL,0.0349,0.029690497,0.035665646,0.042333465,0.025295399168495207,0.04787755612857722,0.07079244525347486
2026-08-18,MEM-ATL,0.033,0.02945076,0.03553317,0.042284213,0.009029511726112757,0.032705901510335394,0.05625155736186448
2026-08-19,MEM-ATL,0.033,0.02971691,0.035740573,0.04284648,0.022808833867832796,0.046320147970082215,0.06886821250973314
2026-08-20,MEM-ATL,0.0406,0.029579148,0.035154328,0.042398535,0.03370731195329332,0.05558198729571787,0.07962715241858181
2026-08-21,MEM-ATL,0.0438,0.029666625,0.035976313,0.04284648,0.02102969978165038,0.04250808653495243,0.06532270288967777
2026-08-22,MEM-ATL,0.0364,0.037407827,0.04588979,0.055939,0.02408801729234138,0.046640872920604724,0.06758128085501064
2026-08-23,MEM-ATL,0.0601,0.036835756,0.04632527,0.05635496,0.04428275176379854,0.06722006923876638,0.08857828486236662
2026-05-26,MEM-BOS,0.0491,0.033964902,0.043527853,0.052646395,0.013102426049860023,0.04452538570462018,0.07626975167517133
2026-05-27,MEM-BOS,0.0431,0.034571428,0.044053588,0.05347582,-0.003654549041631454,0.026405534103702128,0.0552818267926678
2026-05-28,MEM-BOS,0.0461,0.03384746,0.04357002,0.05283773,0.04310080947137444,0.07317719446386825,0.1044852922111353
2026-05-29,MEM-BOS,0.037,0.034001026,0.04349434,0.05330598,0.019495448558503596,0.049419451241522395,0.07899519035995012
2026-05-30,MEM-BOS,0.0557,0.040858343,0.05460897,0.06871408,0.010672084208647372,0.04095657123655771,0.07221324033694984
2026-05-31,MEM-BOS,0.0426,0.04175764,0.053519156,0.0686508,0.048599519388695805,0.07702863374598641,0.10790533678219386
2026-06-01,MEM-BOS,0.0443,0.033574194,0.04353468,0.053224757,0.031712037894751806,0.06104676614497505,0.09148525371979947
2026-06-02,MEM-BOS,0.0466,0.03422189,0.043886397,0.053247172,0.007836709485710516,0.03642620831465508,0.06526389494221055
2026-06-03,MEM-BOS,0.0434,0.03428619,0.043668482,0.053247172,0.013459060232631223,0.04376258656622453,0.07450892037728052
2026-06-04,MEM-BOS,0.0482,0.034297578,0.043937117,0.053368654,-0.0037417219833492375,0.024850410421899255,0.054767928058378476
2026-06-05,MEM-BOS,0.0403,0.0342596,0.043515358,0.052691493,0.010470001685418652,0.03905816428265699,0.07231210210675348
2026-06-06,MEM-BOS,0.0609,0.041393306,0.05634374,0.07064114,0.057971361032181166,0.09002034625085081,0.1198046138206027
2026-06-07,MEM-BOS,0.0781,0.039989732,0.055222545,0.0686508,0.04337439990239481,0.0735729345261375,0.10265679766680763
2026-06-08,MEM-BOS,0.0353,0.03406965,0.043557733,0.053130556,-0.009592038724541079,0.020643985946570007,0.0522967650920052
2026-06-09,MEM-BOS,0.044,0.034018975,0.04351982,0.053354338,0.007918523870529466,0.04012902922448038,0.06978840570775152
2026-06-10,MEM-BOS,0.038,0.033896215,0.043439414,0.053354338,0.01982693609463126,0.05142770344446968,0.08259161955872334
2026-06-11,MEM-BOS,0.0327,0.0340079,0.043598887,0.053354338,0.015594617113099745,0.04510397926289422,0.07777940241895062
2026-06-12,MEM-BOS,0.0395,0.033563912,0.043478265,0.053354338,0.026092388854490528,0.055001055372679304,0.08490010154124382
2026-06-13,MEM-BOS,0.0233,0.040675357,0.054686032,0.06869785,0.03182699167678942,0.06500608417701369,0.0927951339821727
2026-06-14,MEM-BOS,0.0518,0.04077222,0.050521143,0.06769309,0.03348301030531129,0.06433642974772541,0.09386455772047854
2026-06-15,MEM-BOS,0.0309,0.03441766,0.043746583,0.052812975,-0.007324094823291782,0.025503473997118643,0.05576588170394313
2026-06-16,MEM-BOS,0.0379,0.033320546,0.043704715,0.053247172,0.024775076278849208,0.05206915412309279,0.08345290953304856
2026-06-17,MEM-BOS,0.0426,0.033616804,0.043998837,0.052945502,-0.00567385535009639,0.02320748083323531,0.053572750484681374
2026-06-18,MEM-BOS,0.0433,0.032890607,0.043649886,0.052207064,0.036626500462209624,0.06510937036076943,0.09546536531117387
2026-06-19,MEM-BOS,0.0471,0.03393613,0.04399622,0.05307009,-0.0007524251736892915,0.029401781469914907,0.05869061820462973
2026-06-20,MEM-BOS,0.0512,0.040906083,0.05521439,0.0645789,0.029982774138897442,0.06260940292149948,0.08952905587835781
2026-06-21,MEM-BOS,0.0565,0.041224483,0.054250333,0.06753898,0.017929459165629658,0.04865546760729833,0.07869717429365844
2026-06-22,MEM-BOS,0.0395,0.033998013,0.04362371,0.05214194,-0.01156622840425552,0.01940224214538353,0.04786629189823456
2026-06-23,MEM-BOS,0.0411,0.033842843,0.04353883,0.052519206,0.022083082643680287,0.05421462790376911,0.08309601550485411
2026-06-24,MEM-BOS,0.036,0.033752207,0.04355201,0.052834958,0.020609461326455407,0.05112787696140784,0.08088019424774079
2026-06-25,MEM-BOS,0.1234,0.114641674,0.15616101,0.17036799,0.0730695581729629,0.1010118953732464,0.13154890542032496
2026-06-26,MEM-BOS,0.0343,0.03382426,0.043574728,0.052001793,-0.00925032444771778,0.023297488306635153,0.05600953480463883
2026-06-27,MEM-BOS,0.07,0.04134233,0.05351463,0.06872799,0.02024805147084825,0.050172690881655574,0.08130291858902694
2026-06-28,MEM-BOS,0.0706,0.041094147,0.053399976,0.06846777,0.01853950249477921,0.049628574781010674,0.08018976015187276
2026-06-29,MEM-BOS,0.0423,0.033755157,0.043128733,0.053290192,0.01605048492143625,0.04612568299585673,0.07627482639149859
2026-06-30,MEM-BOS,0.0361,0.03395619,0.043882817,0.05347582,0.00428836708029118,0.03342534699532926,0.06291710386382696
2026-07-01,MEM-BOS,0.0383,0.034069993,0.043366406,0.052934997,0.016976155962185664,0.04745721818792473,0.0779600643932937
2026-07-02,MEM-BOS,0.0432,0.034409285,0.043834236,0.053549036,-0.00424257835180892,0.026121199453225965,0.05561053792358663
2026-07-03,MEM-BOS,0.0439,0.034077533,0.04350593,0.05287446,0.030810295249922695,0.06085524667220624,0.0888973476645154
2026-07-04,MEM-BOS,0.1111,0.04020541,0.053819153,0.06884339,0.02876059479312499,0.059482102122945496,0.08993202238211429
2026-07-05,MEM-BOS,0.0692,0.041453317,0.055632513,0.06727787,0.04618802548690885,0.07611530212876842,0.10774725598882662
2026-07-06,MEM-BOS,0.0385,0.03397114,0.043271367,0.05333855,0.006563505218656621,0.03516584710335882,0.06452657341939197
2026-07-07,MEM-BOS,0.0574,0.034114625,0.04322566,0.052934997,0.013149395967811362,0.04131724428033932,0.07313084498202416
2026-07-08,MEM-BOS,0.0384,0.034329414,0.043903273,0.05290482,-0.000846213682768847,0.028606744074860517,0.05773376757628374
2026-07-09,MEM-BOS,0.0384,0.034217026,0.04379955,0.053394243,0.032804854940902003,0.061232949102871366,0.09294372619223622
2026-07-10,MEM-BOS,0.0396,0.03411816,0.043681007,0.053354338,0.010231238875814553,0.04125091088162289,0.07124827207906086
2026-07-11,MEM-BOS,0.0531,0.04165375,0.05457524,0.06850671,0.011539098013429736,0.043160107213678425,0.07269510846625354
2026-07-12,MEM-BOS,0.0619,0.04213975,0.057746332,0.06825713,0.0556650572864431,0.08897825543763987,0.12015393258174258
2026-07-13,MEM-BOS,0.0565,0.03435827,0.043316554,0.052949917,-0.0038396069412436015,0.024765993098613156,0.052641286418118154
2026-07-14,MEM-BOS,0.0338,0.034173373,0.04352334,0.053354338,0.021008129100746245,0.050928061953029256,0.08153563365331135
2026-07-15,MEM-BOS,0.0487,0.034014776,0.04367513,0.052930158,0.0072041175215454304,0.03819522620041042,0.06764804874927573
2026-07-16,MEM-BOS,0.0595,0.034256782,0.04347018,0.052828435,0.029624966368956014,0.0599070688234258,0.08896681073313861
2026-07-17,MEM-BOS,0.0519,0.03427482,0.043249447,0.053354338,0.03595806215985493,0.06354921257366229,0.09593842463320318
2026-07-18,MEM-BOS,0.0449,0.04194668,0.054442335,0.068290025,0.032508221757093975,0.06253230376845914,0.09298876398653369
2026-07-19,MEM-BOS,0.0568,0.04127548,0.054513615,0.06863456,0.04100248178160799,0.06838301486378809,0.09846467897663287
2026-07-20,MEM-BOS,0.0458,0.033995036,0.043258004,0.053354338,0.026860407772290627,0.05841666842163166,0.08980646845050512
2026-07-21,MEM-BOS,0.0443,0.034125388,0.04383984,0.052347098,0.03177812701895812,0.0631465224278282,0.09199895633557058
2026-07-22,MEM-BOS,0.0433,0.034186788,0.043972693,0.05347582,-0.0018921300138151286,0.028044337841852653,0.058790918673969586
2026-07-23,MEM-BOS,0.0395,0.033838596,0.04362181,0.053338103,0.031004743780321725,0.06226864173680855,0.09121090355053106
2026-07-24,MEM-BOS,0.0432,0.03431138,0.043539405,0.053354338,0.02046574015180859,0.052364215393125677,0.08424181343436615
2026-07-25,MEM-BOS,0.0475,0.040672705,0.05400515,0.06870833,0.03903553484947443,0.06927373326406334,0.09872818764945836
2026-07-26,MEM-BOS,0.0569,0.0423226,0.054854814,0.0686508,0.04968287108976067,0.07851594022201636,0.10774353082787039
2026-07-27,MEM-BOS,0.0434,0.03462196,0.044032507,0.053366493,0.02079820297363058,0.050558599185952034,0.08017429029214179
2026-07-28,MEM-BOS,0.0626,0.034036577,0.043636635,0.053273115,0.012625316022351629,0.04253346224046478,0.07086574415235525
2026-07-29,MEM-BOS,0.0345,0.034485996,0.043387175,0.053354338,0.007839034645834362,0.038558247971199604,0.06968865530644996
2026-07-30,MEM-BOS,0.0398,0.034124404,0.04381216,0.053394243,0.031142679964073394,0.06355870688387956,0.09402587241499422
2026-07-31,MEM-BOS,0.0474,0.034314644,0.044084255,0.053515725,0.0025495714001477227,0.03466529438567638,0.06478416156264158
2026-08-01,MEM-BOS,0.0644,0.04120132,0.053659797,0.06843947,0.02685991100324379,0.0555778569706914,0.08549325195854499
2026-08-02,MEM-BOS,0.0525,0.04127106,0.05423872,0.06865111,0.024763789383928023,0.05419962364880756,0.08471910936248295
2026-08-03,MEM-BOS,0.0383,0.034166466,0.043562714,0.053354338,0.034565015049915666,0.0655343536034622,0.09354471966617502
2026-08-04,MEM-BOS,0.0428,0.034469113,0.04361054,0.053414688,0.020877725804194225,0.05118941035454526,0.08002777789056648
2026-08-05,MEM-BOS,0.0415,0.03412782,0.043626685,0.05291472,0.008527375670014678,0.03754906414646404,0.06813318543757835
2026-08-06,MEM-BOS,0.0507,0.03404316,0.043580685,0.053354338,0.017676919816707878,0.0480727183635233,0.07810262534765479
2026-08-07,MEM-BOS,0.0395,0.0342502,0.043562345,0.053354338,0.03901671612277377,0.06972784332807,0.10058252222210719
2026-08-08,MEM-BOS,0.0511,0.041103918,0.053843997,0.0686063,0.036498556036788365,0.06719051541607216,0.0963126415131448
2026-08-09,MEM-BOS,0.0488,0.0413926,0.054792237,0.06865111,0.01941630893369749,0.0525976151432402,0.08267194295478598
2026-08-10,MEM-BOS,0.0468,0.03438287,0.04391296,0.05284275,-0.002033209687440678,0.02840308199390072,0.05694763889542438
2026-08-11,MEM-BOS,0.0377,0.034635674,0.044032507,0.053366814,0.022380486890628114,0.05383148595092963,0.08584118969208174
2026-08-12,MEM-BOS,0.0465,0.034145594,0.04393911,0.053368654,0.0016663015675021972,0.03262270037575527,0.06265776251696503
2026-08-13,MEM-BOS,0.0362,0.034559917,0.04417786,0.053394597,0.0055078121616038865,0.03885343853980195,0.06986977971255319
2026-08-14,MEM-BOS,0.0458,0.034219384,0.044028446,0.053368654,0.007580556699990201,0.03774669816403909,0.0691431372588927
2026-08-15,MEM-BOS,0.0471,0.041359235,0.054762688,0.06870864,0.019518082430232214,0.049979970537240695,0.0809214424989678
2026-08-16,MEM-BOS,0.0502,0.04087244,0.053841837,0.06865111,0.02686131355852869,0.05995242693015975,0.08678268479275468
2026-08-17,MEM-BOS,0.049,0.034470104,0.043524876,0.053247172,0.02321968410927334,0.054035756089207534,0.08293201489215754
2026-08-18,MEM-BOS,0.0364,0.034230698,0.043501835,0.052691493,0.028826767894809115,0.05655222694212551,0.08627110077942411
2026-08-19,MEM-BOS,0.0454,0.03445056,0.04391495,0.053368654,0.0007798415459512679,0.030769502432056044,0.06122663545706201
2026-08-20,MEM-BOS,0.0528,0.034240875,0.043763928,0.052904636,0.00652563415997382,0.034345426688729655,0.0647194258908206
2026-08-21,MEM-BOS,0.0548,0.034419835,0.043580685,0.053354338,0.021494023134930918,0.05124008412951634,0.08294091607412402
2026-08-22,MEM-BOS,0.056,0.041511852,0.05366208,0.06870864,0.035417659461608325,0.06576831521721718,0.0956924047331572
2026-08-23,MEM-BOS,0.0617,0.04128869,0.05400158,0.068381935,0.020793881652207212,0.04918999065229928,0.07869893410238864
2026-05-26,MEM-DEN,0.0522,0.03563695,0.04464262,0.05482213,0.037785485953109356,0.06649398955556524,0.09840766706112282
2026-05-27,MEM-DEN,0.0364,0.0382487,0.04535942,0.12740423,0.05115209287472458,0.08217594961331487,0.11392715241652632
2026-05-28,MEM-DEN,0.0624,0.03596271,0.044955574,0.05488655,-0.0016378998417660275,0.02888788507891286,0.060600134141938225
2026-05-29,MEM-DEN,0.0476,0.036257688,0.043970793,0.05448074,-0.004179484907802582,0.02851162737769183,0.05815841602155097
2026-05-30,MEM-DEN,0.06,0.04417701,0.056734692,0.07233871,0.0240777892764734,0.05503871991588785,0.08497699217873073
2026-05-31,MEM-DEN,0.0529,0.04421557,0.056431454,0.072355926,0.023895677022277607,0.05215776184672576,0.08203525476819491
2026-06-01,MEM-DEN,0.0456,0.035933096,0.04481235,0.0553326,0.02634562758960022,0.05668609464479274,0.08630080739231676
2026-06-02,MEM-DEN,0.0501,0.035897408,0.044881042,0.05482213,0.024700971656201724,0.05445197933128543,0.08690574939915101
2026-06-03,MEM-DEN,0.0565,0.036111128,0.044722132,0.05490883,0.019349843449596834,0.04999895571915318,0.07876963133244257
2026-06-04,MEM-DEN,0.0386,0.036223765,0.045942064,0.05500396,0.002041539189774888,0.03432693272395626,0.06315303776700941
2026-06-05,MEM-DEN,0.0413,0.035714883,0.044777703,0.05482213,0.021683765094058748,0.050920942659774315,0.0792993487655003
2026-06-06,MEM-DEN,0.0588,0.044171024,0.056386735,0.07134341,0.018666386883326037,0.04861224853207346,0.08043135377998224
2026-06-07,MEM-DEN,0.0395,0.04391568,0.056068234,0.07239041,0.01938821629633914,0.05045439805549581,0.08057059879933123
2026-06-08,MEM-DEN,0.0424,0.03563695,0.044650827,0.05482213,0.03225525612378239,0.06305993545535193,0.09733783274705528
2026-06-09,MEM-DEN,0.0486,0.03586418,0.045314036,0.05520376,0.012170736019703527,0.041797291546368506,0.07179885045795864
2026-06-10,MEM-DEN,0.0449,0.036031313,0.044974066,0.05482213,0.02574077027255754,0.05635821067839087,0.08639999720920842
2026-06-11,MEM-DEN,0.0457,0.036249746,0.045061555,0.055136874,0.0032846610125729634,0.03469388311938656,0.06659603160343691
2026-06-12,MEM-DEN,0.0533,0.035893425,0.04462016,0.054740906,0.01803099160864976,0.047428219076268756,0.07917511309833705
2026-06-13,MEM-DEN,0.09,0.04378199,0.056386735,0.07252128,0.025092643537185856,0.05382867789462505,0.08324874779786821
2026-06-14,MEM-DEN,0.053,0.04378832,0.0554545,0.07124627,0.01947462953635958,0.050644636110497576,0.0813955258214284
2026-06-15,MEM-DEN,0.0448,0.03619981,0.04502086,0.05494361,0.003614121927916226,0.03364175346266591,0.0651277857631539
2026-06-16,MEM-DEN,0.0381,0.035910428,0.04521544,0.055326056,0.018326264584437816,0.04762305946488132,0.08025230745076374
2026-06-17,MEM-DEN,0.039,0.03619446,0.044848897,0.05520376,-0.001564785550707462,0.029752105595502773,0.06119618527089583
2026-06-18,MEM-DEN,0.0476,0.035715476,0.04491974,0.05494361,0.009851307035343902,0.040276195492212105,0.06940892969759196
2026-06-19,MEM-DEN,0.0536,0.03582483,0.04522529,0.05482213,0.011996402194008746,0.04322691672402725,0.07161705545718779
2026-06-20,MEM-DEN,0.0748,0.044065256,0.055991493,0.072413154,0.030510900435114653,0.06083471027050032,0.09122802370741226
2026-06-21,MEM-DEN,0.0544,0.043078344,0.054848846,0.07170618,0.045040163095786505,0.07421173111092881,0.10486067219513122
2026-06-22,MEM-DEN,0.0504,0.03582424,0.04439268,0.05482213,0.02113533942105486,0.049381498420925825,0.08097104116952257
2026-06-23,MEM-DEN,0.0483,0.035814177,0.044635553,0.054419793,0.031091489207437685,0.06392971052812756,0.0948771442981811
2026-06-24,MEM-DEN,0.0368,0.03619981,0.04502086,0.054292936,-0.0013060550135845996,0.030125410541456454,0.06036060877329941
2026-06-25,MEM-DEN,0.038,0.035910428,0.04506555,0.05482213,0.013403242449212933,0.04507668501906824,0.07491808832162476
2026-06-26,MEM-DEN,0.0389,0.03596643,0.045685284,0.05520376,0.011074637709920043,0.04043534392129358,0.06998898891492976
2026-06-27,MEM-DEN,0.0508,0.043599512,0.05574632,0.07147392,0.03516235006209887,0.06505633656702803,0.09703749312078815
2026-06-28,MEM-DEN,0.0331,0.042901095,0.056139678,0.072538495,0.04010069743227832,0.07384811496164476,0.10451351280734518
2026-06-29,MEM-DEN,0.033,0.03551879,0.044686,0.054714963,0.027715623865175176,0.05790656794007162,0.08902690122836933
2026-06-30,MEM-DEN,0.0429,0.03530865,0.044563834,0.054714963,0.03764507064053731,0.06843712484576017,0.10040399303582309
2026-07-01,MEM-DEN,0.0512,0.03565236,0.04402938,0.054344315,0.013319719700052033,0.04338577414714253,0.07257440278483702
2026-07-02,MEM-DEN,0.0507,0.035877872,0.04437302,0.05428285,0.012791849831772732,0.042475230639380704,0.07335131949025946
2026-07-03,MEM-DEN,0.049,0.036003973,0.04464215,0.05485629,0.013417763967963113,0.04550686608917719,0.07445813422434765
2026-07-04,MEM-DEN,0.0638,0.041358247,0.057236146,0.0724573,0.03665564146161071,0.06583473499345607,0.09781423653991277
2026-07-05,MEM-DEN,0.0443,0.042889066,0.05588172,0.07112105,0.009912702707751218,0.04326547868218075,0.07209661131207964
2026-07-06,MEM-DEN,0.0485,0.036341164,0.044371244,0.054285448,0.010058845873046174,0.042690822862027196,0.07408801502626351
2026-07-07,MEM-DEN,0.0495,0.03626392,0.04453172,0.05482213,0.03217655878237405,0.06371185075771355,0.0955604980361527
2026-07-08,MEM-DEN,0.0416,0.036262047,0.045660894,0.05494361,0.002673582634376492,0.030784179450914266,0.060242613629441256
2026-07-09,MEM-DEN,0.0553,0.035763014,0.044697937,0.05482213,0.034685543721220624,0.06661883123363649,0.09597273633080133
2026-07-10,MEM-DEN,0.0471,0.036049325,0.045115568,0.05482213,0.016284019479265666,0.04589583720030788,0.07747283229610326
2026-07-11,MEM-DEN,0.07,0.0443496,0.055824682,0.07252128,0.01894141212056969,0.05063832065485195,0.08138860088789127
2026-07-12,MEM-DEN,0.0668,0.043100327,0.055076852,0.07194176,0.03378380942072466,0.06322329945281197,0.092955277847744
2026-07-13,MEM-DEN,0.028,0.03573354,0.04404036,0.054757982,0.0211758297154135,0.0540162054495855,0.08420951526845431
2026-07-14,MEM-DEN,0.0341,0.03608758,0.044635132,0.05482213,0.020639993100081036,0.051464580100952555,0.0825917966561279
2026-07-15,MEM-DEN,0.0493,0.03633111,0.044557456,0.055082276,0.016783161545862166,0.04772537197621059,0.07884341674227549
2026-07-16,MEM-DEN,0.0516,0.036397863,0.045626838,0.055447537,0.007431030653890258,0.03893267548331379,0.06734266643576235
2026-07-17,MEM-DEN,0.0459,0.03623946,0.044677842,0.05482213,0.014188065482998976,0.04443712831895248,0.07490378764870098
2026-07-18,MEM-DEN,0.0518,0.044141073,0.055847537,0.07256124,0.021527859067726,0.0541311702349637,0.08506422728950074
2026-07-19,MEM-DEN,0.0469,0.043268386,0.055158883,0.072010174,0.031514742548622514,0.06586285873969441,0.09543047935490044
2026-07-20,MEM-DEN,0.0279,0.035894245,0.044443857,0.053978,0.028201311596211136,0.05690156721083652,0.08732626513470863
2026-07-21,MEM-DEN,0.0522,0.035212483,0.045141015,0.054982886,0.005177426477487448,0.03470508970737048,0.06552141274758122
2026-07-22,MEM-DEN,0.0361,0.035445668,0.04479022,0.05482213,0.03640125611402559,0.06569779840010971,0.09627148931020092
2026-07-23,MEM-DEN,0.0478,0.036056858,0.04493557,0.055082276,0.027640706492822104,0.05830251527639767,0.0886645463243015
2026-07-24,MEM-DEN,0.0314,0.03624268,0.044557527,0.054714963,0.02295986395168598,0.05264567324708476,0.08330350871608579
2026-07-25,MEM-DEN,0.056,0.043875355,0.056569472,0.07150773,0.0376485327204911,0.06882548184149098,0.09873222515361615
2026-07-26,MEM-DEN,0.0571,0.043678258,0.05647493,0.072538495,0.028099155748874217,0.059687753406735676,0.09144372794535705
2026-07-27,MEM-DEN,0.0374,0.035970576,0.0442229,0.05389559,0.006977297782948287,0.0380107520411709,0.07067790312787446
2026-07-28,MEM-DEN,0.0382,0.03598323,0.045300752,0.054740906,0.012438596696232549,0.0434036617610419,0.07529858088226521
2026-07-29,MEM-DEN,0.0464,0.035904083,0.044609465,0.054510895,0.002427847981787747,0.03022747061465499,0.060294155651290794
2026-07-30,MEM-DEN,0.0424,0.036451843,0.04540766,0.055454083,-0.0009500309214792234,0.031001857179603888,0.0627441380153301
2026-07-31,MEM-DEN,0.0301,0.03515543,0.04443232,0.054096226,0.01690733977693782,0.047714295966047024,0.07791013234576563
2026-08-01,MEM-DEN,0.0476,0.04491476,0.05571695,0.07073814,0.024144948774916054,0.05405898160220927,0.08686824458984128
2026-08-02,MEM-DEN,0.0582,0.044300687,0.055319075,0.07119675,0.04723469848459242,0.07866060551308074,0.10572797315088728
2026-08-03,MEM-DEN,0.0403,0.03604017,0.044546053,0.05430024,-0.00490293218965739,0.027103587120263287,0.05830950387329126
2026-08-04,MEM-DEN,0.1802,0.041850597,0.08004013,0.15628019,0.06554857820481708,0.0962072373893828,0.1282612646289004
2026-08-05,MEM-DEN,0.1802,0.035650235,0.045658264,0.07387651,0.04371347867586714,0.07497173874654903,0.10430658981094298
2026-08-06,MEM-DEN,0.0471,0.03640634,0.045094114,0.054723833,0.0006873922666390047,0.02969528533132212,0.059031256595920976
2026-08-07,MEM-DEN,0.0477,0.035496786,0.045031115,0.054118864,0.025745525639982142,0.05478741124245466,0.08439850279337772
2026-08-08,MEM-DEN,0.0512,0.044113882,0.05787292,0.07255314,0.036016524459284965,0.0671142330533221,0.09958496412458716
2026-08-09,MEM-DEN,0.0459,0.044032626,0.058064427,0.07255413,0.04648793128355459,0.07599448933766323,0.10739048271221753
2026-08-10,MEM-DEN,0.055,0.035666388,0.04538859,0.05494361,-0.00569438324267065,0.02657191804981348,0.05673899068825842
2026-08-11,MEM-DEN,0.0465,0.036494654,0.046078008,0.055065364,0.0030011511226815364,0.03493002336336622,0.06504555958706768
2026-08-12,MEM-DEN,0.0351,0.036271214,0.045645453,0.054943882,0.026929346578954093,0.05853767966542484,0.0924731516424755
2026-08-13,MEM-DEN,0.0479,0.036214467,0.045627378,0.05494361,0.00670208959531221,0.037427197848350253,0.06899161919141651
2026-08-14,MEM-DEN,0.0393,0.036243852,0.045532975,0.05477377,0.034834455393245534,0.06487501564102585,0.09416665687412795
2026-08-15,MEM-DEN,0.0748,0.043700594,0.05704328,0.070989676,0.009469208706647308,0.04169407914440186,0.07147320459687505
2026-08-16,MEM-DEN,0.0386,0.045169845,0.05694001,0.07263231,0.010085241740461902,0.040064777222265896,0.06904706894101226
2026-08-17,MEM-DEN,0.0578,0.036191028,0.045322586,0.05482213,0.01592570989720686,0.045181017247357694,0.07453753844047091
2026-08-18,MEM-DEN,0.0417,0.036750343,0.044843186,0.05535207,0.02153319117753746,0.05178080719997136,0.08159970512866778
2026-08-19,MEM-DEN,0.0472,0.036803927,0.044354156,0.05443396,-0.0016053541438162532,0.028021043321094508,0.058120330081662015
2026-08-20,MEM-DEN,0.0504,0.03623946,0.04504267,0.05482213,0.012814735960982138,0.041303933368718335,0.07206304743587495
2026-08-21,MEM-DEN,0.0548,0.03629229,0.044677842,0.05419108,0.013257948071119694,0.04369850737364955,0.07458242903781234
2026-08-22,MEM-DEN,0.0593,0.043811027,0.05546293,0.0725807,0.029099949689666702,0.060054247777548,0.090406371555303
2026-08-23,MEM-DEN,0.056,0.043757375,0.056023095,0.07127316,0.016525870385016492,0.04814273819475885,0.07811648722652205
2026-05-26,MEM-DFW,0.0324,0.03241999,0.037953813,0.046052884,0.01677339615565004,0.03842879887737584,0.06016634674554245
2026-05-27,MEM-DFW,0.0364,0.032228358,0.03690207,0.046242654,0.04553964376970532,0.06614198025573076,0.08732439268381684
2026-05-28,MEM-DFW,0.0341,0.032428034,0.03826805,0.046560302,0.01492416267644234,0.03658176141745668,0.058035612181912
2026-05-29,MEM-DFW,0.0343,0.03227683,0.037950743,0.046560302,0.029465603205960592,0.050649447361288825,0.07314900064451828
2026-05-30,MEM-DFW,0.057,0.038352706,0.048149098,0.0590352,0.03540100183294472,0.056697994804914484,0.07850335537516713
2026-05-31,MEM-DFW,0.0584,0.038589165,0.049198177,0.059342857,0.044640584107798656,0.06464326598095918,0.08555720243330227
2026-06-01,MEM-DFW,0.0394,0.032602817,0.038070623,0.045899812,0.02520522888003239,0.04574533507201326,0.06833483269367882
2026-06-02,MEM-DFW,0.0254,0.03169242,0.037815083,0.04578385,0.02557901710175465,0.04729465724144669,0.06850779874422991
2026-06-03,MEM-DFW,0.0425,0.031728085,0.03738484,0.046087947,0.035237740218465104,0.05548376872905976,0.07726568623830035
2026-06-04,MEM-DFW,0.0377,0.031992916,0.038141437,0.045643605,0.02613672102903308,0.04646991400399422,0.06692613867651306
2026-06-05,MEM-DFW,0.0317,0.032209273,0.037825108,0.04561383,0.016748436771871208,0.03599971466307822,0.05834225830613348
2026-06-06,MEM-DFW,0.0587,0.041025832,0.048431937,0.06079679,0.05695340308700336,0.07885855266680228,0.10142592881008292
2026-06-07,MEM-DFW,0.0437,0.037383456,0.049127124,0.060612388,0.046285560712144555,0.06673869261959031,0.09051911348850027
2026-06-08,MEM-DFW,0.0476,0.032146424,0.038149584,0.04606353,0.016524595700610704,0.03633827826028743,0.05776392004416866
2026-06-09,MEM-DFW,0.0403,0.03171097,0.036990706,0.044542108,0.03279419826207021,0.05394938362828576,0.07575263089522749
2026-06-10,MEM-DFW,0.0361,0.031804394,0.03813962,0.04620703,0.016260765656915782,0.03733024581275813,0.057857301309619684
2026-06-11,MEM-DFW,0.0343,0.03174205,0.0379034,0.045785576,0.01885950404749434,0.039915023326624874,0.06067834648391112
2026-06-12,MEM-DFW,0.0425,0.031522814,0.037723273,0.045496956,0.024675664190158535,0.04602284627330885,0.06804105271503261
2026-06-13,MEM-DFW,0.0403,0.040381562,0.049921785,0.059571784,0.021923124943863302,0.0429480150916983,0.06479228534705814
2026-06-14,MEM-DFW,0.0536,0.03847737,0.049543574,0.059629083,0.033993520077384945,0.05456895743137642,0.07590610158511063
2026-06-15,MEM-DFW,0.0405,0.032712407,0.03833276,0.04598196,0.007141026606173206,0.028834174357162595,0.050761706373721065
2026-06-16,MEM-DFW,0.0369,0.031866804,0.038043186,0.04599846,0.015574751748024824,0.03669560064383286,0.0588201580319886
2026-06-17,MEM-DFW,0.0432,0.031712353,0.03787074,0.04584615,0.026232841054776874,0.04735475563700279,0.06896986825160795
2026-06-18,MEM-DFW,0.0456,0.03177996,0.03795051,0.045740515,0.019471258546084377,0.04066393088422238,0.06130561609976999
2026-06-19,MEM-DFW,0.0388,0.032063592,0.03805315,0.04617856,0.015307274265974611,0.035795174246515196,0.05800816957797057
2026-06-20,MEM-DFW,0.0612,0.03897426,0.050303344,0.061366055,0.048149042968894884,0.07004630180009787,0.09077767561268409
2026-06-21,MEM-DFW,0.0443,0.037919536,0.04871508,0.060986448,0.04310254923956086,0.06700503838678626,0.0881287241587835
2026-06-22,MEM-DFW,0.0383,0.03204417,0.03814053,0.04650559,0.03070442029856738,0.05071557938659373,0.07064600191679289
2026-06-23,MEM-DFW,0.0412,0.031766217,0.03800318,0.04580105,0.03017481159213136,0.05080683642940984,0.07199595120191399
2026-06-24,MEM-DFW,0.0364,0.031904012,0.038212217,0.04620703,0.015145435353133868,0.035780176013536516,0.05754284636605829
2026-06-25,MEM-DFW,0.0335,0.03223945,0.037974253,0.04620703,0.02419890838472036,0.045190255538580616,0.06525755666683414
2026-06-26,MEM-DFW,0.0356,0.031797975,0.037865754,0.045830674,0.01654122748681766,0.038581178363041216,0.05748647037959607
2026-06-27,MEM-DFW,0.0568,0.03890438,0.048678663,0.059103023,0.02401797679627436,0.04383652504001953,0.06495538717603162
2026-06-28,MEM-DFW,0.043,0.038795184,0.0491821,0.05975655,0.03685788669034111,0.05837852565984325,0.07994906881983993
2026-06-29,MEM-DFW,0.0303,0.03220769,0.038125426,0.045785576,0.012664991795763319,0.032268735578154996,0.053721584218516374
2026-06-30,MEM-DFW,0.0349,0.031635914,0.03784605,0.04598073,0.032197425555110064,0.052894160429211134,0.07415319363975295
2026-07-01,MEM-DFW,0.0373,0.031795397,0.037704676,0.04561985,0.037985698586930954,0.05878751987355636,0.079328985136578
2026-07-02,MEM-DFW,0.0553,0.03182424,0.037884135,0.045415815,0.02827805820394598,0.04889169483711768,0.07156415718457808
2026-07-03,MEM-DFW,0.0342,0.0321667,0.037974257,0.04569887,0.021867844248291978,0.04335101840167997,0.0644354268919601
2026-07-04,MEM-DFW,0.0539,0.038945448,0.049739875,0.059487447,0.039814957019207925,0.06107780507111371,0.08330681082873187
2026-07-05,MEM-DFW,0.0528,0.038669437,0.048694026,0.05898201,0.03421134777233237,0.0547347272458756,0.0752529112681921
2026-07-06,MEM-DFW,0.0358,0.032787234,0.037948146,0.045079652,0.04895029017934799,0.0694218707310531,0.09040453489876873
2026-07-07,MEM-DFW,0.037,0.03195007,0.037687775,0.04577014,0.015186098964130007,0.03681496588842876,0.05784573242653502
2026-07-08,MEM-DFW,0.0319,0.03202678,0.037889313,0.045201093,0.047075265045896396,0.06898808695687497,0.0907499700975702
2026-07-09,MEM-DFW,0.0358,0.032541167,0.038186822,0.046035063,0.015377851651824795,0.0368574446302448,0.058117357046466776
2026-07-10,MEM-DFW,0.0439,0.031939104,0.037711933,0.045581542,0.01816070435685129,0.03870650489757847,0.06153991584748965
2026-07-11,MEM-DFW,0.0523,0.039034028,0.0497877,0.059793334,0.04364969591965208,0.06333413144542246,0.08355836759993529
2026-07-12,MEM-DFW,0.0395,0.039061707,0.04856338,0.05898201,0.043367842277276254,0.06407067747777133,0.08467445475750868
2026-07-13,MEM-DFW,0.0434,0.03129348,0.037980422,0.045577116,0.0465656649993514,0.06837338493321754,0.08995412063958942
2026-07-14,MEM-DFW,0.0407,0.03179379,0.038041256,0.04580105,0.03934085885017254,0.05904480525820141,0.08136327566513121
2026-07-15,MEM-DFW,0.035,0.031744316,0.03797201,0.045522287,0.03449330410825271,0.054010644659163574,0.07375718414158319
2026-07-16,MEM-DFW,0.0458,0.032053657,0.037822247,0.045770492,0.014813803278911554,0.03499331768958389,0.05560535189076455
2026-07-17,MEM-DFW,0.0274,0.03221025,0.038075715,0.046125457,0.0207166115492383,0.04316250918893024,0.06335068621885694
2026-07-18,MEM-DFW,0.0491,0.03899334,0.049694985,0.05930878,0.028166417427756836,0.05048833954414996,0.07210557740506575
2026-07-19,MEM-DFW,0.0563,0.038622,0.049176574,0.05975655,0.02876750092031783,0.04902977678054289,0.07086814053558183
2026-07-20,MEM-DFW,0.0356,0.03240302,0.038075715,0.04598196,0.02643683317278607,0.04626539447258671,0.06690701343311155
2026-07-21,MEM-DFW,0.0491,0.031999875,0.038001753,0.04606353,0.012079018374680124,0.03241615385038013,0.054123241348430176
2026-07-22,MEM-DFW,0.0359,0.032269716,0.037842985,0.0456704,0.012994435634659811,0.03336800124331898,0.05313311211160458
2026-07-23,MEM-DFW,0.0349,0.031841878,0.037974253,0.04620703,0.033410015961362574,0.054802088725768375,0.07600699147971116
2026-07-24,MEM-DFW,0.0378,0.031576257,0.037037045,0.045567386,0.032970481109298844,0.05351927586745229,0.07593781129648806
2026-07-25,MEM-DFW,0.0513,0.038479075,0.049090166,0.05958802,0.04240818532716068,0.06337687887310746,0.08530925588470059
2026-07-26,MEM-DFW,0.0468,0.039842084,0.04864009,0.059004627,0.03640974780655936,0.056760809733993785,0.07756072088144146
2026-07-27,MEM-DFW,0.0434,0.0326103,0.037842575,0.04574397,0.01313525755672813,0.03314508006575497,0.05373714312272986
2026-07-28,MEM-DFW,0.0363,0.032267023,0.038247913,0.04620703,0.02563510759656567,0.04636862105913645,0.06698181514062247
2026-07-29,MEM-DFW,0.0469,0.03180081,0.037765272,0.045785576,0.01602474496667968,0.03596926119740396,0.058147861239495544
2026-07-30,MEM-DFW,0.0309,0.032484174,0.037876334,0.045582004,0.009445746678086299,0.03017217464830004,0.050831082093122926
2026-07-31,MEM-DFW,0.0332,0.03182555,0.037711293,0.045720506,0.016563913373564682,0.038682456162730625,0.059356965025618214
2026-08-01,MEM-DFW,0.0565,0.038400363,0.048978806,0.05927231,0.04326360492010344,0.06385353180736265,0.08432530348503514
2026-08-02,MEM-DFW,0.0436,0.039806202,0.050402727,0.06149536,0.05119393464234549,0.07249384870711226,0.09376958029300261
2026-08-03,MEM-DFW,0.1639,0.040379208,0.0877125,0.14339232,0.04992449500371371,0.07166754004613536,0.09212246982075338
2026-08-04,MEM-DFW,0.0891,0.10804013,0.13716514,0.14900687,0.06870130718032855,0.09028983464821927,0.1116832287015757
2026-08-05,MEM-DFW,0.0443,0.03261742,0.038367957,0.046305716,0.01924003702177193,0.04069439311550889,0.05978030761156014
2026-08-06,MEM-DFW,0.0345,0.03226467,0.038113397,0.045829017,0.022607362229684385,0.04358679141937161,0.06507960851795404
2026-08-07,MEM-DFW,0.041,0.03203283,0.03763692,0.046007786,0.03439319670608157,0.05615215009417593,0.07867767673757799
2026-08-08,MEM-DFW,0.0433,0.039687432,0.050511397,0.06089554,0.041235913815771984,0.06182842807786519,0.08300834295796067
2026-08-09,MEM-DFW,0.0509,0.03921005,0.050512936,0.05974656,0.04011443738438146,0.060507643124605145,0.08115952390596763
2026-08-10,MEM-DFW,0.0446,0.03276564,0.038621012,0.04647873,0.023753536904962246,0.04520076986872787,0.06627642624591905
2026-08-11,MEM-DFW,0.0407,0.03243732,0.03826395,0.046560302,0.029060930858033233,0.04975048099609074,0.06879195211331314
2026-08-12,MEM-DFW,0.0407,0.03208725,0.03813673,0.04650559,0.026280313697662844,0.04781158488632344,0.06841645170852473
2026-08-13,MEM-DFW,0.0431,0.032216914,0.037940543,0.04602741,0.029038774542257822,0.050868555221147305,0.07261430591283254
2026-08-14,MEM-DFW,0.0384,0.032321192,0.038149584,0.04650559,0.01459793054424389,0.03647225257065731,0.057239864446629624
2026-08-15,MEM-DFW,0.0481,0.038582303,0.049750447,0.060381908,0.03258646268300277,0.05216470280098928,0.07302684849582627
2026-08-16,MEM-DFW,0.0375,0.038949944,0.04898299,0.05995036,0.040283146719984064,0.06267154472785529,0.08475607046560715
2026-08-17,MEM-DFW,0.0392,0.031312976,0.038428344,0.04671772,0.04674160356114559,0.06732607601444957,0.09023275313052202
2026-08-18,MEM-DFW,0.0267,0.032362565,0.038155835,0.04652911,0.021531139606061855,0.04150586942920284,0.062481318279652094
2026-08-19,MEM-DFW,0.0384,0.031837475,0.037840553,0.04583723,0.017657832659897545,0.03886353883888303,0.059197447798414335
2026-08-20,MEM-DFW,0.0367,0.03187707,0.038078424,0.04583723,0.03537531246016129,0.05817371412164454,0.08012089704400611
2026-08-21,MEM-DFW,0.0371,0.03200005,0.038003176,0.045460876,0.026854746885791952,0.04691597919469499,0.06763847480992183
2026-08-22,MEM-DFW,0.0539,0.038815428,0.04843592,0.059018794,0.039449806665114044,0.05992624692129749,0.0813555314995472
2026-08-23,MEM-DFW,0.0406,0.03847777,0.049650196,0.060797933,0.053512126484160295,0.07410665528360111,0.0953659956579469
2026-05-26,MEM-JFK,0.0363,0.03687692,0.044050958,0.052082058,0.013434321422184323,0.04017337823119596,0.06467561872749782
2026-05-27,MEM-JFK,0.0366,0.036671624,0.043942425,0.052500598,0.030836960657534707,0.05727348351804341,0.0845103125757513
2026-05-28,MEM-JFK,0.0443,0.036643654,0.04375776,0.052118897,0.031421956553932394,0.05623825626581519,0.08308336189261398
2026-05-29,MEM-JFK,0.0399,0.036644883,0.04392514,0.05207054,0.02815194556834592,0.053421399914856095,0.08207170941404526
2026-05-30,MEM-JFK,0.0626,0.047517143,0.05666716,0.06832495,0.032035713246245816,0.05931549047944437,0.08582501999265357
2026-05-31,MEM-JFK,0.0396,0.044853393,0.05521532,0.06853724,0.045931960034539594,0.07078320490691509,0.09831574713575293
2026-06-01,MEM-JFK,0.0503,0.036815245,0.044128276,0.05271671,0.014029997279758172,0.04099076701622387,0.06880575866964078
2026-06-02,MEM-JFK,0.0408,0.03654816,0.04415301,0.05203543,0.0020624075623006037,0.029725233763223453,0.05556377292446678
2026-06-03,MEM-JFK,0.0428,0.036808927,0.044332113,0.052361876,0.011290233583901495,0.038129290243438405,0.06468067383498538
2026-06-04,MEM-JFK,0.041,0.036777735,0.044397943,0.052674755,0.04762311647591911,0.07355520413359325,0.10135104459065895
2026-06-05,MEM-JFK,0.036,0.036822952,0.044256363,0.052011732,0.01060254631815665,0.03768587817462248,0.06400156933227359
2026-06-06,MEM-JFK,0.0494,0.045954984,0.056482162,0.06830872,0.03403367913925665,0.058325325717628544,0.08482113502749253
2026-06-07,MEM-JFK,0.0631,0.04646781,0.056952555,0.0685448,0.029488140370288955,0.05370551205062656,0.08066583982342398
2026-06-08,MEM-JFK,0.0365,0.03713718,0.04388578,0.052037675,0.016845146958188135,0.04301010973399333,0.07007821033547106
2026-06-09,MEM-JFK,0.0462,0.036606457,0.04400105,0.052011732,0.010488167320840477,0.03785666353999522,0.06523844148762302
2026-06-10,MEM-JFK,0.0442,0.036635228,0.04409925,0.052011732,0.01055094906267651,0.03761577388854734,0.06301442740922095
2026-06-11,MEM-JFK,0.044,0.036745615,0.04407217,0.052011732,0.012277512920404344,0.0392469740440444,0.0667210273104627
2026-06-12,MEM-JFK,0.0386,0.036406472,0.04403467,0.052031595,0.02286975730332277,0.05171084151420761,0.07809659758625676
2026-06-13,MEM-JFK,0.0627,0.046537906,0.056649245,0.06832495,0.032152154624784365,0.05758527665984099,0.08495270766427881
2026-06-14,MEM-JFK,0.066,0.04529616,0.05590002,0.06785878,0.03938577092598019,0.06577871242541376,0.09229891683360027
2026-06-15,MEM-JFK,0.0516,0.037026472,0.044120193,0.052835077,-0.001014782117398566,0.024970864186470928,0.053004854282446424
2026-06-16,MEM-JFK,0.0515,0.036671598,0.043934565,0.052118897,0.004360846971334534,0.03173721231546201,0.05995007468409623
2026-06-17,MEM-JFK,0.0384,0.036638517,0.043857258,0.052118897,0.02269597086472644,0.05027526702884859,0.07454640577815422
2026-06-18,MEM-JFK,0.047,0.03659934,0.043832447,0.052118897,0.0179414156800169,0.04541100080863737,0.07120666929533753
2026-06-19,MEM-JFK,0.0418,0.036453016,0.043881416,0.052142594,0.023520665217728293,0.05037165152866198,0.0777518610345809
2026-06-20,MEM-JFK,0.0534,0.04548214,0.05648553,0.06820407,0.02782332578278884,0.05327685060237398,0.08133781234519398
2026-06-21,MEM-JFK,0.0456,0.0454821,0.05581593,0.068250164,0.02941389246750388,0.0553047220475924,0.07992442164754993
2026-06-22,MEM-JFK,0.0409,0.036747992,0.0441592,0.052118897,0.004610914506017001,0.03217792146484229,0.056945504362830024
2026-06-23,MEM-JFK,0.2065,0.11684979,0.14226796,0.18208264,0.08426946249003495,0.10937817969930633,0.1373686254149007
2026-06-24,MEM-JFK,0.0533,0.037231598,0.0445188,0.051765583,0.03630077774724604,0.062280899651203314,0.08869344988427125
2026-06-25,MEM-JFK,0.0447,0.037185624,0.044667248,0.052118897,0.00801711589034459,0.035773032601843974,0.0623592867061059
2026-06-26,MEM-JFK,0.0505,0.036943246,0.044775452,0.052118897,0.0012740987683064636,0.028650021271090925,0.05635857765296779
2026-06-27,MEM-JFK,0.2432,0.13881402,0.1778715,0.21332225,0.12010020993873886,0.14521740732677124,0.17251057691816277
2026-06-28,MEM-JFK,0.068,0.049032222,0.057408478,0.06823307,0.045315019455533685,0.07045827186695158,0.09809178751713844
2026-06-29,MEM-JFK,0.0478,0.037161384,0.04450387,0.052763004,0.028245254380161802,0.05527983370196478,0.08187809786922425
2026-06-30,MEM-JFK,0.0402,0.037095238,0.04420399,0.05244714,0.0203594042533022,0.04698033074464606,0.07233254927230098
2026-07-01,MEM-JFK,0.0464,0.03704867,0.044169184,0.052118897,0.029628295925471247,0.057966561286702654,0.08408011268366712
2026-07-02,MEM-JFK,0.0483,0.037281647,0.044475347,0.052118897,0.02404128151644351,0.05392885813293522,0.07889964669305856
2026-07-03,MEM-JFK,0.059,0.03695132,0.044242837,0.052118897,0.03303651230098349,0.06065156881384583,0.08619691595376895
2026-07-04,MEM-JFK,0.0535,0.044148847,0.056427665,0.068853095,0.022680668231723912,0.048714716543654224,0.07656232276818253
2026-07-05,MEM-JFK,0.0785,0.045206968,0.057047416,0.06758735,0.024391577757338797,0.051226328547401986,0.07590819703279073
2026-07-06,MEM-JFK,0.0403,0.036881447,0.04573857,0.05228242,0.014499294465357993,0.03947558494044028,0.06412626551480777
2026-07-07,MEM-JFK,0.0483,0.03733412,0.04408179,0.052507143,0.035194787628755435,0.06212472346981548,0.08674972061665102
2026-07-08,MEM-JFK,0.0452,0.037191916,0.04438706,0.05277879,0.05079791277590961,0.07661935391981126,0.10384076409905965
2026-07-09,MEM-JFK,0.0484,0.03729096,0.044509877,0.052118897,0.008960886072111835,0.03646570657290908,0.06275266802278033
2026-07-10,MEM-JFK,0.0352,0.037336264,0.04477129,0.05275601,0.030639841783659947,0.0562253059498342,0.08523537137821098
2026-07-11,MEM-JFK,0.1891,0.12694305,0.18859142,0.19321185,0.10307130605321686,0.1290197842775413,0.15330874405391956
2026-07-12,MEM-JFK,0.1476,0.14828353,0.18201889,0.24947229,0.12395041439048382,0.14911182243684787,0.1765495025954004
2026-07-13,MEM-JFK,0.0422,0.03701441,0.0445313,0.051587038,0.03699521936835024,0.0634792452722838,0.08889876163960679
2026-07-14,MEM-JFK,0.0444,0.037007004,0.044470184,0.052118897,0.014910630931494797,0.04201104478880187,0.07058097196952741
2026-07-15,MEM-JFK,0.0343,0.03717869,0.044502776,0.052118897,0.032972799787132,0.05877976824492981,0.08600840003573516
2026-07-16,MEM-JFK,0.0451,0.037180927,0.045108374,0.052118897,0.012509509344566712,0.03889089671915039,0.06488539123050159
2026-07-17,MEM-JFK,0.0459,0.037570536,0.04444679,0.05228937,0.024222558245357344,0.05083184038937156,0.07835712911677137
2026-07-18,MEM-JFK,0.0522,0.045222778,0.056455955,0.06819837,0.03593157168205314,0.06259074891192555,0.0875444024156468
2026-07-19,MEM-JFK,0.0732,0.045513354,0.05687949,0.068288825,0.023995451931680768,0.04962764526155848,0.07553282505582994
2026-07-20,MEM-JFK,0.0381,0.03692468,0.0441544,0.05210311,0.01908356433838482,0.04540849166156572,0.07117956921913442
2026-07-21,MEM-JFK,0.0412,0.0369501,0.044500325,0.052146904,0.04361966743869085,0.06986690836626722,0.09778008115139886
2026-07-22,MEM-JFK,0.0485,0.037266374,0.044529654,0.052082058,0.02684113897183391,0.053941668449399585,0.08115394870773132
2026-07-23,MEM-JFK,0.0394,0.037305165,0.044733834,0.052118897,0.007199825216164177,0.0346652714334086,0.05993766708846129
2026-07-24,MEM-JFK,0.0396,0.037177578,0.044396646,0.052118897,0.011035183249108814,0.03724917685283777,0.06348390506010465
2026-07-25,MEM-JFK,0.0682,0.046292644,0.05735286,0.06823638,0.033317262659345766,0.05837335631734981,0.08541187554682973
2026-07-26,MEM-JFK,0.0695,0.049124967,0.05766158,0.06956374,0.05800342142220981,0.08574909944237369,0.11145120580485494
2026-07-27,MEM-JFK,0.0586,0.03675415,0.044034287,0.052203164,-0.001757126583120427,0.024499676470943383,0.05029685213330706
2026-07-28,MEM-JFK,0.0378,0.03694771,0.04371493,0.052118897,0.020292260032652006,0.0464134080880847,0.07255806780322582
2026-07-29,MEM-JFK,0.039,0.036834612,0.044169683,0.052118897,0.001319844397272124,0.02681802500057081,0.05233368865702341
2026-07-30,MEM-JFK,0.0483,0.037048995,0.043973077,0.052118897,0.009492121717041257,0.037987602094464695,0.06521364499859308
2026-07-31,MEM-JFK,0.0446,0.037032995,0.043997888,0.052118897,0.016975979743226528,0.04328890901040843,0.06833659313093467
2026-08-01,MEM-JFK,0.0564,0.045092132,0.055551443,0.06823258,0.010583071861018563,0.03882668595211144,0.06421814903833764
2026-08-02,MEM-JFK,0.0628,0.045146205,0.05641969,0.06856618,0.04512853421283404,0.07037764034891858,0.09707493996324908
2026-08-03,MEM-JFK,0.0372,0.036924973,0.044763923,0.052102663,0.003186232149104898,0.0313084749344307,0.05589080648320273
2026-08-04,MEM-JFK,0.0503,0.03682991,0.044362266,0.052142594,-0.0057379293705139165,0.021648682863465413,0.04621543157458945
2026-08-05,MEM-JFK,0.0387,0.03724418,0.044443164,0.05126442,-0.00066280589770718,0.02565911341544361,0.05210677136151167
2026-08-06,MEM-JFK,0.0505,0.037008706,0.04404131,0.052118897,0.008154007392735906,0.03322468893010085,0.05984371848289608
2026-08-07,MEM-JFK,0.053,0.036981992,0.044001214,0.052118897,0.016272823614523896,0.04142986277284961,0.0680384939168873
2026-08-08,MEM-JFK,0.0612,0.046390943,0.056367718,0.06852975,0.02982017081201499,0.056401558110466,0.08313014167980706
2026-08-09,MEM-JFK,0.0584,0.045872815,0.056723922,0.06851122,0.02096245328554975,0.04795526911266906,0.07644205261958206
2026-08-10,MEM-JFK,0.0405,0.03713107,0.04426679,0.05287688,0.024947659070619504,0.051787110029926024,0.07898166968367669
2026-08-11,MEM-JFK,0.0329,0.038623933,0.04483339,0.11557534,0.054797224078931825,0.07978364887544624,0.10765437898191337
2026-08-12,MEM-JFK,0.045,0.036903664,0.04388146,0.052142594,0.01734772854945438,0.04364566485878428,0.07112545346611192
2026-08-13,MEM-JFK,0.0446,0.037119094,0.0439791,0.052118897,0.020019529777378507,0.047096321623754864,0.07257076047416525
2026-08-14,MEM-JFK,0.0418,0.03719643,0.044292435,0.052118897,0.006570990635162089,0.034189133498539165,0.059374701874071775
2026-08-15,MEM-JFK,0.0529,0.047579452,0.05656138,0.06832818,0.020342834318620544,0.04566495499825299,0.07210700565774705
2026-08-16,MEM-JFK,0.0465,0.045034,0.056524087,0.06858504,0.03888038982928773,0.06468224561828377,0.09363496701744055
2026-08-17,MEM-JFK,0.045,0.036734227,0.044284787,0.052011732,0.002107619057284077,0.02801723203753574,0.05377270858051699
2026-08-18,MEM-JFK,0.0455,0.03671839,0.04408851,0.052114155,0.022787311892092973,0.0497579253545415,0.07652959474202262
2026-08-19,MEM-JFK,0.0494,0.03635167,0.04406611,0.05206568,0.048508140666111206,0.07526736898340215,0.10161144290950079
2026-08-20,MEM-JFK,0.0336,0.03674855,0.04419991,0.052791715,0.03470250766608019,0.06013194103987762,0.0863408806909934
2026-08-21,MEM-JFK,0.0427,0.03689942,0.04419884,0.05252661,0.02168111892195574,0.04864520060715571,0.07595526719615679
2026-08-22,MEM-JFK,0.0595,0.046815112,0.05666329,0.068344414,0.02762150707307517,0.05461772740268921,0.08210606105566139
2026-08-23,MEM-JFK,0.0762,0.045926966,0.056919888,0.06860127,0.057788901570109304,0.08232335700797343,0.1100243754252458
2026-05-26,MEM-LAX,0.0572,0.041487955,0.04927209,0.058946975,0.037043371153791235,0.0638140350106128,0.08936807834473035
2026-05-27,MEM-LAX,0.0423,0.041719303,0.04961282,0.059135497,0.0059691732541498396,0.032617886710377644,0.05690146011272889
2026-05-28,MEM-LAX,0.0453,0.04162794,0.048946336,0.05899865,0.028150632340591945,0.05573070128524232,0.08403104702111013
2026-05-29,MEM-LAX,0.0603,0.04157676,0.048574116,0.058775652,0.022477151827095136,0.04992741363661337,0.07691035131913301
2026-05-30,MEM-LAX,0.071,0.050786752,0.061572198,0.07687486,0.03980257688932683,0.06642137892037678,0.09309890959432315
2026-05-31,MEM-LAX,0.0567,0.053335544,0.066281654,0.07918742,0.06512316929465287,0.09199464656606562,0.11807768466113762
2026-06-01,MEM-LAX,0.062,0.041386545,0.049384683,0.059192084,0.02846742088077257,0.05590189999348067,0.08203164410899365
2026-06-02,MEM-LAX,0.0489,0.041677546,0.050848357,0.05955193,0.007108525317933197,0.033532123649352735,0.05935157784495554
2026-06-03,MEM-LAX,0.0489,0.041482538,0.04875921,0.058775652,0.025895647667297288,0.052780101389652924,0.07944329716396929
2026-06-04,MEM-LAX,0.052,0.04159833,0.049271632,0.059026543,0.01597534683791128,0.04334939352036733,0.0692099957099263
2026-06-05,MEM-LAX,0.0471,0.041561242,0.04942593,0.058759417,0.018579300000162214,0.046497099428528504,0.0737476948339722
2026-06-06,MEM-LAX,0.0607,0.04985062,0.059819397,0.076682515,0.019581878799001706,0.045847974339183556,0.07443652941945128
2026-06-07,MEM-LAX,0.0741,0.050522458,0.06293348,0.07766205,0.05461513892507173,0.0813353075623206,0.10747381693678246
2026-06-08,MEM-LAX,0.0496,0.04269259,0.051789973,0.05917585,0.02710721811546794,0.053876613846390954,0.08021147389968807
2026-06-09,MEM-LAX,0.0516,0.042322945,0.050065026,0.059192084,0.031241487280808666,0.056173313406768795,0.08462656759858293
2026-06-10,MEM-LAX,0.0644,0.04228007,0.050348986,0.05921874,0.011464942003279811,0.03822852213359648,0.06478947567713038
2026-06-11,MEM-LAX,0.0532,0.042429585,0.050788168,0.058775652,0.01988366997399681,0.0478762632642286,0.07387132936298718
2026-06-12,MEM-LAX,0.047,0.04279674,0.050025605,0.05949465,0.016493042224418497,0.044128538168195744,0.06882902052230853
2026-06-13,MEM-LAX,0.0723,0.05127321,0.063869245,0.07716921,0.05126538123376008,0.07856980331898294,0.10697955750681995
2026-06-14,MEM-LAX,0.0887,0.051101778,0.063299656,0.07782135,0.027497909572161732,0.05364435947508725,0.08217168521150929
2026-06-15,MEM-LAX,0.047,0.043237865,0.051943537,0.058578808,0.004149257815835556,0.03080993961688233,0.05604690301773227
2026-06-16,MEM-LAX,0.0459,0.042196393,0.05004596,0.058723975,0.032228935762080815,0.05982387110356207,0.0881498369190977
2026-06-17,MEM-LAX,0.0531,0.04258639,0.05014791,0.05884887,0.0237510930529187,0.04932908109406668,0.0779433895868947
2026-06-18,MEM-LAX,0.0529,0.04238155,0.050598934,0.059707373,0.011835462348239418,0.03814911569723083,0.06529008896877207
2026-06-19,MEM-LAX,0.0503,0.042518847,0.049956705,0.059026543,0.014340643716407496,0.04128666344860709,0.06898963121777904
2026-06-20,MEM-LAX,0.0783,0.050769683,0.06307745,0.07750279,0.02157626959039765,0.048945269546073096,0.07728488123897571
2026-06-21,MEM-LAX,0.0674,0.052163187,0.06539592,0.077479206,0.04907891283635372,0.07644669580772204,0.10420815417910136
2026-06-22,MEM-LAX,0.0582,0.04259572,0.050474472,0.05955791,0.014304552102503728,0.04023702786871612,0.06875890892028336
2026-06-23,MEM-LAX,0.046,0.04257843,0.049956705,0.059442975,0.01532841866333491,0.04376649118032407,0.07084995988607992
2026-06-24,MEM-LAX,0.066,0.042550888,0.050200082,0.05924376,0.028789811540239685,0.05636395541355264,0.08236474195258929
2026-06-25,MEM-LAX,0.0473,0.042445622,0.05124536,0.05949465,0.015447736308172436,0.04214007465077597,0.06637935661980536
2026-06-26,MEM-LAX,0.0507,0.04223451,0.049961135,0.058775652,0.043254173581418684,0.0695212321404629,0.09598309985675896
2026-06-27,MEM-LAX,0.0693,0.050769683,0.06336544,0.07741155,0.03270264106557345,0.058094360260308495,0.08476406669474383
2026-06-28,MEM-LAX,0.082,0.05125375,0.063711464,0.077479206,0.040248310362145844,0.06731012210019441,0.09437137671549566
2026-06-29,MEM-LAX,0.0443,0.04235162,0.051643386,0.058168665,0.027024137298631793,0.0523886507281349,0.08077363080530371
2026-06-30,MEM-LAX,0.0454,0.042437,0.049930062,0.058723975,0.038051112026524496,0.0658035631369916,0.09137248710453978
2026-07-01,MEM-LAX,0.0453,0.042268395,0.050217763,0.059463475,0.031475347550982094,0.05861357018269232,0.08818884661438611
2026-07-02,MEM-LAX,0.0552,0.042552162,0.049818635,0.059701,0.007336184254429974,0.03563038933566283,0.061229455487252935
2026-07-03,MEM-LAX,0.0552,0.04239327,0.05014791,0.059746414,0.023628841085151665,0.04974625184325253,0.07602256297988723
2026-07-04,MEM-LAX,0.0706,0.049801797,0.06324564,0.07826072,0.03571365223249326,0.06402615794489856,0.09046167624606681
2026-07-05,MEM-LAX,0.0649,0.051375665,0.063306235,0.07803125,0.04008870161914973,0.06622861271936774,0.09158970872418452
2026-07-06,MEM-LAX,0.0416,0.043304265,0.05024256,0.059497453,0.039180910134663835,0.06472802098335284,0.08973210360796346
2026-07-07,MEM-LAX,0.0508,0.04259576,0.04949151,0.058926027,0.023535445200026043,0.050655652542718616,0.07756781172962705
2026-07-08,MEM-LAX,0.0538,0.04282971,0.049582515,0.059488278,0.019486338822429772,0.046181068643705234,0.0721528714893537
2026-07-09,MEM-LAX,0.0395,0.042409256,0.05008933,0.05902017,0.023481241740472916,0.048812809719401155,0.07448643279651927
2026-07-10,MEM-LAX,0.0463,0.04239327,0.04982786,0.059588544,0.02603220796542758,0.05327057964550719,0.07884449639976945
2026-07-11,MEM-LAX,0.0581,0.050638154,0.062417254,0.07818929,0.037008253718292215,0.06498628715417103,0.09021148743441655
2026-07-12,MEM-LAX,0.0541,0.050771624,0.063150935,0.0774912,0.033483133491966126,0.05944123238885746,0.08746957189290468
2026-07-13,MEM-LAX,0.0499,0.041654207,0.048587006,0.05896849,0.030599478907918212,0.057965112400962415,0.0864257033148102
2026-07-14,MEM-LAX,0.0386,0.04169471,0.0490919,0.05896849,0.027491562535779678,0.055268585570940026,0.08351194508184809
2026-07-15,MEM-LAX,0.0577,0.041724406,0.049513794,0.059086658,0.013018969461759709,0.041254490209062786,0.06915449118944128
2026-07-16,MEM-LAX,0.0444,0.04176824,0.049097255,0.05960976,0.01884091530294592,0.045705278930622734,0.07226694791574564
2026-07-17,MEM-LAX,0.0564,0.04169478,0.0487181,0.059813812,0.04067223699679456,0.06770077514191217,0.09649107773518312
2026-07-18,MEM-LAX,0.2419,0.05057488,0.06274424,0.07770434,0.06800679645109513,0.09541627112391168,0.12207049185392488
2026-07-19,MEM-LAX,0.0592,0.05380939,0.06865831,0.077343896,0.03528574051885457,0.06290075310232221,0.09056408541151777
2026-07-20,MEM-LAX,0.0382,0.042145897,0.050336603,0.059252344,0.051610447977565074,0.07621450592903652,0.10536605375776933
2026-07-21,MEM-LAX,0.0555,0.042322595,0.04970814,0.05937034,0.033558580613895196,0.060140668367956396,0.08542333148171244
2026-07-22,MEM-LAX,0.0559,0.042256527,0.050107997,0.059488278,0.03704616301349066,0.06371347572601757,0.09087779948593636
2026-07-23,MEM-LAX,0.059,0.04247383,0.049846634,0.05924317,0.030734857486419274,0.05650040222028059,0.08241703693272778
2026-07-24,MEM-LAX,0.0435,0.042322934,0.050449673,0.059497572,0.013553393242773142,0.04056087387977625,0.06783492512429898
2026-07-25,MEM-LAX,0.0681,0.051736172,0.07818555,0.08592601,0.07949471958850783,0.10693653924578499,0.1330536017803691
2026-07-26,MEM-LAX,0.0621,0.051730838,0.065071605,0.07784849,0.053752390465503876,0.08141482784039611,0.1079471660869914
2026-07-27,MEM-LAX,0.0684,0.041999187,0.050616853,0.05986219,0.05747080575146449,0.08525191922763382,0.11256762390576724
2026-07-28,MEM-LAX,0.0523,0.0421465,0.051253993,0.059088375,0.027180831378944805,0.05381463589657815,0.08132328230908645
2026-07-29,MEM-LAX,0.0402,0.04259585,0.050510015,0.05959723,0.011622435008531587,0.03984109826078247,0.06658909912357328
2026-07-30,MEM-LAX,0.0486,0.04237227,0.050567318,0.05908295,0.021497473030643446,0.04763829678352191,0.07591799694192398
2026-07-31,MEM-LAX,0.0459,0.042609986,0.049470298,0.05975296,0.031874805119489875,0.0599265148156319,0.08725864627799237
2026-08-01,MEM-LAX,0.0657,0.05104519,0.06362092,0.07803779,0.026973651949978184,0.05612170812710206,0.08273678138213773
2026-08-02,MEM-LAX,0.0718,0.052025467,0.06412904,0.07880302,0.053215811756695285,0.08181658009640426,0.10855095456828467
2026-08-03,MEM-LAX,0.0383,0.042708553,0.050843015,0.059273418,0.03349536880616627,0.05952826641531619,0.08534922052022018
2026-08-04,MEM-LAX,0.0543,0.04255073,0.04966373,0.059735805,0.03898360284995196,0.06694536372852568,0.09418764312122445
2026-08-05,MEM-LAX,0.0582,0.042793624,0.049582515,0.05976748,0.02113611043568268,0.047791489913843944,0.07485404538695668
2026-08-06,MEM-LAX,0.0529,0.04299726,0.05050904,0.059980202,0.01558026988785255,0.042858239219023535,0.06987867826557297
2026-08-07,MEM-LAX,0.0586,0.04287884,0.049834546,0.059597768,0.016432447634170257,0.04331030693238885,0.07061438199678069
2026-08-08,MEM-LAX,0.0466,0.05113625,0.06271798,0.078162886,0.05284431485657663,0.07923193927882975,0.10541007723498005
2026-08-09,MEM-LAX,0.068,0.050685253,0.062417254,0.07888569,0.03219988856205635,0.05856052638900424,0.0865475216027844
2026-08-10,MEM-LAX,0.056,0.043847114,0.050232053,0.06002572,0.038133503147320696,0.06645109088168685,0.09383394118217045
2026-08-11,MEM-LAX,0.0432,0.042039227,0.050064865,0.05985121,0.03842946591094538,0.0653701800495566,0.09101758254260021
2026-08-12,MEM-LAX,0.0434,0.042009927,0.049925193,0.059211604,0.020022270140474172,0.04691791207945249,0.07377862089826749
2026-08-13,MEM-LAX,0.0483,0.04238482,0.049917072,0.059333086,0.015309688989496653,0.04277474209431831,0.06950242111477126
2026-08-14,MEM-LAX,0.0509,0.042033616,0.04940911,0.05954378,0.03471095400981567,0.06280648409281876,0.08824453247615542
2026-08-15,MEM-LAX,0.0713,0.0511697,0.06297534,0.07773504,0.04947631477281843,0.07552087459859279,0.10314362042656865
2026-08-16,MEM-LAX,0.084,0.051441193,0.06320919,0.07898578,0.03300794025277334,0.05981444927121325,0.08681739739139249
2026-08-17,MEM-LAX,0.0551,0.04254791,0.051983308,0.059260298,0.022552573362808092,0.05045460806832505,0.07841492240658304
2026-08-18,MEM-LAX,0.0473,0.042930897,0.049994424,0.05976748,0.032397701086807666,0.05849591345657839,0.08391809637725131
2026-08-19,MEM-LAX,0.0543,0.043108027,0.050157424,0.059876435,0.009638887711244673,0.036105436192419835,0.0639784126440157
2026-08-20,MEM-LAX,0.0473,0.042711373,0.0502036,0.05976748,0.02991935685172317,0.05571745616868226,0.08469176421048984
2026-08-21,MEM-LAX,0.054,0.042971637,0.05038196,0.060032163,0.02538396500454405,0.05146642192186618,0.0766643610224707
2026-08-22,MEM-LAX,0.0806,0.05097499,0.061849248,0.07791695,0.03243918667942171,0.06038466674441768,0.08783537874645925
2026-08-23,MEM-LAX,0.2101,0.15537383,0.22100425,0.25010216,0.11726958775158175,0.14298227260007784,0.16977831525189915
2026-05-26,MEM-MIA,0.0443,0.03201997,0.039381105,0.048664562,0.004559999987353144,0.028660082481981076,0.051014692459814395
2026-05-27,MEM-MIA,0.0363,0.03181176,0.039843224,0.04808394,0.022409223331408292,0.04483289082814545,0.06881708587545912
2026-05-28,MEM-MIA,0.0428,0.031881247,0.03973696,0.048421346,0.0097682100209657,0.03355464237168349,0.05692363021688433
2026-05-29,MEM-MIA,0.0214,0.032450475,0.04001023,0.048698984,0.006626982603485918,0.030449140139939275,0.05453251442762908
2026-05-30,MEM-MIA,0.0663,0.038609505,0.05149509,0.06582692,0.05571939210092829,0.07927336761596265,0.10231908937998827
2026-05-31,MEM-MIA,0.0377,0.038428694,0.050236415,0.06220773,0.018997670887605286,0.044049700157537605,0.06864877779735748
2026-06-01,MEM-MIA,0.0434,0.031970415,0.039722987,0.04777923,0.010250454780639039,0.03337489471260227,0.05744260760992381
2026-06-02,MEM-MIA,0.0416,0.03207819,0.04002239,0.048362594,0.007425207805238082,0.02940632001226078,0.05359856882945408
2026-06-03,MEM-MIA,0.0406,0.03188538,0.039862525,0.048202403,0.008483544815670475,0.0321640349444246,0.0560150369575583
2026-06-04,MEM-MIA,0.0201,0.03207819,0.040012427,0.048362594,0.003977109665513672,0.02659407540246861,0.05039585225365297
2026-06-05,MEM-MIA,0.0535,0.031640634,0.039633278,0.044222068,0.03349413774413439,0.0581596450784111,0.08014611460658216
2026-06-06,MEM-MIA,0.0437,0.037761483,0.051170506,0.063249975,0.042835241477010254,0.06726259538533587,0.09037166934523845
2026-06-07,MEM-MIA,0.0585,0.0403962,0.05114586,0.06401405,0.06087759516293313,0.08496591420610047,0.1070157512474777
2026-06-08,MEM-MIA,0.0411,0.032334547,0.039873175,0.048455473,0.013951458887277243,0.038429219069855615,0.06282113731848829
2026-06-09,MEM-MIA,0.0356,0.03203475,0.040006068,0.048506092,0.020248138960080684,0.04416947258958748,0.06655688242684599
2026-06-10,MEM-MIA,0.0458,0.031884063,0.039916817,0.048506092,0.024697947320119575,0.04931619304115912,0.0725663705651837
2026-06-11,MEM-MIA,0.0451,0.032106973,0.039068177,0.04474455,0.006580017618869838,0.02996308374442662,0.05266899200042392
2026-06-12,MEM-MIA,0.0479,0.031537578,0.04092379,0.048441023,0.018052779163130986,0.04224923999054033,0.06433378251854514
2026-06-13,MEM-MIA,0.0537,0.038644645,0.051144004,0.062410213,0.03796150367509436,0.06187170701271122,0.08654869590065782
2026-06-14,MEM-MIA,0.0613,0.039224874,0.04987847,0.061719034,0.03937700432479748,0.06355162659781677,0.08634851497064713
2026-06-15,MEM-MIA,0.0378,0.03258538,0.03984634,0.048698984,0.03630756491372562,0.05941193056632387,0.08290719377267658
2026-06-16,MEM-MIA,0.0423,0.03219457,0.039934468,0.04847109,0.03676429466434157,0.059869876761861826,0.08367566019342572
2026-06-17,MEM-MIA,0.0432,0.032314897,0.04000436,0.048698984,0.027712004328441207,0.052651943927330976,0.07547463976272288
2026-06-18,MEM-MIA,0.0337,0.03143622,0.040595476,0.048662383,0.01345535305764009,0.03787730187801323,0.06212431676654733
2026-06-19,MEM-MIA,0.0318,0.032390095,0.040211163,0.049396824,0.024600707040296807,0.04842064664943892,0.0731412950156769
2026-06-20,MEM-MIA,0.063,0.038885873,0.050089996,0.061664686,0.03591204043891861,0.056918462276334736,0.08071991708990979
2026-06-21,MEM-MIA,0.0431,0.037927374,0.05213156,0.06335798,0.034631589596043594,0.05929482921257791,0.08233878866011968
2026-06-22,MEM-MIA,0.0419,0.032213047,0.040056992,0.04847109,0.02480498077590839,0.05081107879977111,0.0746491735548334
2026-06-23,MEM-MIA,0.0334,0.031982973,0.040048804,0.048698984,0.02970552138654655,0.052894605798028224,0.07688798088649393
2026-06-24,MEM-MIA,0.0437,0.031982087,0.03983616,0.048698984,0.01792732515368603,0.041532983624210096,0.06651382778423333
2026-06-25,MEM-MIA,0.0453,0.03187689,0.039979648,0.04843652,0.018722072938598414,0.04261194555187747,0.0648419319636426
2026-06-26,MEM-MIA,0.0383,0.03187689,0.039979648,0.0480678,0.025248104809724305,0.04910368505973643,0.07275381725879912
2026-06-27,MEM-MIA,0.0694,0.037739705,0.051212505,0.062485877,0.031930750032387246,0.054629438224393125,0.0793716771417516
2026-06-28,MEM-MIA,0.0625,0.039003596,0.051076088,0.063358426,0.018873098760337152,0.04224219416945119,0.06665673207775935
2026-06-29,MEM-MIA,0.04,0.032566655,0.039943356,0.048698984,0.023258913566704606,0.046776950872459463,0.07069429389145761
2026-06-30,MEM-MIA,0.0359,0.03225128,0.0397979,0.048410553,0.006440310818958195,0.02894797963882303,0.052936588462814536
2026-07-01,MEM-MIA,0.0435,0.033118304,0.039907955,0.048698984,-0.0008936451678743767,0.02389306866614525,0.047838356532562874
2026-07-02,MEM-MIA,0.0497,0.032915216,0.040059987,0.048698984,0.0252755874508055,0.04981825550415067,0.0743506942678796
2026-07-03,MEM-MIA,0.0294,0.03272794,0.040055323,0.04842599,0.01669483158271096,0.0415655718830394,0.06491861871648884
2026-07-04,MEM-MIA,0.0461,0.034957126,0.05160343,0.06328478,-0.0006543484069771303,0.02315962613157653,0.04615362761273904
2026-07-05,MEM-MIA,0.045,0.038799394,0.051547274,0.063971266,0.044814394269654265,0.06809317275427437,0.09121028395863451
2026-07-06,MEM-MIA,0.0356,0.03230011,0.04001998,0.048698984,0.014565470764818442,0.03767051261670734,0.06181692914642493
2026-07-07,MEM-MIA,0.0366,0.03202295,0.03986953,0.04846743,0.012503013058341733,0.0380679875243324,0.06169596571481128
2026-07-08,MEM-MIA,0.0445,0.03217094,0.03989677,0.048698984,0.005779464724684865,0.029960220127940373,0.053809963979967
2026-07-09,MEM-MIA,0.0374,0.032528564,0.040266316,0.048698984,0.02211568153208863,0.045946308161571955,0.06940772013129042
2026-07-10,MEM-MIA,0.041,0.031787854,0.03983051,0.048120935,0.0292359577785533,0.05244577900044459,0.07654112848024398
2026-07-11,MEM-MIA,0.0559,0.03840864,0.05149434,0.06383894,0.04474474660174077,0.06646900469243962,0.09015333733687142
2026-07-12,MEM-MIA,0.0525,0.038492218,0.051071215,0.06231566,0.014741965671867929,0.04015199304841908,0.06373938886376149
2026-07-13,MEM-MIA,0.0332,0.03266759,0.039862525,0.048259065,0.0052490817601486646,0.02824688232745971,0.0534290838543987
2026-07-14,MEM-MIA,0.0337,0.03199339,0.03958555,0.048259065,-0.0004679808211230847,0.02266202216718065,0.04648573373382026
2026-07-15,MEM-MIA,0.033,0.032045566,0.039743617,0.048506092,0.012703316565494251,0.03615491830125998,0.05912207940765688
2026-07-16,MEM-MIA,0.0433,0.032085292,0.03975634,0.05056238,0.0009037075496177891,0.024156170097736344,0.048206324064869216
2026-07-17,MEM-MIA,0.0442,0.03208018,0.039920904,0.048334125,0.015348623509355137,0.03986268740151771,0.06435068007330774
2026-07-18,MEM-MIA,0.0567,0.03984562,0.05017508,0.061625533,0.03593661085121348,0.058906729668015106,0.08407724600979519
2026-07-19,MEM-MIA,0.0482,0.03900812,0.050647266,0.06318541,0.051499941576408616,0.07550223371796938,0.10031226683389251
2026-07-20,MEM-MIA,0.0431,0.032353718,0.039838776,0.04819853,0.010447752074849808,0.03446906296913389,0.058656924981887605
2026-07-21,MEM-MIA,0.0285,0.03185269,0.039977767,0.048406895,0.027000514656351747,0.05055532993906136,0.07346553754543368
2026-07-22,MEM-MIA,0.053,0.031926848,0.039685436,0.048007563,0.01852257210707733,0.04161558414360618,0.06499734773804229
2026-07-23,MEM-MIA,0.03,0.032511827,0.04007633,0.048698984,0.002714321752841917,0.027225889527209078,0.05152207845636233
2026-07-24,MEM-MIA,0.0409,0.032047257,0.039716203,0.048506092,0.017247441398239468,0.041232557704924365,0.06530743585221806
2026-07-25,MEM-MIA,0.0591,0.040319666,0.051367115,0.06250211,0.028940644775187412,0.052613906898433045,0.07567619215730416
2026-07-26,MEM-MIA,0.0499,0.038518567,0.050671417,0.06258197,0.020974733015722,0.04567660559824259,0.06737065986646823
2026-07-27,MEM-MIA,0.0394,0.032666244,0.040049195,0.048477624,0.009226449566980573,0.032290558262855616,0.05424648869020087
2026-07-28,MEM-MIA,0.0396,0.03185269,0.039785024,0.04815095,0.027998578753926924,0.05228521684556448,0.07543641606545969
2026-07-29,MEM-MIA,0.1363,0.12492878,0.13977075,0.16645072,0.10655998262374912,0.13000569656150246,0.15434335209248368
2026-07-30,MEM-MIA,0.0442,0.032619487,0.03950538,0.04708275,0.03340262023873041,0.057829602492569895,0.0818806588826419
2026-07-31,MEM-MIA,0.0333,0.0325817,0.03990426,0.048698984,0.01701029094675402,0.040526720631145076,0.06341557218393364
2026-08-01,MEM-MIA,0.0473,0.039287135,0.051894844,0.06329206,0.015872381323230152,0.03860887156667545,0.0635981447414956
2026-08-02,MEM-MIA,0.0658,0.039140467,0.050976433,0.062421378,0.015350565975968844,0.03993436955945713,0.06130942123697041
2026-08-03,MEM-MIA,0.0432,0.032847915,0.039840125,0.048698984,0.016234479743157993,0.0396779190803113,0.06328767749041865
2026-08-04,MEM-MIA,0.037,0.032575183,0.03980518,0.048662383,0.013895877953852687,0.0383315909283681,0.061893011230353234
2026-08-05,MEM-MIA,0.0414,0.032632016,0.040433787,0.049469333,0.008394973306623407,0.030568534158474877,0.052500992564324035
2026-08-06,MEM-MIA,0.0362,0.03204497,0.039967343,0.048698984,0.03616082492426985,0.05956259843902017,0.08333668040594075
2026-08-07,MEM-MIA,0.0324,0.031840757,0.0397468,0.04844033,0.02594113529394944,0.05067921127658823,0.07443665678943125
2026-08-08,MEM-MIA,0.055,0.03845298,0.050940476,0.06327128,0.04269784247236793,0.06413567161758796,0.08872955919303274
2026-08-09,MEM-MIA,0.0354,0.03837167,0.05140817,0.06355439,0.03577860819218873,0.05878975365268868,0.08263843864097693
2026-08-10,MEM-MIA,0.1538,0.12372386,0.14957511,0.15592302,0.09042664421896167,0.11482587621001031,0.13634089007323796
2026-08-11,MEM-MIA,0.1158,0.1231949,0.14625421,0.15994255,0.07888067734078281,0.10248140151321629,0.1261365832227174
2026-08-12,MEM-MIA,0.031,0.034821548,0.040713944,0.04909938,0.035087625292908015,0.060064120442548094,0.08337003540789495
2026-08-13,MEM-MIA,0.0329,0.03232472,0.038726613,0.04848124,0.03880774099622166,0.06157881300741555,0.08650586189881503
2026-08-14,MEM-MIA,0.0495,0.032242686,0.039284267,0.048214983,0.012600556373461694,0.036068858680387325,0.06092570169333577
2026-08-15,MEM-MIA,0.0661,0.039567903,0.05080945,0.062390327,0.014212435532114138,0.03943797516683343,0.06452917956440257
2026-08-16,MEM-MIA,0.0492,0.039712064,0.051130217,0.062663585,0.03176178922949328,0.054005258730058125,0.0769103681507568
2026-08-17,MEM-MIA,0.0447,0.03281717,0.040163487,0.04870516,0.02307787333110398,0.04564661336547337,0.0706961964462121
2026-08-18,MEM-MIA,0.0362,0.032460637,0.040262885,0.04870516,0.025377426062448232,0.04862310360473683,0.07299779599915847
2026-08-19,MEM-MIA,0.0461,0.031826537,0.039179143,0.04824198,0.043669633608194286,0.06787572389095042,0.09124654448024078
2026-08-20,MEM-MIA,0.0371,0.032196183,0.03996127,0.04818315,0.02383341878861523,0.04969754147954633,0.07386654815112814
2026-08-21,MEM-MIA,0.0542,0.032647073,0.040105525,0.048698984,0.03677500110295824,0.058662498791252495,0.08179567800413211
2026-08-22,MEM-MIA,0.0484,0.03910976,0.051748317,0.06365852,0.0274516407965978,0.0523505725903828,0.07544734666852264
2026-08-23,MEM-MIA,0.0582,0.05644591,0.084963724,0.17392203,0.07441398261963413,0.09800365156276553,0.12189806982403134
2026-05-26,MEM-ORD,0.039,0.035069413,0.04164311,0.04892846,0.01217930346553425,0.03750905124952282,0.06123483879577912
2026-05-27,MEM-ORD,0.0444,0.03567867,0.041356184,0.049179137,0.035854656260123685,0.059983003485432354,0.08556160242883659
2026-05-28,MEM-ORD,0.0346,0.035668056,0.041237146,0.04956333,0.021091567182907087,0.045556386514313964,0.07064653527372675
2026-05-29,MEM-ORD,0.0358,0.035569653,0.04145511,0.049540732,0.014307475385089518,0.038730563158198575,0.06319101654935644
2026-05-30,MEM-ORD,0.0581,0.043176495,0.053737555,0.06693036,0.05202807056255191,0.07702685064350832,0.10278367505862045
2026-05-31,MEM-ORD,0.0594,0.04337385,0.054308504,0.06560633,0.02004756871817073,0.042916136466850614,0.06826215903548902
2026-06-01,MEM-ORD,0.0399,0.035912666,0.04178783,0.049610436,0.019767213435665804,0.04516668334058373,0.0691932966326723
2026-06-02,MEM-ORD,0.0417,0.035608325,0.041936792,0.048655648,0.017685238169607015,0.04040753975925292,0.06543078262132473
2026-06-03,MEM-ORD,0.0434,0.035725143,0.041940816,0.049540732,0.005585394125412467,0.03117818166690469,0.05742245769341251
2026-06-04,MEM-ORD,0.0469,0.035371516,0.041890047,0.04956333,0.0269690885748973,0.05151392358849684,0.07705377873963744
2026-06-05,MEM-ORD,0.0426,0.035719436,0.041856945,0.0497742,0.022648009206421,0.045857557495540144,0.0702880001184936
2026-06-06,MEM-ORD,0.0625,0.043108203,0.054099437,0.06521604,0.03878966348795577,0.06431374071232282,0.08929073283830825
2026-06-07,MEM-ORD,0.0603,0.043603897,0.053871833,0.065541826,0.027675308127440047,0.050662312582277665,0.07460071228645546
2026-06-08,MEM-ORD,0.0525,0.035938255,0.042098362,0.05004118,0.03756691764503011,0.062117486947130165,0.08793784191297627
2026-06-09,MEM-ORD,0.0435,0.03569515,0.04192523,0.049540732,0.006264852930252203,0.030747072583749327,0.05595512903718974
2026-06-10,MEM-ORD,0.0492,0.035547286,0.041732352,0.049540732,0.040587681423760645,0.06354131970925347,0.08811195693777431
2026-06-11,MEM-ORD,0.0415,0.035499416,0.041801114,0.049540732,0.0328409402293143,0.057608974940280444,0.083782126131665
2026-06-12,MEM-ORD,0.0408,0.035645664,0.041778628,0.049540732,0.010141653017881594,0.03567175995622545,0.06138938650774454
2026-06-13,MEM-ORD,0.0721,0.043482754,0.054493602,0.06685431,0.057721437336177114,0.08447390977659887,0.10906040781284553
2026-06-14,MEM-ORD,0.0532,0.043828245,0.054094218,0.065435894,0.03169050620063561,0.05720378395917059,0.08302379794634483
2026-06-15,MEM-ORD,0.0442,0.035728313,0.04198868,0.049540732,0.016631379736735594,0.0437054883415857,0.06730923492608996
2026-06-16,MEM-ORD,0.0475,0.035342976,0.041883394,0.049540732,0.03225178106604545,0.05688394315395062,0.0827021361826228
2026-06-17,MEM-ORD,0.0425,0.03571793,0.041962866,0.049540732,0.03530577024507155,0.06191778557353786,0.08777113072147188
2026-06-18,MEM-ORD,0.0382,0.035506785,0.041914098,0.049540732,0.03565171267952212,0.05892784558532145,0.08489490109389446
2026-06-19,MEM-ORD,0.0369,0.035701208,0.041836895,0.049540732,0.011259881950155013,0.0354698704786066,0.06032876848743691
2026-06-20,MEM-ORD,0.0556,0.042998366,0.054101326,0.06535348,0.02239925212879145,0.04575914946442619,0.07129098686552049
2026-06-21,MEM-ORD,0.0555,0.04320258,0.054369543,0.06546792,0.02244280685973639,0.047757132059404045,0.07325780281747597
2026-06-22,MEM-ORD,0.0363,0.035634067,0.04197216,0.05004118,0.014960166590973554,0.039038161027755106,0.0643052463541837
2026-06-23,MEM-ORD,0.0493,0.035229288,0.04124937,0.04956874,0.047372298314969516,0.07244116677226933,0.09804685303360401
2026-06-24,MEM-ORD,0.0444,0.035535097,0.04197216,0.049540732,0.0146026560721376,0.039939777930417766,0.06647195664059893
2026-06-25,MEM-ORD,0.0509,0.034967955,0.041948233,0.049623866,0.03306776442016181,0.05854685719351848,0.08363714311557266
2026-06-26,MEM-ORD,0.0394,0.035736226,0.04191909,0.049623866,0.02405984665478067,0.04851008030799593,0.07319249692969135
2026-06-27,MEM-ORD,0.0608,0.04249281,0.054337673,0.06525313,0.04474788934478823,0.06939295992686231,0.09132037381422961
2026-06-28,MEM-ORD,0.0481,0.043430444,0.05370863,0.06707106,0.05299384628285956,0.07563852864384435,0.09982397144816747
2026-06-29,MEM-ORD,0.0383,0.03570291,0.04190364,0.049623866,0.041004749957023384,0.06656242756939557,0.09409522564334873
2026-06-30,MEM-ORD,0.0496,0.035716347,0.0419712,0.049540732,0.022890051451410022,0.047567269130688795,0.07199285502650647
2026-07-01,MEM-ORD,0.0448,0.03561032,0.041866064,0.04956874,0.03875867002284354,0.06387520813874048,0.08900797034976969
2026-07-02,MEM-ORD,0.043,0.035710964,0.042009786,0.049540732,0.003294131066461222,0.02762258881575811,0.053469065532039194
2026-07-03,MEM-ORD,0.04,0.03532198,0.041925367,0.049540732,0.010456221113781888,0.03648769869286902,0.059985691684352874
2026-07-04,MEM-ORD,0.0352,0.040708344,0.05443111,0.06516623,0.02747450128694759,0.053157513924400095,0.07859809201949658
2026-07-05,MEM-ORD,0.0685,0.042747516,0.05407306,0.06515858,0.02908519582832383,0.053350906961689586,0.07763097948470868
2026-07-06,MEM-ORD,0.0428,0.03521647,0.041840203,0.049684435,0.015198307444599757,0.04006829797551836,0.06440946361386558
2026-07-07,MEM-ORD,0.0413,0.035651878,0.04217281,0.049540732,0.025664463786014058,0.049859358732356265,0.07627707999100997
2026-07-08,MEM-ORD,0.0363,0.03528679,0.04190982,0.049540732,0.03868217950001618,0.0630676639126354,0.08959854625197806
2026-07-09,MEM-ORD,0.037,0.035402395,0.04180072,0.04978431,0.010945623046363536,0.03536132286898391,0.05999396902521228
2026-07-10,MEM-ORD,0.039,0.035319958,0.04180283,0.049540732,0.01341504094088638,0.03774378653521015,0.062192454222987636
2026-07-11,MEM-ORD,0.0642,0.04317381,0.05393966,0.06459284,0.03291940140336696,0.058806795592511785,0.08368811177834255
2026-07-12,MEM-ORD,0.0558,0.043007232,0.053231873,0.06539865,0.04056408581605984,0.06624698709770235,0.0914019079072179
2026-07-13,MEM-ORD,0.0343,0.035426624,0.041978583,0.049540732,0.03221112802736827,0.05747583467108202,0.08356999662460649
2026-07-14,MEM-ORD,0.0371,0.03537207,0.04172897,0.05035925,0.0032462783412248843,0.028244282530376225,0.05379183246350547
2026-07-15,MEM-ORD,0.0443,0.035366673,0.0417958,0.049623866,0.023486771618824898,0.048986534766866624,0.07386434556069824
2026-07-16,MEM-ORD,0.0412,0.035452656,0.041818406,0.049623866,0.013429403675543433,0.03694612621683352,0.06095511465200835
2026-07-17,MEM-ORD,0.0391,0.03511983,0.04195178,0.048614137,0.04106038932106356,0.06608760820883809,0.09112560057243105
2026-07-18,MEM-ORD,0.0596,0.041196488,0.052763123,0.064175546,0.03798243126145229,0.06266045246307722,0.08858780491056677
2026-07-19,MEM-ORD,0.0601,0.043561023,0.054409556,0.0654309,0.04655604920703188,0.07063827286923006,0.09594806567268586
2026-07-20,MEM-ORD,0.0337,0.03571461,0.041806836,0.049639687,0.04531334159597219,0.06939049455210163,0.09535162699352245
2026-07-21,MEM-ORD,0.0444,0.035180278,0.041696712,0.049623866,0.022208635376619715,0.045701861121280024,0.07069027347427521
2026-07-22,MEM-ORD,0.038,0.035275184,0.041947115,0.049540732,0.02868880336600444,0.05361998591344964,0.0783831900646412
2026-07-23,MEM-ORD,0.0431,0.035281766,0.0418963,0.049540732,0.028996784502630785,0.05335344857576847,0.0792007128834443
2026-07-24,MEM-ORD,0.0472,0.03534873,0.041925367,0.048614137,0.02118862264180113,0.0440809799782441,0.06996220290013329
2026-07-25,MEM-ORD,0.0454,0.042333446,0.0544645,0.065509215,0.04808141747563538,0.07289001895428315,0.09690277619210559
2026-07-26,MEM-ORD,0.0638,0.041797977,0.05426328,0.06541467,0.03278090919926048,0.058603859930805406,0.08149724957126665
2026-07-27,MEM-ORD,0.0356,0.03559203,0.041708425,0.049639687,0.010932109195630396,0.036441771602012264,0.0619178311054558
2026-07-28,MEM-ORD,0.0367,0.035282977,0.041807864,0.049540732,0.009292652214287305,0.034751599050378945,0.05923864718884282
2026-07-29,MEM-ORD,0.0509,0.03541022,0.04181486,0.049623866,0.03206878456333876,0.05643267284366281,0.08125504048985246
2026-07-30,MEM-ORD,0.033,0.035319377,0.041909598,0.049540732,0.03393832140791301,0.0589841207922863,0.08425519132588967
2026-07-31,MEM-ORD,0.0429,0.03511449,0.041364204,0.04956874,0.050046912628321324,0.07425083825583571,0.09878552284506373
2026-08-01,MEM-ORD,0.052,0.0435195,0.05381983,0.06523558,0.044204554435587885,0.0691250940233403,0.0945673547289393
2026-08-02,MEM-ORD,0.0376,0.04307174,0.05426328,0.06547114,0.037496338882989665,0.06370832234651541,0.08754662747119821
2026-08-03,MEM-ORD,0.0379,0.035318535,0.04177581,0.04956422,0.025173159444296742,0.05199570954701207,0.0759734318313325
2026-08-04,MEM-ORD,0.0321,0.035072204,0.04185404,0.04956422,0.03867528472851153,0.0636067997668156,0.08861946068435882
2026-08-05,MEM-ORD,0.0482,0.035365906,0.041791465,0.04934784,0.031112975923673288,0.0563678063487184,0.0809332724598756
2026-08-06,MEM-ORD,0.0398,0.035397775,0.04194113,0.049347468,0.027598627527912145,0.05289664283334272,0.07742175670972785
2026-08-07,MEM-ORD,0.046,0.035375148,0.04189421,0.049540732,0.010279822213547412,0.036010909456537246,0.05800253044496941
2026-08-08,MEM-ORD,0.0577,0.04287765,0.052755233,0.06397606,0.02134495941031455,0.047361773524420406,0.07252348873640238
2026-08-09,MEM-ORD,0.0399,0.04329621,0.05390193,0.0642943,0.024208906794295434,0.0501376842761013,0.07612166511977261
2026-08-10,MEM-ORD,0.0432,0.035427153,0.041938033,0.04937133,0.006822215980735623,0.03162574989368333,0.0546654327082496
2026-08-11,MEM-ORD,0.032,0.03507425,0.04187893,0.04909871,0.03182271392498867,0.055185326782477256,0.08030045469271997
2026-08-12,MEM-ORD,0.0498,0.036083397,0.04194811,0.04967202,0.025844989036231107,0.05111176557648904,0.07504267474500162
2026-08-13,MEM-ORD,0.0481,0.035359904,0.041925035,0.04931937,0.0024046251333877623,0.027322365616157942,0.05138924633208664
2026-08-14,MEM-ORD,0.0494,0.035982534,0.041909598,0.049540732,0.020737824644873986,0.045130967607552766,0.06966871525481393
2026-08-15,MEM-ORD,0.0479,0.04183165,0.052809067,0.06478968,0.04286536592369936,0.06696713701741014,0.09130251428829107
2026-08-16,MEM-ORD,0.0449,0.042215806,0.052983448,0.06398764,0.029622761592983726,0.05363684149166011,0.0784401815372278
2026-08-17,MEM-ORD,0.0452,0.03542791,0.041947115,0.049540732,0.02064198795801254,0.04310450167648135,0.06777053978489582
2026-08-18,MEM-ORD,0.0358,0.035257924,0.041796643,0.049402706,0.013097814422088927,0.038901063096155944,0.06346530393169784
2026-08-19,MEM-ORD,0.0432,0.03576263,0.041871265,0.049540732,0.02063943879348168,0.04497796717816794,0.07144530275673804
2026-08-20,MEM-ORD,0.0457,0.035681378,0.04200484,0.049540732,-0.0017217439468809393,0.023004716409029388,0.048512649057030226
2026-08-21,MEM-ORD,0.0405,0.035426963,0.042070515,0.049540732,0.028366921625748744,0.052043707997899674,0.07801531267856977
2026-08-22,MEM-ORD,0.0491,0.04348758,0.05396007,0.06523558,0.03295206357422,0.05714152332934641,0.08365548285867373
2026-08-23,MEM-ORD,0.05,0.042215806,0.05282867,0.06393463,0.013018745978208682,0.03804114859177458,0.06369374947475497
2026-05-26,MEM-PHX,0.0549,0.02904824,0.037074517,0.04407604,0.015068529870420445,0.03894123957292217,0.06253543084181803
2026-05-27,MEM-PHX,0.0295,0.029072197,0.037247077,0.047284078,0.012931463650578678,0.03626771982844776,0.058447687579163084
2026-05-28,MEM-PHX,0.0437,0.028808175,0.037452374,0.048787553,0.008059644979154163,0.030923694962009925,0.05497409572891344
2026-05-29,MEM-PHX,0.1799,0.10199993,0.11516289,0.13764165,0.08147603499586972,0.10348247607950001,0.12653787339290512
2026-05-30,MEM-PHX,0.1569,0.107391916,0.16344829,0.19989938,0.08018860885419327,0.10409753203745478,0.12634584654039518
2026-05-31,MEM-PHX,0.0557,0.037459828,0.05006948,0.06531296,0.019225812015986145,0.04292350512058662,0.0660530340637183
2026-06-01,MEM-PHX,0.0417,0.028603774,0.037896972,0.048787553,0.01094183172203847,0.03403386299419182,0.058144671236713755
2026-06-02,MEM-PHX,0.0406,0.027907424,0.038792364,0.048750952,0.01424397500859128,0.03784505930631501,0.06218094379439964
2026-06-03,MEM-PHX,0.0365,0.026828496,0.03656152,0.047707204,9.548888613364027e-05,0.02336515641833278,0.0465644164092461
2026-06-04,MEM-PHX,0.0321,0.027695173,0.037619174,0.048787553,-0.0036041003876253583,0.019950306724481014,0.04478132606472749
2026-06-05,MEM-PHX,0.0473,0.027380418,0.03736938,0.0489276,-0.0020198906044556005,0.02210605671671306,0.04602157726808169
2026-06-06,MEM-PHX,0.0632,0.037956025,0.048594866,0.06563797,0.03350617801267738,0.05608430097760949,0.07906689916879513
2026-06-07,MEM-PHX,0.0401,0.038276076,0.04906813,0.06558385,0.02941520478256113,0.05268637188947595,0.07621763071180794
2026-06-08,MEM-PHX,0.0274,0.02892224,0.03784982,0.048680387,0.017590739275538843,0.041886491110512035,0.06386968807763531
2026-06-09,MEM-PHX,0.0473,0.028606461,0.037212886,0.048803784,0.0033482197453276502,0.0274701227593471,0.051159145806556006
2026-06-10,MEM-PHX,0.0406,0.029437695,0.037629552,0.048156183,-0.0036629476753095185,0.020544853115484124,0.04445960140335702
2026-06-11,MEM-PHX,0.0343,0.028298879,0.03757168,0.047672216,0.0013738244919585777,0.02493668857711017,0.04836356456087844
2026-06-12,MEM-PHX,0.0366,0.028442463,0.03713534,0.048803784,0.011771508840793608,0.03485858701468293,0.058173860809469194
2026-06-13,MEM-PHX,0.0391,0.03652622,0.048952226,0.06537764,0.029615087299040548,0.05304561120257278,0.07714384776123955
2026-06-14,MEM-PHX,0.0355,0.037645906,0.047807336,0.06645767,0.0403947672998653,0.06481340237801073,0.08848997525880316
2026-06-15,MEM-PHX,0.046,0.028759228,0.03689412,0.047494385,0.014560728467193244,0.036369781560651036,0.06105938913498541
2026-06-16,MEM-PHX,0.0251,0.02913372,0.037799172,0.04815829,0.013395101308731014,0.036093659953965365,0.060225422365309284
2026-06-17,MEM-PHX,0.0262,0.028650168,0.037550822,0.04815829,0.022958489964247923,0.046983586923070544,0.07105808081061607
2026-06-18,MEM-PHX,0.0522,0.028522078,0.03744295,0.04766331,0.017381449572912315,0.04058013838891746,0.06391860210046035
2026-06-19,MEM-PHX,0.0271,0.029589063,0.037769046,0.047776803,-0.0032829803729637853,0.021459019393850413,0.04469249514513799
2026-06-20,MEM-PHX,0.0551,0.03710593,0.046687365,0.06379775,0.02812970572894678,0.05188729211897661,0.07550619355546288
2026-06-21,MEM-PHX,0.0629,0.0368979,0.046994828,0.06331269,0.017167261165611347,0.041545280715376096,0.06409571316936002
2026-06-22,MEM-PHX,0.0347,0.028981648,0.037619986,0.048342142,0.008233721247331568,0.031172798580427184,0.05725125299998146
2026-06-23,MEM-PHX,0.0387,0.028369015,0.036839418,0.04666336,0.01839557551343355,0.040415184648789425,0.06348676917549939
2026-06-24,MEM-PHX,0.0259,0.028122043,0.036794093,0.046881303,0.030129936213373645,0.054233783594250747,0.07714765119179634
2026-06-25,MEM-PHX,0.0345,0.029687067,0.03777225,0.04815829,0.008632116909171301,0.03017405222499418,0.054537397613457494
2026-06-26,MEM-PHX,0.0351,0.028874988,0.03674766,0.04661826,0.02480136591053702,0.048069181699098476,0.07210419083412815
2026-06-27,MEM-PHX,0.0426,0.03898399,0.047258828,0.06578777,0.046710748497066634,0.07006551922231047,0.09565585118077521
2026-06-28,MEM-PHX,0.0514,0.036384165,0.049080916,0.06464767,0.03653303715538316,0.059505329685232006,0.08270851955733544
2026-06-29,MEM-PHX,0.0378,0.029792631,0.03768043,0.047716267,0.00039292060748403194,0.023864959714536237,0.047575775540369195
2026-06-30,MEM-PHX,0.0321,0.028617961,0.037619084,0.04767177,0.005718443420088827,0.03077759659209709,0.056318352656290115
2026-07-01,MEM-PHX,0.0311,0.028325692,0.036421284,0.046614505,0.003336899441825368,0.02611093035388998,0.049437626808413064
2026-07-02,MEM-PHX,0.0364,0.02882485,0.037400052,0.04774274,0.008844755912433793,0.032258594977026676,0.05423612336178904
2026-07-03,MEM-PHX,0.0331,0.02859503,0.037496574,0.04767177,0.00452962038375669,0.027850798235719076,0.05146853394294557
2026-07-04,MEM-PHX,0.061,0.03652933,0.04663456,0.064902924,0.028088366050286362,0.053586921059908636,0.07691277054746257
2026-07-05,MEM-PHX,0.0595,0.03708388,0.047776945,0.06428859,0.02869818466297719,0.052209306473489425,0.07760945286863798
2026-07-06,MEM-PHX,0.0514,0.029183928,0.03777637,0.047853053,0.013760689761194267,0.03772127023831183,0.06241733179342281
2026-07-07,MEM-PHX,0.0375,0.02886092,0.037756957,0.04746508,0.031179563477361557,0.05464490608718173,0.08038603712915049
2026-07-08,MEM-PHX,0.0397,0.028260611,0.037518676,0.047389667,0.006571922133005882,0.02932372338243154,0.053047164696330154
2026-07-09,MEM-PHX,0.0455,0.028335052,0.03775236,0.048001792,0.024363924003180874,0.04797605186332321,0.07058071495154786
2026-07-10,MEM-PHX,0.0287,0.029325183,0.037752625,0.04746318,0.025859565119870226,0.048399185964368166,0.07125166289591632
2026-07-11,MEM-PHX,0.0435,0.03685446,0.047612686,0.06415912,0.03940264069267147,0.06316794564735824,0.08706920615121608
2026-07-12,MEM-PHX,0.0442,0.035419278,0.048434965,0.064538665,0.025397748283363747,0.0489887865488538,0.07050063734139722
2026-07-13,MEM-PHX,0.0443,0.028940827,0.038201183,0.048381828,0.00693771813038666,0.029302178396550894,0.055535435305796056
2026-07-14,MEM-PHX,0.0401,0.028039945,0.03774412,0.047931906,0.01332335451179056,0.0379667835570402,0.06198855571159571
2026-07-15,MEM-PHX,0.0292,0.02820718,0.03769013,0.04835336,0.02175721861604365,0.045784883385238215,0.06872280457683126
2026-07-16,MEM-PHX,0.0439,0.028721606,0.037241362,0.048381828,0.03356697222689932,0.05776811233234335,0.08122908528412989
2026-07-17,MEM-PHX,0.0432,0.027996784,0.03745088,0.047751553,0.010692466565240429,0.03473335994628296,0.059615762976140414
2026-07-18,MEM-PHX,0.0379,0.036590673,0.047215033,0.06434612,0.03253519354641039,0.05538826653273504,0.08105533003982639
2026-07-19,MEM-PHX,0.0418,0.03653047,0.047536235,0.06433547,0.03726222135437536,0.061141595866655324,0.08572909223536102
2026-07-20,MEM-PHX,0.0268,0.028480109,0.03780337,0.048612587,0.013590577393530014,0.03678317049711206,0.06137144244287747
2026-07-21,MEM-PHX,0.0278,0.029552411,0.03750351,0.04815829,0.016959631907701722,0.04040381259070008,0.06440621330843109
2026-07-22,MEM-PHX,0.0327,0.028659558,0.03732106,0.0475106,0.010238880320584391,0.03422967109345306,0.0599578069795348
2026-07-23,MEM-PHX,0.0353,0.02865884,0.037587646,0.04815829,0.01775954245393963,0.04121181509415957,0.06331565028866766
2026-07-24,MEM-PHX,0.0351,0.028320298,0.037434492,0.048093222,0.010160561461911022,0.032342890371350866,0.058721773877691424
2026-07-25,MEM-PHX,0.0417,0.036747366,0.04766794,0.06503907,0.04393332162141986,0.06799293876982773,0.09264712708027327
2026-07-26,MEM-PHX,0.0517,0.035961967,0.04676808,0.063952215,0.01434051738715395,0.038249723321662626,0.06125215139842514
2026-07-27,MEM-PHX,0.0397,0.029817918,0.03665701,0.046853323,0.0017715380428710173,0.02562668250914968,0.04922584849468569
2026-07-28,MEM-PHX,0.0429,0.028198192,0.036789518,0.047526076,0.014899358621285188,0.039806975333109715,0.06221747944015739
2026-07-29,MEM-PHX,0.0348,0.026219452,0.037617967,0.047445532,0.006889473839007872,0.03197748439118735,0.05544016310499904
2026-07-30,MEM-PHX,0.0377,0.02887263,0.037501734,0.04779741,0.02548598525803714,0.04940420586892763,0.07200294614112901
2026-07-31,MEM-PHX,0.03,0.026696408,0.037494518,0.047781937,0.010160701663502447,0.03207986771526262,0.05631635487697855
2026-08-01,MEM-PHX,0.0725,0.03520501,0.0473399,0.06464486,0.04096859623408408,0.0633079514981674,0.08775241119357557
2026-08-02,MEM-PHX,0.0471,0.036843896,0.04758849,0.064255334,0.011637257771018332,0.03657338053958048,0.06035227872061418
2026-08-03,MEM-PHX,0.0426,0.028921813,0.037731953,0.048093222,0.012650562272137055,0.033858802493090916,0.055234116949478634
2026-08-04,MEM-PHX,0.0245,0.028145907,0.03770515,0.048093222,0.011186581805434172,0.03479210463286818,0.06000922386197072
2026-08-05,MEM-PHX,0.0421,0.028309641,0.037475895,0.04766331,0.019183193202249788,0.041617512036140884,0.06436990415627272
2026-08-06,MEM-PHX,0.0361,0.028306281,0.037768632,0.04773684,0.011351566687470989,0.03583140455858554,0.0582678454951771
2026-08-07,MEM-PHX,0.0372,0.028394654,0.037587598,0.0476214,0.021770050891142187,0.04645117106295701,0.0694774861203044
2026-08-08,MEM-PHX,0.0615,0.034947004,0.04514879,0.06424368,0.01867470492048883,0.04191466634940727,0.06522379077169294
2026-08-09,MEM-PHX,0.0497,0.036931165,0.04726933,0.06468197,0.0320656262058712,0.05438955334590171,0.07746624953503496
2026-08-10,MEM-PHX,0.0225,0.029171143,0.0378548,0.048381828,0.02423219700734644,0.0463031477458022,0.07029466696377179
2026-08-11,MEM-PHX,0.0223,0.02786116,0.036799245,0.04714002,0.0006167967146812506,0.027234383177154854,0.05208547714617444
2026-08-12,MEM-PHX,0.0401,0.028469838,0.037508566,0.04815829,0.004439046499283485,0.027889417254626007,0.05204625606656222
2026-08-13,MEM-PHX,0.0487,0.028322445,0.03777074,0.047752313,0.02317293086733432,0.04562696312663534,0.06857066543184198
2026-08-14,MEM-PHX,0.0403,0.028707819,0.037647687,0.047703236,0.008638514480056257,0.031163659224814302,0.05551091581311993
2026-08-15,MEM-PHX,0.0379,0.03516026,0.04843229,0.066029124,0.04358811608205274,0.06661752499802215,0.09176104340545678
2026-08-16,MEM-PHX,0.0604,0.036795754,0.047075786,0.063952215,0.018516394506718936,0.043857362931967084,0.06646857932222779
2026-08-17,MEM-PHX,0.0327,0.028902143,0.036308438,0.043842494,0.02651193776847553,0.04932186093426046,0.07123203852695283
2026-08-18,MEM-PHX,0.0427,0.028088763,0.036287174,0.04351893,0.019683054470445077,0.043698398679327205,0.06652381718858845
2026-08-19,MEM-PHX,0.0499,0.028394954,0.037777424,0.04815829,0.0015393313212900368,0.02498114953037518,0.050692402550668356
2026-08-20,MEM-PHX,0.0297,0.029036902,0.038255278,0.048381828,0.02425641721761976,0.04777881495237227,0.07070943122157872
2026-08-21,MEM-PHX,0.0488,0.028555907,0.037550822,0.04815829,0.01766031048329521,0.04254231844578211,0.0650712492921649
2026-08-22,MEM-PHX,0.0476,0.037111465,0.04825313,0.06541723,0.03933340100479708,0.06443821254305433,0.0891611542886715
2026-08-23,MEM-PHX,0.0483,0.03771617,0.049302183,0.066385046,0.04574250944484395,0.06830865012547227,0.09145566845686999
2026-05-26,MEM-SEA,0.0541,0.04232849,0.05203293,0.06557033,0.04164084710239054,0.07151227548276938,0.10329768169254173
2026-05-27,MEM-SEA,0.0534,0.042542703,0.052350238,0.0653655,0.025941931686171923,0.05745303482770403,0.09050662759522353
2026-05-28,MEM-SEA,0.0433,0.042455122,0.052380383,0.06554758,0.020965504756505507,0.05132648106599527,0.08095308704422846
2026-05-29,MEM-SEA,0.0566,0.042794745,0.052944228,0.065417096,0.021089473587677737,0.051392647326823894,0.08460102007001216
2026-05-30,MEM-SEA,0.0704,0.051604867,0.0702607,0.08689108,0.05837465121307546,0.0877026471644372,0.12225792937873939
2026-05-31,MEM-SEA,0.1008,0.05157346,0.0661146,0.087499686,0.04054206376314459,0.07155881153682304,0.10274286335748052
2026-06-01,MEM-SEA,0.0548,0.042849183,0.05531585,0.064226165,0.02172324015705363,0.05317760312456794,0.08528840132679436
2026-06-02,MEM-SEA,0.049,0.042239122,0.05303278,0.066079274,0.03965415397051692,0.07043276047761642,0.10369355640173825
2026-06-03,MEM-SEA,0.0476,0.042301394,0.05313132,0.06586063,0.0025603996004344895,0.03615135409026184,0.06637462006110785
2026-06-04,MEM-SEA,0.0531,0.042477217,0.052446917,0.0653655,0.03404738643954363,0.06544539324000818,0.09575942969082098
2026-06-05,MEM-SEA,0.0515,0.04241616,0.052653123,0.06531269,0.01634750574241402,0.048999617017454554,0.07862032044712514
2026-06-06,MEM-SEA,0.0627,0.050410833,0.06759394,0.08617546,0.06069835266848878,0.09153698426871877,0.12287959264149649
2026-06-07,MEM-SEA,0.0733,0.050678734,0.067854516,0.08757749,0.06498033602302053,0.097711162389743,0.12910509444789203
2026-06-08,MEM-SEA,0.0503,0.04306898,0.054049324,0.065313816,0.034363332803280154,0.06522000636342752,0.09976146159354363
2026-06-09,MEM-SEA,0.0464,0.042612053,0.053170964,0.065728016,0.0016863814119159749,0.03366752111788073,0.06516760603107818
2026-06-10,MEM-SEA,0.0697,0.042451993,0.052474983,0.0653655,0.03085710473785009,0.06324861659116086,0.09441919466933624
2026-06-11,MEM-SEA,0.0643,0.04285111,0.053170394,0.06551617,0.014858584587818429,0.04754809380864371,0.07919566594881364
2026-06-12,MEM-SEA,0.0574,0.042724714,0.053537186,0.06588347,0.005166438744505753,0.03644318845682339,0.0663623572376242
2026-06-13,MEM-SEA,0.035,0.050926927,0.06992998,0.08620325,0.06016237343665074,0.09345048201844974,0.12464431583982022
2026-06-14,MEM-SEA,0.0616,0.050670583,0.0700182,0.085964024,0.07374623454532914,0.10539646212020352,0.13664491706776535
2026-06-15,MEM-SEA,0.057,0.042612053,0.053477045,0.065728016,0.006584620785672867,0.03888233558717313,0.0689582734198244
2026-06-16,MEM-SEA,0.0782,0.04216066,0.052386474,0.06526101,0.020694420774629626,0.052847802684740826,0.08579883224375252
2026-06-17,MEM-SEA,0.0511,0.04305037,0.054240834,0.0659317,0.031730758509468174,0.06266474881107938,0.09250362623735375
2026-06-18,MEM-SEA,0.0621,0.04245708,0.052729264,0.0653655,0.03331693338422113,0.0668003531117781,0.09618027640129852
2026-06-19,MEM-SEA,0.0503,0.04244951,0.05299578,0.0653655,0.0273123393918207,0.0573992912033914,0.08743990515373308
2026-06-20,MEM-SEA,0.0721,0.051771767,0.07180017,0.085925505,0.024377464640921116,0.056042191041470575,0.09086218418381997
2026-06-21,MEM-SEA,0.0798,0.052953977,0.06880131,0.087911285,0.06816090457586406,0.09959470902484502,0.12862039090804858
2026-06-22,MEM-SEA,0.0657,0.042498946,0.054180212,0.06449141,0.03531055344841126,0.06752247873905362,0.09805966294562855
2026-06-23,MEM-SEA,0.0504,0.042931,0.052983046,0.065923624,0.04081926216647123,0.07212694869100562,0.10518799019998118
2026-06-24,MEM-SEA,0.0498,0.04268772,0.052866355,0.0653655,0.021143537169692264,0.05241186463144201,0.08385329178091092
2026-06-25,MEM-SEA,0.0444,0.0427737,0.052893396,0.0653655,0.030209679607198774,0.06035042282261607,0.09152770545305883
2026-06-26,MEM-SEA,0.0575,0.042696565,0.052954737,0.0653655,0.031275785080658945,0.060600003043974324,0.09173392652144127
2026-06-27,MEM-SEA,0.0839,0.05079701,0.0646788,0.08683639,0.03776683954573114,0.06897760786384953,0.0985207668835131
2026-06-28,MEM-SEA,0.0848,0.05242358,0.068444826,0.08645003,0.054653726464474875,0.08681115687758259,0.11941045415021087
2026-06-29,MEM-SEA,0.0573,0.042769723,0.054576352,0.06434117,0.024656010106196474,0.0545628911464696,0.08497565423445994
2026-06-30,MEM-SEA,0.0516,0.042698096,0.05333005,0.065728016,0.0030947205743957627,0.035848075943373484,0.0677211310707395
2026-07-01,MEM-SEA,0.0349,0.04227106,0.052632716,0.06567088,0.037379195825109325,0.06854875723864791,0.10127840304951383
2026-07-02,MEM-SEA,0.071,0.042941954,0.05296433,0.06560979,-0.0003058170064753765,0.031910207256640594,0.06156921359530567
2026-07-03,MEM-SEA,0.0633,0.042746216,0.053263176,0.06586816,0.02532456407951118,0.05544427233044947,0.08902991219886673
2026-07-04,MEM-SEA,0.0444,0.05008865,0.06824669,0.08722758,0.010806016907660808,0.04224212730569663,0.07247649687732974
2026-07-05,MEM-SEA,0.0749,0.050971203,0.07132421,0.08771258,0.020164415786651485,0.05131811053953896,0.08318761492255086
2026-07-06,MEM-SEA,0.0371,0.04287503,0.05406387,0.065558344,0.014299280037000898,0.04344912034778504,0.0739762726334437
2026-07-07,MEM-SEA,0.0716,0.0424932,0.052952137,0.06544779,-0.0017033690055062417,0.029253974209641702,0.06436549461160021
2026-07-08,MEM-SEA,0.0574,0.042531077,0.052639194,0.06510777,0.028669583786797733,0.060498268296429424,0.0921314340530812
2026-07-09,MEM-SEA,0.0498,0.042548217,0.052038975,0.06567909,0.01197415027796282,0.045927225348060444,0.07727771581012251
2026-07-10,MEM-SEA,0.0482,0.04281713,0.052893396,0.0658747,0.015369350714746167,0.046072521567887395,0.07763755610891833
2026-07-11,MEM-SEA,0.0673,0.051863097,0.07163501,0.08672569,0.03434944153859593,0.06695237926375543,0.09876558367763871
2026-07-12,MEM-SEA,0.0608,0.051451545,0.06636719,0.088432595,0.04214069001336181,0.07439426757260756,0.10699624129887421
2026-07-13,MEM-SEA,0.0423,0.042681653,0.052838985,0.06563713,-0.003985985728028741,0.02691069292638766,0.05640996471280157
2026-07-14,MEM-SEA,0.0394,0.042406786,0.05248149,0.0653241,0.026404664991703755,0.05801516395466091,0.0881437636919326
2026-07-15,MEM-SEA,0.0727,0.041926377,0.052613232,0.066436335,0.028775248474032792,0.06028644781561543,0.08864413008567702
2026-07-16,MEM-SEA,0.0595,0.043257233,0.053678837,0.065785855,0.007899386104386523,0.038612969177007725,0.07015281754319093
2026-07-17,MEM-SEA,0.0535,0.042605232,0.05469592,0.067162246,0.04934904120743655,0.08232720887103064,0.11456408483927362
2026-07-18,MEM-SEA,0.0815,0.050687294,0.064606406,0.08665549,0.020533015541014596,0.050801822471941635,0.08177926642129234
2026-07-19,MEM-SEA,0.0938,0.052911177,0.06807666,0.087488994,0.038046571093516134,0.06902516064182042,0.10218184865419222
2026-07-20,MEM-SEA,0.0426,0.042992964,0.053652767,0.064820506,0.023090603842487355,0.05495204801579939,0.08681266227713275
2026-07-21,MEM-SEA,0.0469,0.04274482,0.052841377,0.065454334,-3.7526711626184256e-05,0.03254421768501488,0.06417574884745493
2026-07-22,MEM-SEA,0.0654,0.042779014,0.052768815,0.06558224,0.01857967280737359,0.04936960188581921,0.07990676690810955
2026-07-23,MEM-SEA,0.054,0.042708714,0.05311066,0.06560349,0.02976906372591272,0.061260480772072905,0.0914373928725128
2026-07-24,MEM-SEA,0.0596,0.042443864,0.05303823,0.065838054,0.004959181395431546,0.03679965341816206,0.06879185311987612
2026-07-25,MEM-SEA,0.0732,0.050649036,0.067856126,0.08687745,0.06087760348991204,0.09201161991573877,0.12512736911357783
2026-07-26,MEM-SEA,0.0782,0.051583834,0.06777532,0.08789206,0.02822210826021042,0.061053089823233576,0.09278766920175976
2026-07-27,MEM-SEA,0.0563,0.04290609,0.05374686,0.06564691,0.019028870983905266,0.04881949780899707,0.07819874785181026
2026-07-28,MEM-SEA,0.0422,0.04243502,0.053122103,0.06584111,0.0065621966941791215,0.03957298632509881,0.06974939253961061
2026-07-29,MEM-SEA,0.0662,0.04274203,0.052855704,0.06531493,0.028005333021692305,0.06043491235646634,0.09118111019789651
2026-07-30,MEM-SEA,0.0589,0.042838044,0.053504687,0.06561003,0.02974033085099344,0.05993781658151522,0.09266891182540249
2026-07-31,MEM-SEA,0.0686,0.042510413,0.05285734,0.0658747,0.025160443528344605,0.060148436794859386,0.09220869842969011
2026-08-01,MEM-SEA,0.0833,0.05318005,0.06873648,0.08738038,0.07790493469918695,0.10942713104422605,0.13963759363551623
2026-08-02,MEM-SEA,0.078,0.05266347,0.068094805,0.08825833,0.05064859696380596,0.08230828964423889,0.11323847559243452
2026-08-03,MEM-SEA,0.0502,0.043193884,0.054474536,0.06639925,0.04619716547570468,0.07632750453920326,0.10810373711026378
2026-08-04,MEM-SEA,0.0501,0.042894267,0.052662503,0.065696225,0.022506916055956394,0.05353857183671789,0.08578769334460529
2026-08-05,MEM-SEA,0.0315,0.043063667,0.05325587,0.06604738,0.009670998794938108,0.0426225729229264,0.07460804237275774
2026-08-06,MEM-SEA,0.0711,0.04288044,0.053151097,0.06568704,0.037511031278821654,0.0706149946025729,0.10194305404043674
2026-08-07,MEM-SEA,0.0484,0.043512497,0.05381354,0.06646738,0.02564254449036878,0.0565951830617563,0.08558763720142822
2026-08-08,MEM-SEA,0.0868,0.05131915,0.06819178,0.08685679,0.047802196065588665,0.07937229458533138,0.11003049204485015
2026-08-09,MEM-SEA,0.048,0.052788008,0.06850301,0.088854246,0.07122299416648847,0.1038284554546561,0.1346256941334734
2026-08-10,MEM-SEA,0.0485,0.042929858,0.053224307,0.06607517,0.015784733136442828,0.04643133212865351,0.07990509917205088
2026-08-11,MEM-SEA,0.0613,0.04264194,0.052577335,0.06639925,0.04948212354116873,0.07982165407482943,0.11441436301453062
2026-08-12,MEM-SEA,0.0519,0.042860635,0.053264715,0.06536353,0.04348097215291145,0.07511421196076962,0.10733897654538217
2026-08-13,MEM-SEA,0.0694,0.04314561,0.053158473,0.06615115,0.023108880073618908,0.055550679126479846,0.08444463771104131
2026-08-14,MEM-SEA,0.051,0.043797188,0.053492785,0.06617655,0.043186657673169634,0.0762487037326352,0.10727462239970714
2026-08-15,MEM-SEA,0.0704,0.051005255,0.06993301,0.08703107,0.06589820369191818,0.09717931539835323,0.12866416610714423
2026-08-16,MEM-SEA,0.0575,0.053144895,0.070213065,0.09000934,0.04323004602880879,0.07462223327512327,0.10386885069593553
2026-08-17,MEM-SEA,0.0532,0.04275551,0.052674733,0.06590533,0.04142244299754557,0.0740001587544952,0.10427073274517763
2026-08-18,MEM-SEA,0.0603,0.043059528,0.052729264,0.06590533,0.03383491345550796,0.06506812738720735,0.09437853641696889
2026-08-19,MEM-SEA,0.0322,0.042806037,0.05259612,0.065504186,0.032441889349432276,0.06629305297305225,0.09866599657529865
2026-08-20,MEM-SEA,0.0558,0.042813703,0.052471302,0.06574298,0.052161042606068624,0.08321683648410019,0.11671329296892538
2026-08-21,MEM-SEA,0.0746,0.042800084,0.052946057,0.06605214,0.012952305595066065,0.0454053196888274,0.07745777815374572
2026-08-22,MEM-SEA,0.0512,0.051813282,0.066724755,0.08712682,0.06178478956151893,0.09161979841230786,0.12078921082106749
2026-08-23,MEM-SEA,0.0841,0.051386695,0.06787484,0.08886752,0.06323944637333828,0.09527994274070137,0.12820407568599146
