lane_id,distance_tier,date,day_of_week,is_weekend,is_holiday,is_peak_season,weather_risk_score,total_shipments,scanned_shipments,delayed_shipments,delay_rate,_shock_active_ground_truth
MEM-ATL,short,2023-08-25,4,0,0,0,0.2554,1680,1632,64,0.0392,0
MEM-ATL,short,2023-08-26,5,1,0,0,0.0986,1070,1051,38,0.0362,0
MEM-ATL,short,2023-08-27,6,1,0,0,0.407,953,918,45,0.049,0
MEM-ATL,short,2023-08-28,0,0,0,0,0.1363,1951,1903,63,0.0331,0
MEM-ATL,short,2023-08-29,1,0,0,0,0.0701,1855,1794,69,0.0385,0
MEM-ATL,short,2023-08-30,2,0,0,0,0.2315,1899,1875,70,0.0373,0
MEM-ATL,short,2023-08-31,3,0,0,0,0.0461,1870,1825,56,0.0307,0
MEM-ATL,short,2023-09-01,4,0,0,0,0.253,1571,1535,36,0.0235,0
MEM-ATL,short,2023-09-02,5,1,0,0,0.1671,938,911,50,0.0549,0
MEM-ATL,short,2023-09-03,6,1,0,0,0.0065,868,847,37,0.0437,0
MEM-ATL,short,2023-09-04,0,0,0,0,0.2298,1735,1697,59,0.0348,0
MEM-ATL,short,2023-09-05,1,0,0,0,0.0,1548,1491,48,0.0322,0
MEM-ATL,short,2023-09-06,2,0,0,0,0.038,2012,1973,59,0.0299,0
MEM-ATL,short,2023-09-07,3,0,0,0,0.2021,1538,1497,47,0.0314,0
MEM-ATL,short,2023-09-08,4,0,0,0,0.1779,1813,1762,58,0.0329,0
MEM-ATL,short,2023-09-09,5,1,0,0,0.2502,997,981,41,0.0418,0
MEM-ATL,short,2023-09-10,6,1,0,0,0.1032,856,838,46,0.0549,0
MEM-ATL,short,2023-09-11,0,0,0,0,0.1997,2214,2155,85,0.0394,0
MEM-ATL,short,2023-09-12,1,0,0,0,0.0765,1682,1660,55,0.0331,0
MEM-ATL,short,2023-09-13,2,0,0,0,0.1435,1595,1546,61,0.0395,0
MEM-ATL,short,2023-09-14,3,0,0,0,0.0342,1765,1718,59,0.0343,0
MEM-ATL,short,2023-09-15,4,0,0,0,0.2618,1773,1738,50,0.0288,0
MEM-ATL,short,2023-09-16,5,1,0,0,0.0954,1115,1089,49,0.045,0
MEM-ATL,short,2023-09-17,6,1,0,0,0.2015,1112,1077,45,0.0418,0
MEM-ATL,short,2023-09-18,0,0,0,0,0.3568,1932,1900,63,0.0332,0
MEM-ATL,short,2023-09-19,1,0,0,0,0.0426,2152,2083,90,0.0432,0
MEM-ATL,short,2023-09-20,2,0,0,0,0.3189,1717,1690,60,0.0355,0
MEM-ATL,short,2023-09-21,3,0,0,0,0.0037,1681,1652,66,0.04,0
MEM-ATL,short,2023-09-22,4,0,0,0,0.0919,1891,1853,84,0.0453,0
MEM-ATL,short,2023-09-23,5,1,0,0,0.1791,1055,1025,47,0.0459,0
MEM-ATL,short,2023-09-24,6,1,0,0,0.3752,1170,1128,60,0.0532,0
MEM-ATL,short,2023-09-25,0,0,0,0,0.2947,1951,1886,75,0.0398,0
MEM-ATL,short,2023-09-26,1,0,0,0,0.0865,1657,1621,59,0.0364,0
MEM-ATL,short,2023-09-27,2,0,0,0,0.4055,1706,1675,60,0.0358,0
MEM-ATL,short,2023-09-28,3,0,0,0,0.3574,1884,1846,56,0.0303,0
MEM-ATL,short,2023-09-29,4,0,0,0,0.1339,1629,1604,56,0.0349,0
MEM-ATL,short,2023-09-30,5,1,0,0,0.2066,884,858,45,0.0524,0
MEM-ATL,short,2023-10-01,6,1,0,0,0.0634,991,978,46,0.047,0
MEM-ATL,short,2023-10-02,0,0,0,0,0.1963,1925,1899,69,0.0363,0
MEM-ATL,short,2023-10-03,1,0,0,0,0.1815,1814,1749,53,0.0303,0
MEM-ATL,short,2023-10-04,2,0,0,0,0.0934,1772,1715,57,0.0332,0
MEM-ATL,short,2023-10-05,3,0,0,0,0.0,2018,1973,66,0.0335,0
MEM-ATL,short,2023-10-06,4,0,0,0,0.1894,1436,1410,54,0.0383,0
MEM-ATL,short,2023-10-07,5,1,0,0,0.0237,951,932,52,0.0558,0
MEM-ATL,short,2023-10-08,6,1,0,0,0.2027,1079,1043,46,0.0441,0
MEM-ATL,short,2023-10-09,0,0,0,0,0.1271,1799,1749,54,0.0309,0
MEM-ATL,short,2023-10-10,1,0,0,0,0.142,1443,1390,57,0.041,0
MEM-ATL,short,2023-10-11,2,0,0,0,0.0284,1795,1761,56,0.0318,0
MEM-ATL,short,2023-10-12,3,0,0,0,0.2886,1746,1699,65,0.0383,0
MEM-ATL,short,2023-10-13,4,0,0,0,0.3439,1958,1904,91,0.0478,0
MEM-ATL,short,2023-10-14,5,1,0,0,0.1942,1022,999,44,0.044,0
MEM-ATL,short,2023-10-15,6,1,0,0,0.0464,1065,1043,49,0.047,0
MEM-ATL,short,2023-10-16,0,0,0,0,0.135,1791,1736,68,0.0392,0
MEM-ATL,short,2023-10-17,1,0,0,0,0.2528,1942,1872,57,0.0304,0
MEM-ATL,short,2023-10-18,2,0,0,0,0.3425,1553,1507,47,0.0312,0
MEM-ATL,short,2023-10-19,3,0,0,0,0.0,1725,1684,55,0.0327,0
MEM-ATL,short,2023-10-20,4,0,0,0,0.0,1686,1628,55,0.0338,0
MEM-ATL,short,2023-10-21,5,1,0,0,0.2412,922,890,38,0.0427,0
MEM-ATL,short,2023-10-22,6,1,0,0,0.2485,934,901,43,0.0477,0
MEM-ATL,short,2023-10-23,0,0,0,0,0.0,1730,1674,54,0.0323,0
MEM-ATL,short,2023-10-24,1,0,0,0,0.1158,1739,1684,57,0.0338,0
MEM-ATL,short,2023-10-25,2,0,0,0,0.3124,1652,1605,36,0.0224,0
MEM-ATL,short,2023-10-26,3,0,0,0,0.107,1751,1698,53,0.0312,0
MEM-ATL,short,2023-10-27,4,0,0,0,0.0,1618,1591,55,0.0346,0
MEM-ATL,short,2023-10-28,5,1,0,0,0.2013,1028,999,42,0.042,0
MEM-ATL,short,2023-10-29,6,1,0,0,0.0,1049,1018,44,0.0432,0
MEM-ATL,short,2023-10-30,0,0,0,0,0.3992,2041,2009,74,0.0368,0
MEM-ATL,short,2023-10-31,1,0,0,0,0.1469,1821,1779,70,0.0393,0
MEM-ATL,short,2023-11-01,2,0,0,0,0.095,1668,1630,47,0.0288,0
MEM-ATL,short,2023-11-02,3,0,0,0,0.1012,1877,1823,71,0.0389,0
MEM-ATL,short,2023-11-03,4,0,0,0,0.4617,1776,1731,76,0.0439,0
MEM-ATL,short,2023-11-04,5,1,0,0,0.2016,932,901,35,0.0388,0
MEM-ATL,short,2023-11-05,6,1,0,0,0.194,984,965,49,0.0508,0
MEM-ATL,short,2023-11-06,0,0,0,0,0.1097,1479,1430,35,0.0245,0
MEM-ATL,short,2023-11-07,1,0,0,0,0.0,1579,1545,66,0.0427,0
MEM-ATL,short,2023-11-08,2,0,0,0,0.2058,1813,1758,63,0.0358,0
MEM-ATL,short,2023-11-09,3,0,0,0,0.1914,1727,1698,53,0.0312,0
MEM-ATL,short,2023-11-10,4,0,0,0,0.0435,1823,1755,59,0.0336,0
MEM-ATL,short,2023-11-11,5,1,1,0,0.1658,270,264,12,0.0455,0
MEM-ATL,short,2023-11-12,6,1,0,0,0.0962,852,840,41,0.0488,0
MEM-ATL,short,2023-11-13,0,0,0,0,0.0,1961,1932,62,0.0321,0
MEM-ATL,short,2023-11-14,1,0,0,0,0.1196,1823,1765,58,0.0329,0
MEM-ATL,short,2023-11-15,2,0,0,0,0.1962,1910,1863,68,0.0365,0
MEM-ATL,short,2023-11-16,3,0,0,0,0.1415,1683,1623,62,0.0382,0
MEM-ATL,short,2023-11-17,4,0,0,0,0.2158,1544,1513,49,0.0324,0
MEM-ATL,short,2023-11-18,5,1,0,0,0.1728,878,845,34,0.0402,0
MEM-ATL,short,2023-11-19,6,1,0,0,0.1783,913,879,47,0.0535,0
MEM-ATL,short,2023-11-20,0,0,0,1,0.0875,2527,2433,140,0.0575,0
MEM-ATL,short,2023-11-21,1,0,0,1,0.3029,2698,2627,166,0.0632,0
MEM-ATL,short,2023-11-22,2,0,0,1,0.0259,2927,2841,175,0.0616,0
MEM-ATL,short,2023-11-23,3,0,0,1,0.0971,3044,3006,182,0.0605,0
MEM-ATL,short,2023-11-24,4,0,0,1,0.1006,2498,2425,134,0.0553,0
MEM-ATL,short,2023-11-25,5,1,0,1,0.1014,1849,1799,147,0.0817,0
MEM-ATL,short,2023-11-26,6,1,0,1,0.2195,1554,1521,128,0.0842,0
MEM-ATL,short,2023-11-27,0,0,0,1,0.4604,2845,2782,596,0.2142,1
MEM-ATL,short,2023-11-28,1,0,0,1,0.5896,2778,2699,426,0.1578,1
MEM-ATL,short,2023-11-29,2,0,0,1,0.0417,3140,3078,204,0.0663,0
MEM-ATL,short,2023-11-30,3,0,0,1,0.0873,2887,2797,173,0.0619,0
MEM-ATL,short,2023-12-01,4,0,0,1,0.2503,2473,2432,161,0.0662,0
MEM-ATL,short,2023-12-02,5,1,0,1,0.13,1653,1614,121,0.075,0
MEM-ATL,short,2023-12-03,6,1,0,1,0.0925,1582,1540,110,0.0714,0
MEM-ATL,short,2023-12-04,0,0,0,1,0.1205,3221,3178,231,0.0727,0
MEM-ATL,short,2023-12-05,1,0,0,1,0.0344,2130,2079,134,0.0645,0
MEM-ATL,short,2023-12-06,2,0,0,1,0.8774,2644,2565,397,0.1548,1
MEM-ATL,short,2023-12-07,3,0,0,1,0.8252,2829,2733,513,0.1877,1
MEM-ATL,short,2023-12-08,4,0,0,1,0.6674,2937,2839,589,0.2075,1
MEM-ATL,short,2023-12-09,5,1,0,1,0.0393,1323,1299,95,0.0731,0
MEM-ATL,short,2023-12-10,6,1,0,1,0.2037,1312,1291,98,0.0759,0
MEM-ATL,short,2023-12-11,0,0,0,1,0.2433,3161,3119,174,0.0558,0
MEM-ATL,short,2023-12-12,1,0,0,1,0.0275,2991,2890,152,0.0526,0
MEM-ATL,short,2023-12-13,2,0,0,1,0.1054,3070,2966,164,0.0553,0
MEM-ATL,short,2023-12-14,3,0,0,1,0.3642,3322,3250,200,0.0615,0
MEM-ATL,short,2023-12-15,4,0,0,1,0.3,3160,3088,194,0.0628,0
MEM-ATL,short,2023-12-16,5,1,0,1,0.16,1230,1210,95,0.0785,0
MEM-ATL,short,2023-12-17,6,1,0,1,0.1514,1892,1862,136,0.073,0
MEM-ATL,short,2023-12-18,0,0,0,1,0.1439,2584,2551,176,0.069,0
MEM-ATL,short,2023-12-19,1,0,0,1,0.1553,2718,2648,137,0.0517,0
MEM-ATL,short,2023-12-20,2,0,0,1,0.2113,2359,2290,148,0.0646,0
MEM-ATL,short,2023-12-21,3,0,0,1,0.2731,3184,3124,196,0.0627,0
MEM-ATL,short,2023-12-22,4,0,0,1,0.3045,2906,2828,172,0.0608,0
MEM-ATL,short,2023-12-23,5,1,0,1,0.1803,1363,1332,90,0.0676,0
MEM-ATL,short,2023-12-24,6,1,0,1,0.1828,1581,1523,119,0.0781,0
MEM-ATL,short,2023-12-25,0,0,1,1,0.0106,791,772,49,0.0635,0
MEM-ATL,short,2023-12-26,1,0,0,1,0.1975,2374,2310,122,0.0528,0
MEM-ATL,short,2023-12-27,2,0,0,0,0.1108,1793,1761,66,0.0375,0
MEM-ATL,short,2023-12-28,3,0,0,0,0.3604,1978,1909,73,0.0382,0
MEM-ATL,short,2023-12-29,4,0,0,0,0.0651,1964,1910,84,0.044,0
MEM-ATL,short,2023-12-30,5,1,0,0,0.1834,932,917,38,0.0414,0
MEM-ATL,short,2023-12-31,6,1,0,0,0.0322,1009,994,50,0.0503,0
MEM-ATL,short,2024-01-01,0,0,1,0,0.0798,408,400,8,0.02,0
MEM-ATL,short,2024-01-02,1,0,0,0,0.1576,1897,1850,64,0.0346,0
MEM-ATL,short,2024-01-03,2,0,0,0,0.1466,1712,1652,57,0.0345,0
MEM-ATL,short,2024-01-04,3,0,0,0,0.0,1455,1414,44,0.0311,0
MEM-ATL,short,2024-01-05,4,0,0,0,0.2759,1668,1623,61,0.0376,0
MEM-ATL,short,2024-01-06,5,1,0,0,0.1623,995,963,39,0.0405,0
MEM-ATL,short,2024-01-07,6,1,0,0,0.0,898,881,31,0.0352,0
MEM-ATL,short,2024-01-08,0,0,0,0,0.2889,1843,1780,64,0.036,0
MEM-ATL,short,2024-01-09,1,0,0,0,0.1119,1452,1400,43,0.0307,0
MEM-ATL,short,2024-01-10,2,0,0,0,0.1221,1871,1841,55,0.0299,0
MEM-ATL,short,2024-01-11,3,0,0,0,0.1872,2030,1976,71,0.0359,0
MEM-ATL,short,2024-01-12,4,0,0,0,0.1754,1744,1708,63,0.0369,0
MEM-ATL,short,2024-01-13,5,1,0,0,0.1959,710,688,27,0.0392,0
MEM-ATL,short,2024-01-14,6,1,0,0,0.0645,973,953,39,0.0409,0
MEM-ATL,short,2024-01-15,0,0,0,0,0.1457,1762,1696,66,0.0389,0
MEM-ATL,short,2024-01-16,1,0,0,0,0.1161,1790,1739,59,0.0339,0
MEM-ATL,short,2024-01-17,2,0,0,0,0.2826,1590,1544,71,0.046,0
MEM-ATL,short,2024-01-18,3,0,0,0,0.1949,1783,1759,62,0.0352,0
MEM-ATL,short,2024-01-19,4,0,0,0,0.1137,1981,1924,63,0.0327,0
MEM-ATL,short,2024-01-20,5,1,0,0,0.1368,1065,1037,52,0.0501,0
MEM-ATL,short,2024-01-21,6,1,0,0,0.2304,941,914,43,0.047,0
MEM-ATL,short,2024-01-22,0,0,0,0,0.0899,1938,1872,63,0.0337,0
MEM-ATL,short,2024-01-23,1,0,0,0,0.1096,1630,1598,54,0.0338,0
MEM-ATL,short,2024-01-24,2,0,0,0,0.0,1818,1784,59,0.0331,0
MEM-ATL,short,2024-01-25,3,0,0,0,0.09,2003,1977,68,0.0344,0
MEM-ATL,short,2024-01-26,4,0,0,0,0.2467,1758,1698,61,0.0359,0
MEM-ATL,short,2024-01-27,5,1,0,0,0.0585,996,977,54,0.0553,0
MEM-ATL,short,2024-01-28,6,1,0,0,0.001,1095,1060,55,0.0519,0
MEM-ATL,short,2024-01-29,0,0,0,0,0.168,1994,1955,67,0.0343,0
MEM-ATL,short,2024-01-30,1,0,0,0,0.0952,1973,1906,71,0.0373,0
MEM-ATL,short,2024-01-31,2,0,0,0,0.3234,1804,1775,69,0.0389,0
MEM-ATL,short,2024-02-01,3,0,0,0,0.0405,1536,1511,56,0.0371,0
MEM-ATL,short,2024-02-02,4,0,0,0,0.1793,2180,2145,83,0.0387,0
MEM-ATL,short,2024-02-03,5,1,0,0,0.0,1031,997,45,0.0451,0
MEM-ATL,short,2024-02-04,6,1,0,0,0.2454,1001,972,39,0.0401,0
MEM-ATL,short,2024-02-05,0,0,0,0,0.299,2029,1980,80,0.0404,0
MEM-ATL,short,2024-02-06,1,0,0,0,0.2341,1699,1642,67,0.0408,0
MEM-ATL,short,2024-02-07,2,0,0,0,0.1174,1942,1894,63,0.0333,0
MEM-ATL,short,2024-02-08,3,0,0,0,0.1504,1704,1664,65,0.0391,0
MEM-ATL,short,2024-02-09,4,0,0,0,0.1382,2118,2084,58,0.0278,0
MEM-ATL,short,2024-02-10,5,1,0,0,0.3158,943,922,47,0.051,0
MEM-ATL,short,2024-02-11,6,1,0,0,0.1505,1033,1008,52,0.0516,0
MEM-ATL,short,2024-02-12,0,0,0,0,0.2328,1697,1672,61,0.0365,0
MEM-ATL,short,2024-02-13,1,0,0,0,0.2655,1945,1914,66,0.0345,0
MEM-ATL,short,2024-02-14,2,0,0,0,0.0,1585,1556,58,0.0373,0
MEM-ATL,short,2024-02-15,3,0,0,0,0.0,1487,1459,53,0.0363,0
MEM-ATL,short,2024-02-16,4,0,0,0,0.1678,1801,1766,52,0.0294,0
MEM-ATL,short,2024-02-17,5,1,0,0,0.2259,939,927,38,0.041,0
MEM-ATL,short,2024-02-18,6,1,0,0,0.1331,1069,1043,46,0.0441,0
MEM-ATL,short,2024-02-19,0,0,0,0,0.0388,1651,1622,56,0.0345,0
MEM-ATL,short,2024-02-20,1,0,0,0,0.1377,1832,1770,65,0.0367,0
MEM-ATL,short,2024-02-21,2,0,0,0,0.1857,1939,1885,60,0.0318,0
MEM-ATL,short,2024-02-22,3,0,0,0,0.0,1540,1516,51,0.0336,0
MEM-ATL,short,2024-02-23,4,0,0,0,0.3049,1920,1871,72,0.0385,0
MEM-ATL,short,2024-02-24,5,1,0,0,0.2179,1127,1108,55,0.0496,0
MEM-ATL,short,2024-02-25,6,1,0,0,0.2185,1009,992,38,0.0383,0
MEM-ATL,short,2024-02-26,0,0,0,0,0.0863,2079,2031,90,0.0443,0
MEM-ATL,short,2024-02-27,1,0,0,0,0.332,1873,1828,68,0.0372,0
MEM-ATL,short,2024-02-28,2,0,0,0,0.0921,2001,1940,75,0.0387,0
MEM-ATL,short,2024-02-29,3,0,0,0,0.1361,1815,1755,76,0.0433,0
MEM-ATL,short,2024-03-01,4,0,0,0,0.3239,2090,2043,88,0.0431,0
MEM-ATL,short,2024-03-02,5,1,0,0,0.3444,849,826,31,0.0375,0
MEM-ATL,short,2024-03-03,6,1,0,0,0.2455,889,878,47,0.0535,0
MEM-ATL,short,2024-03-04,0,0,0,0,0.2489,2247,2204,70,0.0318,0
MEM-ATL,short,2024-03-05,1,0,0,0,0.2515,1836,1769,41,0.0232,0
MEM-ATL,short,2024-03-06,2,0,0,0,0.0,1842,1782,50,0.0281,0
MEM-ATL,short,2024-03-07,3,0,0,0,0.2979,1816,1777,72,0.0405,0
MEM-ATL,short,2024-03-08,4,0,0,0,0.1985,1803,1767,52,0.0294,0
MEM-ATL,short,2024-03-09,5,1,0,0,0.0827,965,944,42,0.0445,0
MEM-ATL,short,2024-03-10,6,1,0,0,0.0,1005,989,46,0.0465,0
MEM-ATL,short,2024-03-11,0,0,0,0,0.1824,1771,1713,70,0.0409,0
MEM-ATL,short,2024-03-12,1,0,0,0,0.4272,1663,1641,60,0.0366,0
MEM-ATL,short,2024-03-13,2,0,0,0,0.2175,1906,1842,66,0.0358,0
MEM-ATL,short,2024-03-14,3,0,0,0,0.1049,1992,1921,59,0.0307,0
MEM-ATL,short,2024-03-15,4,0,0,0,0.0,1911,1872,66,0.0353,0
MEM-ATL,short,2024-03-16,5,1,0,0,0.2995,1197,1161,46,0.0396,0
MEM-ATL,short,2024-03-17,6,1,0,0,0.1849,1013,976,48,0.0492,0
MEM-ATL,short,2024-03-18,0,0,0,0,0.0,1761,1722,61,0.0354,0
MEM-ATL,short,2024-03-19,1,0,0,0,0.0694,1761,1712,58,0.0339,0
MEM-ATL,short,2024-03-20,2,0,0,0,0.2223,1946,1897,80,0.0422,0
MEM-ATL,short,2024-03-21,3,0,0,0,0.1255,1661,1638,55,0.0336,0
MEM-ATL,short,2024-03-22,4,0,0,0,0.1489,2050,2014,79,0.0392,0
MEM-ATL,short,2024-03-23,5,1,0,0,0.3141,1169,1152,53,0.046,0
MEM-ATL,short,2024-03-24,6,1,0,0,0.1239,1081,1053,48,0.0456,0
MEM-ATL,short,2024-03-25,0,0,0,0,0.2489,1720,1689,63,0.0373,0
MEM-ATL,short,2024-03-26,1,0,0,0,0.0458,1812,1767,52,0.0294,0
MEM-ATL,short,2024-03-27,2,0,0,0,0.0003,1357,1324,56,0.0423,0
MEM-ATL,short,2024-03-28,3,0,0,0,0.1327,2044,2016,61,0.0303,0
MEM-ATL,short,2024-03-29,4,0,0,0,0.3261,1795,1744,46,0.0264,0
MEM-ATL,short,2024-03-30,5,1,0,0,0.2656,987,951,47,0.0494,0
MEM-ATL,short,2024-03-31,6,1,0,0,0.0,1055,1030,43,0.0417,0
MEM-ATL,short,2024-04-01,0,0,0,0,0.3809,1690,1631,165,0.1012,1
MEM-ATL,short,2024-04-02,1,0,0,0,0.7875,1904,1855,266,0.1434,1
MEM-ATL,short,2024-04-03,2,0,0,0,0.7468,1839,1802,193,0.1071,1
MEM-ATL,short,2024-04-04,3,0,0,0,0.0175,1821,1763,63,0.0357,0
MEM-ATL,short,2024-04-05,4,0,0,0,0.1896,1888,1842,71,0.0385,0
MEM-ATL,short,2024-04-06,5,1,0,0,0.1659,1206,1187,62,0.0522,0
MEM-ATL,short,2024-04-07,6,1,0,0,0.1752,834,804,46,0.0572,0
MEM-ATL,short,2024-04-08,0,0,0,0,0.1296,1957,1909,53,0.0278,0
MEM-ATL,short,2024-04-09,1,0,0,0,0.0102,1968,1938,63,0.0325,0
MEM-ATL,short,2024-04-10,2,0,0,0,0.332,1782,1720,63,0.0366,0
MEM-ATL,short,2024-04-11,3,0,0,0,0.1216,1904,1864,58,0.0311,0
MEM-ATL,short,2024-04-12,4,0,0,0,0.0631,1470,1417,50,0.0353,0
MEM-ATL,short,2024-04-13,5,1,0,0,0.2426,966,934,39,0.0418,0
MEM-ATL,short,2024-04-14,6,1,0,0,0.0124,859,843,36,0.0427,0
MEM-ATL,short,2024-04-15,0,0,0,0,0.0,1815,1781,62,0.0348,0
MEM-ATL,short,2024-04-16,1,0,0,0,0.2735,1701,1637,56,0.0342,0
MEM-ATL,short,2024-04-17,2,0,0,0,0.0656,1886,1844,70,0.038,0
MEM-ATL,short,2024-04-18,3,0,0,0,0.0953,1555,1517,40,0.0264,0
MEM-ATL,short,2024-04-19,4,0,0,0,0.2043,1925,1882,61,0.0324,0
MEM-ATL,short,2024-04-20,5,1,0,0,0.313,907,889,49,0.0551,0
MEM-ATL,short,2024-04-21,6,1,0,0,0.1594,942,908,48,0.0529,0
MEM-ATL,short,2024-04-22,0,0,0,0,0.0588,1975,1942,61,0.0314,0
MEM-ATL,short,2024-04-23,1,0,0,0,0.3409,1565,1543,37,0.024,0
MEM-ATL,short,2024-04-24,2,0,0,0,0.148,1864,1804,77,0.0427,0
MEM-ATL,short,2024-04-25,3,0,0,0,0.1255,1780,1725,66,0.0383,0
MEM-ATL,short,2024-04-26,4,0,0,0,0.1357,1713,1667,59,0.0354,0
MEM-ATL,short,2024-04-27,5,1,0,0,0.2144,1181,1146,45,0.0393,0
MEM-ATL,short,2024-04-28,6,1,0,0,0.2402,901,869,38,0.0437,0
MEM-ATL,short,2024-04-29,0,0,0,0,0.1662,1533,1502,59,0.0393,0
MEM-ATL,short,2024-04-30,1,0,0,0,0.0629,1892,1867,62,0.0332,0
MEM-ATL,short,2024-05-01,2,0,0,0,0.0733,2002,1960,39,0.0199,0
MEM-ATL,short,2024-05-02,3,0,0,0,0.0858,1886,1827,59,0.0323,0
MEM-ATL,short,2024-05-03,4,0,0,0,0.0001,1916,1867,73,0.0391,0
MEM-ATL,short,2024-05-04,5,1,0,0,0.0146,952,923,38,0.0412,0
MEM-ATL,short,2024-05-05,6,1,0,0,0.273,1000,965,29,0.0301,0
MEM-ATL,short,2024-05-06,0,0,0,0,0.0285,1812,1748,79,0.0452,0
MEM-ATL,short,2024-05-07,1,0,0,0,0.2757,1501,1478,41,0.0277,0
MEM-ATL,short,2024-05-08,2,0,0,0,0.0371,1660,1615,43,0.0266,0
MEM-ATL,short,2024-05-09,3,0,0,0,0.088,1599,1565,43,0.0275,0
MEM-ATL,short,2024-05-10,4,0,0,0,0.1034,1924,1888,78,0.0413,0
MEM-ATL,short,2024-05-11,5,1,0,0,0.0808,963,933,47,0.0504,0
MEM-ATL,short,2024-05-12,6,1,0,0,0.0712,977,951,44,0.0463,0
MEM-ATL,short,2024-05-13,0,0,0,0,0.0263,2178,2143,74,0.0345,0
MEM-ATL,short,2024-05-14,1,0,0,0,0.004,1760,1728,62,0.0359,0
MEM-ATL,short,2024-05-15,2,0,0,0,0.0958,1663,1611,45,0.0279,0
MEM-ATL,short,2024-05-16,3,0,0,0,0.0,1887,1838,59,0.0321,0
MEM-ATL,short,2024-05-17,4,0,0,0,0.2325,1652,1612,72,0.0447,0
MEM-ATL,short,2024-05-18,5,1,0,0,0.0,1002,989,51,0.0516,0
MEM-ATL,short,2024-05-19,6,1,0,0,0.0824,992,975,51,0.0523,0
MEM-ATL,short,2024-05-20,0,0,0,0,0.1548,1946,1880,70,0.0372,0
MEM-ATL,short,2024-05-21,1,0,0,0,0.2297,1651,1589,43,0.0271,0
MEM-ATL,short,2024-05-22,2,0,0,0,0.0444,1781,1745,60,0.0344,0
MEM-ATL,short,2024-05-23,3,0,0,0,0.2397,1939,1902,67,0.0352,0
MEM-ATL,short,2024-05-24,4,0,0,0,0.1764,1835,1793,68,0.0379,0
MEM-ATL,short,2024-05-25,5,1,0,0,0.2555,957,925,34,0.0368,0
MEM-ATL,short,2024-05-26,6,1,0,0,0.1039,948,929,40,0.0431,0
MEM-ATL,short,2024-05-27,0,0,0,0,0.207,1811,1762,51,0.0289,0
MEM-ATL,short,2024-05-28,1,0,0,0,0.2287,1489,1454,43,0.0296,0
MEM-ATL,short,2024-05-29,2,0,0,0,0.1249,1966,1897,57,0.03,0
MEM-ATL,short,2024-05-30,3,0,0,0,0.0761,1617,1573,70,0.0445,0
MEM-ATL,short,2024-05-31,4,0,0,0,0.321,1978,1942,65,0.0335,0
MEM-ATL,short,2024-06-01,5,1,0,0,0.0,1040,1010,44,0.0436,0
MEM-ATL,short,2024-06-02,6,1,0,0,0.118,836,821,31,0.0378,0
MEM-ATL,short,2024-06-03,0,0,0,0,0.0835,1539,1512,64,0.0423,0
MEM-ATL,short,2024-06-04,1,0,0,0,0.0936,1643,1585,47,0.0297,0
MEM-ATL,short,2024-06-05,2,0,0,0,0.0761,1392,1355,43,0.0317,0
MEM-ATL,short,2024-06-06,3,0,0,0,0.0,1782,1739,50,0.0288,0
MEM-ATL,short,2024-06-07,4,0,0,0,0.2539,1809,1778,62,0.0349,0
MEM-ATL,short,2024-06-08,5,1,0,0,0.0,1189,1149,52,0.0453,0
MEM-ATL,short,2024-06-09,6,1,0,0,0.0,879,862,42,0.0487,0
MEM-ATL,short,2024-06-10,0,0,0,0,0.0455,1727,1685,65,0.0386,0
MEM-ATL,short,2024-06-11,1,0,0,0,0.1758,1650,1595,55,0.0345,0
MEM-ATL,short,2024-06-12,2,0,0,0,0.1697,1767,1723,62,0.036,0
MEM-ATL,short,2024-06-13,3,0,0,0,0.1786,1940,1909,73,0.0382,0
MEM-ATL,short,2024-06-14,4,0,0,0,0.1626,1764,1715,62,0.0362,0
MEM-ATL,short,2024-06-15,5,1,0,0,0.339,928,906,42,0.0464,0
MEM-ATL,short,2024-06-16,6,1,0,0,0.0557,946,934,37,0.0396,0
MEM-ATL,short,2024-06-17,0,0,0,0,0.1969,1579,1522,47,0.0309,0
MEM-ATL,short,2024-06-18,1,0,0,0,0.1865,1954,1899,80,0.0421,0
MEM-ATL,short,2024-06-19,2,0,0,0,0.2021,1548,1523,50,0.0328,0
MEM-ATL,short,2024-06-20,3,0,0,0,0.2927,1481,1450,42,0.029,0
MEM-ATL,short,2024-06-21,4,0,0,0,0.1691,1847,1801,60,0.0333,0
MEM-ATL,short,2024-06-22,5,1,0,0,0.0552,1076,1056,38,0.036,0
MEM-ATL,short,2024-06-23,6,1,0,0,0.0926,1078,1038,48,0.0462,0
MEM-ATL,short,2024-06-24,0,0,0,0,0.2384,1646,1597,52,0.0326,0
MEM-ATL,short,2024-06-25,1,0,0,0,0.2292,1841,1785,70,0.0392,0
MEM-ATL,short,2024-06-26,2,0,0,0,0.2098,2029,1958,77,0.0393,0
MEM-ATL,short,2024-06-27,3,0,0,0,0.4929,1965,1904,59,0.031,0
MEM-ATL,short,2024-06-28,4,0,0,0,0.0777,1674,1623,54,0.0333,0
MEM-ATL,short,2024-06-29,5,1,0,0,0.2657,983,970,60,0.0619,0
MEM-ATL,short,2024-06-30,6,1,0,0,0.0,798,783,33,0.0421,0
MEM-ATL,short,2024-07-01,0,0,0,0,0.1565,1685,1650,64,0.0388,0
MEM-ATL,short,2024-07-02,1,0,0,0,0.169,1479,1424,63,0.0442,0
MEM-ATL,short,2024-07-03,2,0,0,0,0.2061,1720,1666,60,0.036,0
MEM-ATL,short,2024-07-04,3,0,1,0,0.0535,511,503,29,0.0577,0
MEM-ATL,short,2024-07-05,4,0,0,0,0.0643,1637,1615,55,0.0341,0
MEM-ATL,short,2024-07-06,5,1,0,0,0.2593,1012,993,50,0.0504,0
MEM-ATL,short,2024-07-07,6,1,0,0,0.1758,1074,1049,50,0.0477,0
MEM-ATL,short,2024-07-08,0,0,0,0,0.1466,1780,1751,63,0.036,0
MEM-ATL,short,2024-07-09,1,0,0,0,0.1618,1920,1849,76,0.0411,0
MEM-ATL,short,2024-07-10,2,0,0,0,0.1883,1932,1880,60,0.0319,0
MEM-ATL,short,2024-07-11,3,0,0,0,0.0637,1714,1690,54,0.032,0
MEM-ATL,short,2024-07-12,4,0,0,0,0.0484,1813,1748,62,0.0355,0
MEM-ATL,short,2024-07-13,5,1,0,0,0.0874,972,957,37,0.0387,0
MEM-ATL,short,2024-07-14,6,1,0,0,0.0479,1025,1001,53,0.0529,0
MEM-ATL,short,2024-07-15,0,0,0,0,0.2077,1951,1923,59,0.0307,0
MEM-ATL,short,2024-07-16,1,0,0,0,0.0,1775,1711,59,0.0345,0
MEM-ATL,short,2024-07-17,2,0,0,0,0.2371,1830,1804,70,0.0388,0
MEM-ATL,short,2024-07-18,3,0,0,0,0.1284,1498,1456,56,0.0385,0
MEM-ATL,short,2024-07-19,4,0,0,0,0.1609,1787,1738,76,0.0437,0
MEM-ATL,short,2024-07-20,5,1,0,0,0.2233,1109,1083,40,0.0369,0
MEM-ATL,short,2024-07-21,6,1,0,0,0.1514,1003,978,41,0.0419,0
MEM-ATL,short,2024-07-22,0,0,0,0,0.2082,1973,1939,67,0.0346,0
MEM-ATL,short,2024-07-23,1,0,0,0,0.1453,1552,1503,54,0.0359,0
MEM-ATL,short,2024-07-24,2,0,0,0,0.0,1843,1806,70,0.0388,0
MEM-ATL,short,2024-07-25,3,0,0,0,0.1434,1770,1716,74,0.0431,0
MEM-ATL,short,2024-07-26,4,0,0,0,0.2741,1449,1419,43,0.0303,0
MEM-ATL,short,2024-07-27,5,1,0,0,0.0,1054,1039,54,0.052,0
MEM-ATL,short,2024-07-28,6,1,0,0,0.223,1021,989,45,0.0455,0
MEM-ATL,short,2024-07-29,0,0,0,0,0.1652,1893,1823,66,0.0362,0
MEM-ATL,short,2024-07-30,1,0,0,0,0.2982,1537,1503,62,0.0413,0
MEM-ATL,short,2024-07-31,2,0,0,0,0.2337,1826,1786,56,0.0314,0
MEM-ATL,short,2024-08-01,3,0,0,0,0.2943,1835,1799,67,0.0372,0
MEM-ATL,short,2024-08-02,4,0,0,0,0.0891,1815,1791,53,0.0296,0
MEM-ATL,short,2024-08-03,5,1,0,0,0.1943,905,876,41,0.0468,0
MEM-ATL,short,2024-08-04,6,1,0,0,0.2003,943,924,47,0.0509,0
MEM-ATL,short,2024-08-05,0,0,0,0,0.0,1824,1774,57,0.0321,0
MEM-ATL,short,2024-08-06,1,0,0,0,0.1813,1686,1665,50,0.03,0
MEM-ATL,short,2024-08-07,2,0,0,0,0.2759,2107,2077,82,0.0395,0
MEM-ATL,short,2024-08-08,3,0,0,0,0.1288,1692,1663,54,0.0325,0
MEM-ATL,short,2024-08-09,4,0,0,0,0.1455,1926,1859,75,0.0403,0
MEM-ATL,short,2024-08-10,5,1,0,0,0.2951,1027,990,50,0.0505,0
MEM-ATL,short,2024-08-11,6,1,0,0,0.2843,1104,1076,41,0.0381,0
MEM-ATL,short,2024-08-12,0,0,0,0,0.1362,1633,1609,50,0.0311,0
MEM-ATL,short,2024-08-13,1,0,0,0,0.1172,1835,1779,57,0.032,0
MEM-ATL,short,2024-08-14,2,0,0,0,0.0,1779,1727,62,0.0359,0
MEM-ATL,short,2024-08-15,3,0,0,0,0.0,2091,2037,76,0.0373,0
MEM-ATL,short,2024-08-16,4,0,0,0,0.0727,1614,1570,52,0.0331,0
MEM-ATL,short,2024-08-17,5,1,0,0,0.0,918,891,36,0.0404,0
MEM-ATL,short,2024-08-18,6,1,0,0,0.2832,827,804,41,0.051,0
MEM-ATL,short,2024-08-19,0,0,0,0,0.1621,1691,1662,56,0.0337,0
MEM-ATL,short,2024-08-20,1,0,0,0,0.0,2065,2022,80,0.0396,0
MEM-ATL,short,2024-08-21,2,0,0,0,0.032,1753,1713,49,0.0286,0
MEM-ATL,short,2024-08-22,3,0,0,0,0.0334,2027,1991,79,0.0397,0
MEM-ATL,short,2024-08-23,4,0,0,0,0.2423,1572,1520,59,0.0388,0
MEM-ATL,short,2024-08-24,5,1,0,0,0.1007,1006,977,37,0.0379,0
MEM-ATL,short,2024-08-25,6,1,0,0,0.0,774,748,35,0.0468,0
MEM-ATL,short,2024-08-26,0,0,0,0,0.0971,1705,1660,60,0.0361,0
MEM-ATL,short,2024-08-27,1,0,0,0,0.1893,1881,1815,74,0.0408,0
MEM-ATL,short,2024-08-28,2,0,0,0,0.2415,1874,1850,80,0.0432,0
MEM-ATL,short,2024-08-29,3,0,0,0,0.138,1896,1848,54,0.0292,0
MEM-ATL,short,2024-08-30,4,0,0,0,0.2478,1742,1713,64,0.0374,0
MEM-ATL,short,2024-08-31,5,1,0,0,0.1353,1175,1132,51,0.0451,0
MEM-ATL,short,2024-09-01,6,1,0,0,0.271,914,902,41,0.0455,0
MEM-ATL,short,2024-09-02,0,0,0,0,0.1648,1975,1923,58,0.0302,0
MEM-ATL,short,2024-09-03,1,0,0,0,0.3772,1395,1371,43,0.0314,0
MEM-ATL,short,2024-09-04,2,0,0,0,0.2878,1665,1627,53,0.0326,0
MEM-ATL,short,2024-09-05,3,0,0,0,0.2257,1733,1670,61,0.0365,0
MEM-ATL,short,2024-09-06,4,0,0,0,0.0915,1778,1749,58,0.0332,0
MEM-ATL,short,2024-09-07,5,1,0,0,0.137,885,856,40,0.0467,0
MEM-ATL,short,2024-09-08,6,1,0,0,0.3288,1037,1001,41,0.041,0
MEM-ATL,short,2024-09-09,0,0,0,0,0.2027,1855,1816,68,0.0374,0
MEM-ATL,short,2024-09-10,1,0,0,0,0.1719,1844,1792,53,0.0296,0
MEM-ATL,short,2024-09-11,2,0,0,0,0.3147,1968,1934,63,0.0326,0
MEM-ATL,short,2024-09-12,3,0,0,0,0.2249,1929,1864,65,0.0349,0
MEM-ATL,short,2024-09-13,4,0,0,0,0.2746,1492,1465,62,0.0423,0
MEM-ATL,short,2024-09-14,5,1,0,0,0.0423,1060,1025,51,0.0498,0
MEM-ATL,short,2024-09-15,6,1,0,0,0.2616,1006,973,50,0.0514,0
MEM-ATL,short,2024-09-16,0,0,0,0,0.1754,2143,2085,71,0.0341,0
MEM-ATL,short,2024-09-17,1,0,0,0,0.1449,1594,1554,70,0.045,0
MEM-ATL,short,2024-09-18,2,0,0,0,0.2949,2112,2084,71,0.0341,0
MEM-ATL,short,2024-09-19,3,0,0,0,0.1395,1956,1892,62,0.0328,0
MEM-ATL,short,2024-09-20,4,0,0,0,0.0,1803,1742,61,0.035,0
MEM-ATL,short,2024-09-21,5,1,0,0,0.0359,1111,1083,58,0.0536,0
MEM-ATL,short,2024-09-22,6,1,0,0,0.0,945,915,40,0.0437,0
MEM-ATL,short,2024-09-23,0,0,0,0,0.0713,1938,1887,72,0.0382,0
MEM-ATL,short,2024-09-24,1,0,0,0,0.1939,1751,1698,53,0.0312,0
MEM-ATL,short,2024-09-25,2,0,0,0,0.1234,2114,2069,80,0.0387,0
MEM-ATL,short,2024-09-26,3,0,0,0,0.1212,1450,1424,42,0.0295,0
MEM-ATL,short,2024-09-27,4,0,0,0,0.2645,2121,2059,61,0.0296,0
MEM-ATL,short,2024-09-28,5,1,0,0,0.0166,1147,1131,66,0.0584,0
MEM-ATL,short,2024-09-29,6,1,0,0,0.0,1058,1040,40,0.0385,0
MEM-ATL,short,2024-09-30,0,0,0,0,0.1581,1728,1695,61,0.036,0
MEM-ATL,short,2024-10-01,1,0,0,0,0.3048,1680,1650,57,0.0345,0
MEM-ATL,short,2024-10-02,2,0,0,0,0.0,1493,1443,51,0.0353,0
MEM-ATL,short,2024-10-03,3,0,0,0,0.317,2270,2238,70,0.0313,0
MEM-ATL,short,2024-10-04,4,0,0,0,0.2892,1847,1815,67,0.0369,0
MEM-ATL,short,2024-10-05,5,1,0,0,0.197,974,961,40,0.0416,0
MEM-ATL,short,2024-10-06,6,1,0,0,0.2267,912,894,43,0.0481,0
MEM-ATL,short,2024-10-07,0,0,0,0,0.086,1710,1669,54,0.0324,0
MEM-ATL,short,2024-10-08,1,0,0,0,0.2491,2149,2097,75,0.0358,0
MEM-ATL,short,2024-10-09,2,0,0,0,0.2059,1576,1539,57,0.037,0
MEM-ATL,short,2024-10-10,3,0,0,0,0.1962,1988,1925,72,0.0374,0
MEM-ATL,short,2024-10-11,4,0,0,0,0.3276,1711,1657,72,0.0435,0
MEM-ATL,short,2024-10-12,5,1,0,0,0.2172,1029,1003,52,0.0518,0
MEM-ATL,short,2024-10-13,6,1,0,0,0.2549,1049,1021,44,0.0431,0
MEM-ATL,short,2024-10-14,0,0,0,0,0.1063,1578,1542,47,0.0305,0
MEM-ATL,short,2024-10-15,1,0,0,0,0.2436,1482,1451,46,0.0317,0
MEM-ATL,short,2024-10-16,2,0,0,0,0.0263,1717,1690,51,0.0302,0
MEM-ATL,short,2024-10-17,3,0,0,0,0.4493,1597,1574,54,0.0343,0
MEM-ATL,short,2024-10-18,4,0,0,0,0.159,1834,1781,77,0.0432,0
MEM-ATL,short,2024-10-19,5,1,0,0,0.0755,984,955,36,0.0377,0
MEM-ATL,short,2024-10-20,6,1,0,0,0.1792,1042,1011,43,0.0425,0
MEM-ATL,short,2024-10-21,0,0,0,0,0.2259,1449,1410,51,0.0362,0
MEM-ATL,short,2024-10-22,1,0,0,0,0.3335,1909,1843,71,0.0385,0
MEM-ATL,short,2024-10-23,2,0,0,0,0.0,1724,1693,69,0.0408,0
MEM-ATL,short,2024-10-24,3,0,0,0,0.2573,1764,1707,72,0.0422,0
MEM-ATL,short,2024-10-25,4,0,0,0,0.167,1744,1682,49,0.0291,0
MEM-ATL,short,2024-10-26,5,1,0,0,0.0704,915,881,37,0.042,0
MEM-ATL,short,2024-10-27,6,1,0,0,0.247,877,860,37,0.043,0
MEM-ATL,short,2024-10-28,0,0,0,0,0.1549,1730,1668,55,0.033,0
MEM-ATL,short,2024-10-29,1,0,0,0,0.3697,1865,1830,59,0.0322,0
MEM-ATL,short,2024-10-30,2,0,0,0,0.0727,1507,1457,53,0.0364,0
MEM-ATL,short,2024-10-31,3,0,0,0,0.1126,1626,1597,66,0.0413,0
MEM-ATL,short,2024-11-01,4,0,0,0,0.3206,1467,1420,47,0.0331,0
MEM-ATL,short,2024-11-02,5,1,0,0,0.1148,909,877,39,0.0445,0
MEM-ATL,short,2024-11-03,6,1,0,0,0.2406,978,960,45,0.0469,0
MEM-ATL,short,2024-11-04,0,0,0,0,0.2137,1645,1619,53,0.0327,0
MEM-ATL,short,2024-11-05,1,0,0,0,0.1865,1833,1807,67,0.0371,0
MEM-ATL,short,2024-11-06,2,0,0,0,0.3938,1867,1843,61,0.0331,0
MEM-ATL,short,2024-11-07,3,0,0,0,0.1643,1675,1635,46,0.0281,0
MEM-ATL,short,2024-11-08,4,0,0,0,0.1392,2310,2275,73,0.0321,0
MEM-ATL,short,2024-11-09,5,1,0,0,0.3403,1030,1010,43,0.0426,0
MEM-ATL,short,2024-11-10,6,1,0,0,0.058,928,912,46,0.0504,0
MEM-ATL,short,2024-11-11,0,0,1,0,0.2325,447,433,19,0.0439,0
MEM-ATL,short,2024-11-12,1,0,0,0,0.0,1874,1822,67,0.0368,0
MEM-ATL,short,2024-11-13,2,0,0,0,0.0995,1614,1563,60,0.0384,0
MEM-ATL,short,2024-11-14,3,0,0,0,0.1954,1934,1868,82,0.0439,0
MEM-ATL,short,2024-11-15,4,0,0,0,0.1296,1537,1508,45,0.0298,0
MEM-ATL,short,2024-11-16,5,1,0,0,0.1828,867,842,42,0.0499,0
MEM-ATL,short,2024-11-17,6,1,0,0,0.2084,1108,1086,48,0.0442,0
MEM-ATL,short,2024-11-18,0,0,0,0,0.1357,2043,2009,75,0.0373,0
MEM-ATL,short,2024-11-19,1,0,0,0,0.3208,1863,1831,62,0.0339,0
MEM-ATL,short,2024-11-20,2,0,0,1,0.0134,2570,2510,170,0.0677,0
MEM-ATL,short,2024-11-21,3,0,0,1,0.1739,2863,2767,149,0.0538,0
MEM-ATL,short,2024-11-22,4,0,0,1,0.2022,2867,2760,148,0.0536,0
MEM-ATL,short,2024-11-23,5,1,0,1,0.2425,1424,1376,112,0.0814,0
MEM-ATL,short,2024-11-24,6,1,0,1,0.2758,1453,1428,119,0.0833,0
MEM-ATL,short,2024-11-25,0,0,0,1,0.2387,2526,2432,179,0.0736,0
MEM-ATL,short,2024-11-26,1,0,0,1,0.0702,3301,3252,199,0.0612,0
MEM-ATL,short,2024-11-27,2,0,0,1,0.0712,3252,3154,215,0.0682,0
MEM-ATL,short,2024-11-28,3,0,0,1,0.2763,2779,2744,161,0.0587,0
MEM-ATL,short,2024-11-29,4,0,0,1,0.0524,2457,2423,131,0.0541,0
MEM-ATL,short,2024-11-30,5,1,0,1,0.2399,1738,1708,122,0.0714,0
MEM-ATL,short,2024-12-01,6,1,0,1,0.1723,1691,1646,127,0.0772,0
MEM-ATL,short,2024-12-02,0,0,0,1,0.1995,3118,3008,195,0.0648,0
MEM-ATL,short,2024-12-03,1,0,0,1,0.015,2517,2463,164,0.0666,0
MEM-ATL,short,2024-12-04,2,0,0,1,0.1227,2831,2776,171,0.0616,0
MEM-ATL,short,2024-12-05,3,0,0,1,0.3632,3032,2984,169,0.0566,0
MEM-ATL,short,2024-12-06,4,0,0,1,0.4706,2692,2623,156,0.0595,0
MEM-ATL,short,2024-12-07,5,1,0,1,0.2166,1532,1499,110,0.0734,0
MEM-ATL,short,2024-12-08,6,1,0,1,0.0399,1524,1501,128,0.0853,0
MEM-ATL,short,2024-12-09,0,0,0,1,0.2432,3064,2951,190,0.0644,0
MEM-ATL,short,2024-12-10,1,0,0,1,0.0316,2961,2916,172,0.059,0
MEM-ATL,short,2024-12-11,2,0,0,1,0.6115,2431,2372,374,0.1577,1
MEM-ATL,short,2024-12-12,3,0,0,1,0.7026,2745,2645,461,0.1743,1
MEM-ATL,short,2024-12-13,4,0,0,1,0.0812,2901,2830,181,0.064,0
MEM-ATL,short,2024-12-14,5,1,0,1,0.2076,1419,1391,107,0.0769,0
MEM-ATL,short,2024-12-15,6,1,0,1,0.2345,1620,1596,131,0.0821,0
MEM-ATL,short,2024-12-16,0,0,0,1,0.4181,3298,3217,219,0.0681,0
MEM-ATL,short,2024-12-17,1,0,0,1,0.6312,2927,2867,568,0.1981,1
MEM-ATL,short,2024-12-18,2,0,0,1,0.6527,2315,2251,493,0.219,1
MEM-ATL,short,2024-12-19,3,0,0,1,0.8312,3162,3117,769,0.2467,1
MEM-ATL,short,2024-12-20,4,0,0,1,0.181,2696,2633,152,0.0577,0
MEM-ATL,short,2024-12-21,5,1,0,1,0.2659,1408,1381,103,0.0746,0
MEM-ATL,short,2024-12-22,6,1,0,1,0.1095,1434,1384,107,0.0773,0
MEM-ATL,short,2024-12-23,0,0,0,1,0.1974,2679,2639,161,0.061,0
MEM-ATL,short,2024-12-24,1,0,0,1,0.1109,3314,3240,190,0.0586,0
MEM-ATL,short,2024-12-25,2,0,1,1,0.0,704,689,45,0.0653,0
MEM-ATL,short,2024-12-26,3,0,0,1,0.2788,2611,2557,144,0.0563,0
MEM-ATL,short,2024-12-27,4,0,0,0,0.2165,1603,1582,36,0.0228,0
MEM-ATL,short,2024-12-28,5,1,0,0,0.1682,956,922,39,0.0423,0
MEM-ATL,short,2024-12-29,6,1,0,0,0.2345,1115,1082,39,0.036,0
MEM-ATL,short,2024-12-30,0,0,0,0,0.2536,1815,1791,63,0.0352,0
MEM-ATL,short,2024-12-31,1,0,0,0,0.2435,1894,1831,51,0.0279,0
MEM-ATL,short,2025-01-01,2,0,1,0,0.1458,452,445,17,0.0382,0
MEM-ATL,short,2025-01-02,3,0,0,0,0.1204,1631,1598,54,0.0338,0
MEM-ATL,short,2025-01-03,4,0,0,0,0.3525,2020,1951,69,0.0354,0
MEM-ATL,short,2025-01-04,5,1,0,0,0.2147,985,971,32,0.033,0
MEM-ATL,short,2025-01-05,6,1,0,0,0.0754,785,764,39,0.051,0
MEM-ATL,short,2025-01-06,0,0,0,0,0.1759,1329,1306,42,0.0322,0
MEM-ATL,short,2025-01-07,1,0,0,0,0.1864,1893,1834,62,0.0338,0
MEM-ATL,short,2025-01-08,2,0,0,0,0.149,1782,1758,74,0.0421,0
MEM-ATL,short,2025-01-09,3,0,0,0,0.3754,1670,1616,53,0.0328,0
MEM-ATL,short,2025-01-10,4,0,0,0,0.0,1815,1779,58,0.0326,0
MEM-ATL,short,2025-01-11,5,1,0,0,0.2201,896,876,29,0.0331,0
MEM-ATL,short,2025-01-12,6,1,0,0,0.0644,1147,1112,37,0.0333,0
MEM-ATL,short,2025-01-13,0,0,0,0,0.2092,2122,2069,65,0.0314,0
MEM-ATL,short,2025-01-14,1,0,0,0,0.1655,1616,1563,54,0.0345,0
MEM-ATL,short,2025-01-15,2,0,0,0,0.151,1943,1887,81,0.0429,0
MEM-ATL,short,2025-01-16,3,0,0,0,0.1091,2197,2128,68,0.032,0
MEM-ATL,short,2025-01-17,4,0,0,0,0.1159,1830,1767,59,0.0334,0
MEM-ATL,short,2025-01-18,5,1,0,0,0.2827,962,946,31,0.0328,0
MEM-ATL,short,2025-01-19,6,1,0,0,0.0,898,883,40,0.0453,0
MEM-ATL,short,2025-01-20,0,0,0,0,0.1227,1549,1509,55,0.0364,0
MEM-ATL,short,2025-01-21,1,0,0,0,0.3135,2089,2018,54,0.0268,0
MEM-ATL,short,2025-01-22,2,0,0,0,0.2815,1702,1647,61,0.037,0
MEM-ATL,short,2025-01-23,3,0,0,0,0.267,2084,2016,83,0.0412,0
MEM-ATL,short,2025-01-24,4,0,0,0,0.1607,1962,1931,69,0.0357,0
MEM-ATL,short,2025-01-25,5,1,0,0,0.3229,973,955,49,0.0513,0
MEM-ATL,short,2025-01-26,6,1,0,0,0.1208,1092,1059,60,0.0567,0
MEM-ATL,short,2025-01-27,0,0,0,0,0.1283,1993,1954,77,0.0394,0
MEM-ATL,short,2025-01-28,1,0,0,0,0.0749,1697,1633,45,0.0276,0
MEM-ATL,short,2025-01-29,2,0,0,0,0.2036,1915,1885,53,0.0281,0
MEM-ATL,short,2025-01-30,3,0,0,0,0.1125,1963,1926,69,0.0358,0
MEM-ATL,short,2025-01-31,4,0,0,0,0.0,1660,1602,63,0.0393,0
MEM-ATL,short,2025-02-01,5,1,0,0,0.2625,852,835,40,0.0479,0
MEM-ATL,short,2025-02-02,6,1,0,0,0.0587,989,966,42,0.0435,0
MEM-ATL,short,2025-02-03,0,0,0,0,0.2612,1655,1612,63,0.0391,0
MEM-ATL,short,2025-02-04,1,0,0,0,0.2361,1787,1731,64,0.037,0
MEM-ATL,short,2025-02-05,2,0,0,0,0.2361,1938,1904,72,0.0378,0
MEM-ATL,short,2025-02-06,3,0,0,0,0.1936,1843,1801,57,0.0316,0
MEM-ATL,short,2025-02-07,4,0,0,0,0.0,2027,1980,73,0.0369,0
MEM-ATL,short,2025-02-08,5,1,0,0,0.3939,990,963,47,0.0488,0
MEM-ATL,short,2025-02-09,6,1,0,0,0.3117,1043,1015,52,0.0512,0
MEM-ATL,short,2025-02-10,0,0,0,0,0.0815,1821,1776,66,0.0372,0
MEM-ATL,short,2025-02-11,1,0,0,0,0.325,1551,1517,47,0.031,0
MEM-ATL,short,2025-02-12,2,0,0,0,0.1453,1757,1716,67,0.039,0
MEM-ATL,short,2025-02-13,3,0,0,0,0.2534,1387,1346,47,0.0349,0
MEM-ATL,short,2025-02-14,4,0,0,0,0.0747,1785,1730,46,0.0266,0
MEM-ATL,short,2025-02-15,5,1,0,0,0.0389,1091,1055,62,0.0588,0
MEM-ATL,short,2025-02-16,6,1,0,0,0.0,1003,980,34,0.0347,0
MEM-ATL,short,2025-02-17,0,0,0,0,0.3498,1722,1668,71,0.0426,0
MEM-ATL,short,2025-02-18,1,0,0,0,0.1028,2034,1959,65,0.0332,0
MEM-ATL,short,2025-02-19,2,0,0,0,0.2363,2037,2002,83,0.0415,0
MEM-ATL,short,2025-02-20,3,0,0,0,0.1505,1533,1480,57,0.0385,0
MEM-ATL,short,2025-02-21,4,0,0,0,0.0,1628,1577,44,0.0279,0
MEM-ATL,short,2025-02-22,5,1,0,0,0.2132,980,964,43,0.0446,0
MEM-ATL,short,2025-02-23,6,1,0,0,0.1596,853,835,47,0.0563,0
MEM-ATL,short,2025-02-24,0,0,0,0,0.2013,1684,1642,60,0.0365,0
MEM-ATL,short,2025-02-25,1,0,0,0,0.0,1599,1546,73,0.0472,0
MEM-ATL,short,2025-02-26,2,0,0,0,0.0028,1655,1629,58,0.0356,0
MEM-ATL,short,2025-02-27,3,0,0,0,0.1221,1771,1742,69,0.0396,0
MEM-ATL,short,2025-02-28,4,0,0,0,0.0467,1524,1498,51,0.034,0
MEM-ATL,short,2025-03-01,5,1,0,0,0.2336,1027,994,42,0.0423,0
MEM-ATL,short,2025-03-02,6,1,0,0,0.2259,1021,998,53,0.0531,0
MEM-ATL,short,2025-03-03,0,0,0,0,0.105,2292,2227,65,0.0292,0
MEM-ATL,short,2025-03-04,1,0,0,0,0.0931,1779,1742,76,0.0436,0
MEM-ATL,short,2025-03-05,2,0,0,0,0.106,2193,2140,76,0.0355,0
MEM-ATL,short,2025-03-06,3,0,0,0,0.0742,1825,1789,78,0.0436,0
MEM-ATL,short,2025-03-07,4,0,0,0,0.0,1943,1905,74,0.0388,0
MEM-ATL,short,2025-03-08,5,1,0,0,0.2904,959,942,51,0.0541,0
MEM-ATL,short,2025-03-09,6,1,0,0,0.0,995,982,47,0.0479,0
MEM-ATL,short,2025-03-10,0,0,0,0,0.2052,1819,1785,69,0.0387,0
MEM-ATL,short,2025-03-11,1,0,0,0,0.0041,1903,1860,53,0.0285,0
MEM-ATL,short,2025-03-12,2,0,0,0,0.3358,1565,1510,56,0.0371,0
MEM-ATL,short,2025-03-13,3,0,0,0,0.0,2069,1999,91,0.0455,0
MEM-ATL,short,2025-03-14,4,0,0,0,0.1235,1571,1531,67,0.0438,0
MEM-ATL,short,2025-03-15,5,1,0,0,0.1381,965,948,39,0.0411,0
MEM-ATL,short,2025-03-16,6,1,0,0,0.2878,1010,977,32,0.0328,0
MEM-ATL,short,2025-03-17,0,0,0,0,0.1423,1967,1923,68,0.0354,0
MEM-ATL,short,2025-03-18,1,0,0,0,0.1782,1850,1817,46,0.0253,0
MEM-ATL,short,2025-03-19,2,0,0,0,0.3217,1831,1784,73,0.0409,0
MEM-ATL,short,2025-03-20,3,0,0,0,0.0,1921,1872,59,0.0315,0
MEM-ATL,short,2025-03-21,4,0,0,0,0.1387,1395,1360,49,0.036,0
MEM-ATL,short,2025-03-22,5,1,0,0,0.0,873,858,33,0.0385,0
MEM-ATL,short,2025-03-23,6,1,0,0,0.8271,880,853,111,0.1301,1
MEM-ATL,short,2025-03-24,0,0,0,0,0.7673,2222,2177,324,0.1488,1
MEM-ATL,short,2025-03-25,1,0,0,0,0.0,1552,1513,51,0.0337,0
MEM-ATL,short,2025-03-26,2,0,0,0,0.1856,1498,1460,55,0.0377,0
MEM-ATL,short,2025-03-27,3,0,0,0,0.1567,1590,1551,58,0.0374,0
MEM-ATL,short,2025-03-28,4,0,0,0,0.0232,1385,1360,56,0.0412,0
MEM-ATL,short,2025-03-29,5,1,0,0,0.1223,839,827,31,0.0375,0
MEM-ATL,short,2025-03-30,6,1,0,0,0.0,850,821,38,0.0463,0
MEM-ATL,short,2025-03-31,0,0,0,0,0.1207,1385,1362,41,0.0301,0
MEM-ATL,short,2025-04-01,1,0,0,0,0.2299,1491,1463,41,0.028,0
MEM-ATL,short,2025-04-02,2,0,0,0,0.0593,1664,1630,71,0.0436,0
MEM-ATL,short,2025-04-03,3,0,0,0,0.2064,2037,1986,70,0.0352,0
MEM-ATL,short,2025-04-04,4,0,0,0,0.2344,1695,1638,57,0.0348,0
MEM-ATL,short,2025-04-05,5,1,0,0,0.1452,974,939,36,0.0383,0
MEM-ATL,short,2025-04-06,6,1,0,0,0.0,941,907,27,0.0298,0
MEM-ATL,short,2025-04-07,0,0,0,0,0.0535,1926,1855,67,0.0361,0
MEM-ATL,short,2025-04-08,1,0,0,0,0.1763,1602,1571,55,0.035,0
MEM-ATL,short,2025-04-09,2,0,0,0,0.243,1963,1937,69,0.0356,0
MEM-ATL,short,2025-04-10,3,0,0,0,0.0754,1709,1672,56,0.0335,0
MEM-ATL,short,2025-04-11,4,0,0,0,0.0259,1771,1725,57,0.033,0
MEM-ATL,short,2025-04-12,5,1,0,0,0.1205,1001,968,46,0.0475,0
MEM-ATL,short,2025-04-13,6,1,0,0,0.4187,976,947,58,0.0612,0
MEM-ATL,short,2025-04-14,0,0,0,0,0.29,1733,1672,52,0.0311,0
MEM-ATL,short,2025-04-15,1,0,0,0,0.1364,1908,1869,64,0.0342,0
MEM-ATL,short,2025-04-16,2,0,0,0,0.0342,1794,1729,58,0.0335,0
MEM-ATL,short,2025-04-17,3,0,0,0,0.2214,1754,1697,53,0.0312,0
MEM-ATL,short,2025-04-18,4,0,0,0,0.1321,1780,1740,51,0.0293,0
MEM-ATL,short,2025-04-19,5,1,0,0,0.1381,1036,1022,53,0.0519,0
MEM-ATL,short,2025-04-20,6,1,0,0,0.2356,1067,1038,38,0.0366,0
MEM-ATL,short,2025-04-21,0,0,0,0,0.0746,1560,1520,50,0.0329,0
MEM-ATL,short,2025-04-22,1,0,0,0,0.0,1749,1726,64,0.0371,0
MEM-ATL,short,2025-04-23,2,0,0,0,0.051,1612,1552,52,0.0335,0
MEM-ATL,short,2025-04-24,3,0,0,0,0.2533,1981,1924,52,0.027,0
MEM-ATL,short,2025-04-25,4,0,0,0,0.0,1557,1502,61,0.0406,0
MEM-ATL,short,2025-04-26,5,1,0,0,0.0078,861,848,44,0.0519,0
MEM-ATL,short,2025-04-27,6,1,0,0,0.1236,1093,1076,49,0.0455,0
MEM-ATL,short,2025-04-28,0,0,0,0,0.3032,1541,1493,58,0.0388,0
MEM-ATL,short,2025-04-29,1,0,0,0,0.2157,1558,1511,56,0.0371,0
MEM-ATL,short,2025-04-30,2,0,0,0,0.062,1567,1521,44,0.0289,0
MEM-ATL,short,2025-05-01,3,0,0,0,0.1394,1978,1937,68,0.0351,0
MEM-ATL,short,2025-05-02,4,0,0,0,0.058,2092,2037,65,0.0319,0
MEM-ATL,short,2025-05-03,5,1,0,0,0.1742,997,983,44,0.0448,0
MEM-ATL,short,2025-05-04,6,1,0,0,0.1842,1045,1011,56,0.0554,0
MEM-ATL,short,2025-05-05,0,0,0,0,0.1361,2091,2020,68,0.0337,0
MEM-ATL,short,2025-05-06,1,0,0,0,0.0678,1780,1749,62,0.0354,0
MEM-ATL,short,2025-05-07,2,0,0,0,0.214,1598,1540,63,0.0409,0
MEM-ATL,short,2025-05-08,3,0,0,0,0.2774,1877,1816,44,0.0242,0
MEM-ATL,short,2025-05-09,4,0,0,0,0.0,1679,1646,60,0.0365,0
MEM-ATL,short,2025-05-10,5,1,0,0,0.1465,1143,1103,44,0.0399,0
MEM-ATL,short,2025-05-11,6,1,0,0,0.2704,1092,1076,50,0.0465,0
MEM-ATL,short,2025-05-12,0,0,0,0,0.184,1709,1669,67,0.0401,0
MEM-ATL,short,2025-05-13,1,0,0,0,0.2847,1783,1719,69,0.0401,0
MEM-ATL,short,2025-05-14,2,0,0,0,0.3156,1923,1854,64,0.0345,0
MEM-ATL,short,2025-05-15,3,0,0,0,0.0069,2294,2254,67,0.0297,0
MEM-ATL,short,2025-05-16,4,0,0,0,0.2586,1786,1759,63,0.0358,0
MEM-ATL,short,2025-05-17,5,1,0,0,0.2269,890,876,37,0.0422,0
MEM-ATL,short,2025-05-18,6,1,0,0,0.0598,859,832,33,0.0397,0
MEM-ATL,short,2025-05-19,0,0,0,0,0.0,1702,1640,59,0.036,0
MEM-ATL,short,2025-05-20,1,0,0,0,0.1057,2115,2054,86,0.0419,0
MEM-ATL,short,2025-05-21,2,0,0,0,0.0695,1778,1749,69,0.0395,0
MEM-ATL,short,2025-05-22,3,0,0,0,0.0,1638,1593,51,0.032,0
MEM-ATL,short,2025-05-23,4,0,0,0,0.2419,1638,1596,61,0.0382,0
MEM-ATL,short,2025-05-24,5,1,0,0,0.2457,784,768,31,0.0404,0
MEM-ATL,short,2025-05-25,6,1,0,0,0.1344,951,927,34,0.0367,0
MEM-ATL,short,2025-05-26,0,0,0,0,0.1186,1961,1897,71,0.0374,0
MEM-ATL,short,2025-05-27,1,0,0,0,0.0633,1869,1803,62,0.0344,0
MEM-ATL,short,2025-05-28,2,0,0,0,0.1903,1960,1899,67,0.0353,0
MEM-ATL,short,2025-05-29,3,0,0,0,0.1795,1955,1930,55,0.0285,0
MEM-ATL,short,2025-05-30,4,0,0,0,0.5129,1557,1514,60,0.0396,0
MEM-ATL,short,2025-05-31,5,1,0,0,0.0969,850,833,46,0.0552,0
MEM-ATL,short,2025-06-01,6,1,0,0,0.007,1106,1069,51,0.0477,0
MEM-ATL,short,2025-06-02,0,0,0,0,0.0935,1750,1690,66,0.0391,0
MEM-ATL,short,2025-06-03,1,0,0,0,0.193,1716,1658,65,0.0392,0
MEM-ATL,short,2025-06-04,2,0,0,0,0.0599,1680,1641,64,0.039,0
MEM-ATL,short,2025-06-05,3,0,0,0,0.1907,2024,1990,63,0.0317,0
MEM-ATL,short,2025-06-06,4,0,0,0,0.2383,1701,1659,54,0.0325,0
MEM-ATL,short,2025-06-07,5,1,0,0,0.1341,952,921,38,0.0413,0
MEM-ATL,short,2025-06-08,6,1,0,0,0.067,982,963,33,0.0343,0
MEM-ATL,short,2025-06-09,0,0,0,0,0.3037,1683,1642,64,0.039,0
MEM-ATL,short,2025-06-10,1,0,0,0,0.0,1639,1613,61,0.0378,0
MEM-ATL,short,2025-06-11,2,0,0,0,0.3024,1676,1630,59,0.0362,0
MEM-ATL,short,2025-06-12,3,0,0,0,0.0598,1831,1773,67,0.0378,0
MEM-ATL,short,2025-06-13,4,0,0,0,0.313,1821,1765,61,0.0346,0
MEM-ATL,short,2025-06-14,5,1,0,0,0.0,982,953,51,0.0535,0
MEM-ATL,short,2025-06-15,6,1,0,0,0.0,956,936,39,0.0417,0
MEM-ATL,short,2025-06-16,0,0,0,0,0.1622,1571,1549,56,0.0362,0
MEM-ATL,short,2025-06-17,1,0,0,0,0.0578,1864,1805,67,0.0371,0
MEM-ATL,short,2025-06-18,2,0,0,0,0.0754,2243,2200,87,0.0395,0
MEM-ATL,short,2025-06-19,3,0,0,0,0.2804,1850,1801,57,0.0316,0
MEM-ATL,short,2025-06-20,4,0,0,0,0.4412,1887,1823,58,0.0318,0
MEM-ATL,short,2025-06-21,5,1,0,0,0.0686,971,942,53,0.0563,0
MEM-ATL,short,2025-06-22,6,1,0,0,0.2017,1040,1010,49,0.0485,0
MEM-ATL,short,2025-06-23,0,0,0,0,0.0618,1830,1792,65,0.0363,0
MEM-ATL,short,2025-06-24,1,0,0,0,0.1789,1616,1568,52,0.0332,0
MEM-ATL,short,2025-06-25,2,0,0,0,0.0659,1807,1745,61,0.035,0
MEM-ATL,short,2025-06-26,3,0,0,0,0.1185,1875,1845,56,0.0304,0
MEM-ATL,short,2025-06-27,4,0,0,0,0.2471,1942,1887,73,0.0387,0
MEM-ATL,short,2025-06-28,5,1,0,0,0.2747,949,929,42,0.0452,0
MEM-ATL,short,2025-06-29,6,1,0,0,0.259,1005,988,47,0.0476,0
MEM-ATL,short,2025-06-30,0,0,0,0,0.0403,1668,1636,59,0.0361,0
MEM-ATL,short,2025-07-01,1,0,0,0,0.2178,1649,1623,54,0.0333,0
MEM-ATL,short,2025-07-02,2,0,0,0,0.0517,1954,1902,61,0.0321,0
MEM-ATL,short,2025-07-03,3,0,0,0,0.3448,2228,2168,75,0.0346,0
MEM-ATL,short,2025-07-04,4,0,1,0,0.0619,458,452,13,0.0288,0
MEM-ATL,short,2025-07-05,5,1,0,0,0.0,1031,1015,39,0.0384,0
MEM-ATL,short,2025-07-06,6,1,0,0,0.1377,1116,1081,51,0.0472,0
MEM-ATL,short,2025-07-07,0,0,0,0,0.0422,1984,1947,70,0.036,0
MEM-ATL,short,2025-07-08,1,0,0,0,0.1146,1946,1884,69,0.0366,0
MEM-ATL,short,2025-07-09,2,0,0,0,0.3355,1781,1740,60,0.0345,0
MEM-ATL,short,2025-07-10,3,0,0,0,0.2542,2021,1950,60,0.0308,0
MEM-ATL,short,2025-07-11,4,0,0,0,0.1553,1848,1818,68,0.0374,0
MEM-ATL,short,2025-07-12,5,1,0,0,0.3056,864,846,24,0.0284,0
MEM-ATL,short,2025-07-13,6,1,0,0,0.0701,977,942,48,0.051,0
MEM-ATL,short,2025-07-14,0,0,0,0,0.2209,2373,2340,75,0.0321,0
MEM-ATL,short,2025-07-15,1,0,0,0,0.1966,1945,1907,67,0.0351,0
MEM-ATL,short,2025-07-16,2,0,0,0,0.0,1529,1506,51,0.0339,0
MEM-ATL,short,2025-07-17,3,0,0,0,0.0247,1311,1277,37,0.029,0
MEM-ATL,short,2025-07-18,4,0,0,0,0.0498,1795,1750,69,0.0394,0
MEM-ATL,short,2025-07-19,5,1,0,0,0.269,944,915,37,0.0404,0
MEM-ATL,short,2025-07-20,6,1,0,0,0.0366,848,836,38,0.0455,0
MEM-ATL,short,2025-07-21,0,0,0,0,0.2563,2080,2024,84,0.0415,0
MEM-ATL,short,2025-07-22,1,0,0,0,0.0965,1379,1345,45,0.0335,0
MEM-ATL,short,2025-07-23,2,0,0,0,0.2459,2024,1989,71,0.0357,0
MEM-ATL,short,2025-07-24,3,0,0,0,0.0754,1799,1774,64,0.0361,0
MEM-ATL,short,2025-07-25,4,0,0,0,0.0788,1853,1810,80,0.0442,0
MEM-ATL,short,2025-07-26,5,1,0,0,0.151,971,946,43,0.0455,0
MEM-ATL,short,2025-07-27,6,1,0,0,0.1082,1065,1047,49,0.0468,0
MEM-ATL,short,2025-07-28,0,0,0,0,0.0441,2120,2057,77,0.0374,0
MEM-ATL,short,2025-07-29,1,0,0,0,0.1686,1962,1931,59,0.0306,0
MEM-ATL,short,2025-07-30,2,0,0,0,0.2855,1808,1768,67,0.0379,0
MEM-ATL,short,2025-07-31,3,0,0,0,0.115,1833,1801,65,0.0361,0
MEM-ATL,short,2025-08-01,4,0,0,0,0.1443,2089,2062,73,0.0354,0
MEM-ATL,short,2025-08-02,5,1,0,0,0.1803,1050,1019,46,0.0451,0
MEM-ATL,short,2025-08-03,6,1,0,0,0.18,1003,980,43,0.0439,0
MEM-ATL,short,2025-08-04,0,0,0,0,0.2525,1855,1822,71,0.039,0
MEM-ATL,short,2025-08-05,1,0,0,0,0.1942,2012,1944,80,0.0412,0
MEM-ATL,short,2025-08-06,2,0,0,0,0.0,1900,1863,73,0.0392,0
MEM-ATL,short,2025-08-07,3,0,0,0,0.0,1742,1698,46,0.0271,0
MEM-ATL,short,2025-08-08,4,0,0,0,0.1876,1677,1619,58,0.0358,0
MEM-ATL,short,2025-08-09,5,1,0,0,0.1385,969,934,42,0.045,0
MEM-ATL,short,2025-08-10,6,1,0,0,0.6561,987,965,175,0.1813,1
MEM-ATL,short,2025-08-11,0,0,0,0,0.0946,2088,2051,75,0.0366,0
MEM-ATL,short,2025-08-12,1,0,0,0,0.1581,1714,1659,57,0.0344,0
MEM-ATL,short,2025-08-13,2,0,0,0,0.3757,1359,1321,42,0.0318,0
MEM-ATL,short,2025-08-14,3,0,0,0,0.3264,1551,1511,61,0.0404,0
MEM-ATL,short,2025-08-15,4,0,0,0,0.3041,1865,1831,69,0.0377,0
MEM-ATL,short,2025-08-16,5,1,0,0,0.0,1015,981,46,0.0469,0
MEM-ATL,short,2025-08-17,6,1,0,0,0.1725,1066,1040,50,0.0481,0
MEM-ATL,short,2025-08-18,0,0,0,0,0.2583,1736,1713,57,0.0333,0
MEM-ATL,short,2025-08-19,1,0,0,0,0.1218,1662,1622,52,0.0321,0
MEM-ATL,short,2025-08-20,2,0,0,0,0.0,1914,1875,65,0.0347,0
MEM-ATL,short,2025-08-21,3,0,0,0,0.0421,1752,1690,62,0.0367,0
MEM-ATL,short,2025-08-22,4,0,0,0,0.0,1956,1902,70,0.0368,0
MEM-ATL,short,2025-08-23,5,1,0,0,0.2128,1030,1012,50,0.0494,0
MEM-ATL,short,2025-08-24,6,1,0,0,0.1771,951,922,48,0.0521,0
MEM-ATL,short,2025-08-25,0,0,0,0,0.0177,1599,1571,57,0.0363,0
MEM-ATL,short,2025-08-26,1,0,0,0,0.187,1975,1905,67,0.0352,0
MEM-ATL,short,2025-08-27,2,0,0,0,0.057,1617,1595,50,0.0313,0
MEM-ATL,short,2025-08-28,3,0,0,0,0.1837,1681,1650,57,0.0345,0
MEM-ATL,short,2025-08-29,4,0,0,0,0.0,1578,1549,65,0.042,0
MEM-ATL,short,2025-08-30,5,1,0,0,0.232,1177,1146,46,0.0401,0
MEM-ATL,short,2025-08-31,6,1,0,0,0.1808,895,870,39,0.0448,0
MEM-ATL,short,2025-09-01,0,0,0,0,0.1183,1608,1551,60,0.0387,0
MEM-ATL,short,2025-09-02,1,0,0,0,0.2856,1923,1877,65,0.0346,0
MEM-ATL,short,2025-09-03,2,0,0,0,0.2231,1389,1366,38,0.0278,0
MEM-ATL,short,2025-09-04,3,0,0,0,0.1009,1787,1723,63,0.0366,0
MEM-ATL,short,2025-09-05,4,0,0,0,0.2687,1679,1616,42,0.026,0
MEM-ATL,short,2025-09-06,5,1,0,0,0.0,964,932,34,0.0365,0
MEM-ATL,short,2025-09-07,6,1,0,0,0.0907,969,953,55,0.0577,0
MEM-ATL,short,2025-09-08,0,0,0,0,0.156,2014,1957,71,0.0363,0
MEM-ATL,short,2025-09-09,1,0,0,0,0.1782,1882,1838,58,0.0316,0
MEM-ATL,short,2025-09-10,2,0,0,0,0.2437,2019,1983,70,0.0353,0
MEM-ATL,short,2025-09-11,3,0,0,0,0.0997,1851,1817,75,0.0413,0
MEM-ATL,short,2025-09-12,4,0,0,0,0.2812,1709,1673,57,0.0341,0
MEM-ATL,short,2025-09-13,5,1,0,0,0.2485,993,979,41,0.0419,0
MEM-ATL,short,2025-09-14,6,1,0,0,0.0575,1065,1025,49,0.0478,0
MEM-ATL,short,2025-09-15,0,0,0,0,0.3147,1563,1539,53,0.0344,0
MEM-ATL,short,2025-09-16,1,0,0,0,0.2003,1996,1962,67,0.0341,0
MEM-ATL,short,2025-09-17,2,0,0,0,0.1173,1619,1572,65,0.0413,0
MEM-ATL,short,2025-09-18,3,0,0,0,0.0328,1982,1956,67,0.0343,0
MEM-ATL,short,2025-09-19,4,0,0,0,0.2517,1826,1795,72,0.0401,0
MEM-ATL,short,2025-09-20,5,1,0,0,0.2352,879,866,36,0.0416,0
MEM-ATL,short,2025-09-21,6,1,0,0,0.1866,1092,1067,38,0.0356,0
MEM-ATL,short,2025-09-22,0,0,0,0,0.2791,1601,1577,50,0.0317,0
MEM-ATL,short,2025-09-23,1,0,0,0,0.2751,1870,1840,62,0.0337,0
MEM-ATL,short,2025-09-24,2,0,0,0,0.1188,1653,1616,58,0.0359,0
MEM-ATL,short,2025-09-25,3,0,0,0,0.3476,1963,1917,59,0.0308,0
MEM-ATL,short,2025-09-26,4,0,0,0,0.5066,1754,1703,199,0.1169,1
MEM-ATL,short,2025-09-27,5,1,0,0,0.3148,946,933,40,0.0429,0
MEM-ATL,short,2025-09-28,6,1,0,0,0.0,1041,1017,54,0.0531,0
MEM-ATL,short,2025-09-29,0,0,0,0,0.2063,1768,1707,68,0.0398,0
MEM-ATL,short,2025-09-30,1,0,0,0,0.1635,1504,1467,63,0.0429,0
MEM-ATL,short,2025-10-01,2,0,0,0,0.14,2167,2099,68,0.0324,0
MEM-ATL,short,2025-10-02,3,0,0,0,0.0,1867,1826,67,0.0367,0
MEM-ATL,short,2025-10-03,4,0,0,0,0.0662,1765,1716,63,0.0367,0
MEM-ATL,short,2025-10-04,5,1,0,0,0.139,1124,1094,54,0.0494,0
MEM-ATL,short,2025-10-05,6,1,0,0,0.0701,861,843,33,0.0391,0
MEM-ATL,short,2025-10-06,0,0,0,0,0.0207,2041,2001,78,0.039,0
MEM-ATL,short,2025-10-07,1,0,0,0,0.0246,1760,1721,50,0.0291,0
MEM-ATL,short,2025-10-08,2,0,0,0,0.2624,1966,1910,79,0.0414,0
MEM-ATL,short,2025-10-09,3,0,0,0,0.0926,1706,1645,64,0.0389,0
MEM-ATL,short,2025-10-10,4,0,0,0,0.0299,1673,1645,57,0.0347,0
MEM-ATL,short,2025-10-11,5,1,0,0,0.0976,983,964,50,0.0519,0
MEM-ATL,short,2025-10-12,6,1,0,0,0.2222,1138,1122,53,0.0472,0
MEM-ATL,short,2025-10-13,0,0,0,0,0.117,1956,1900,60,0.0316,0
MEM-ATL,short,2025-10-14,1,0,0,0,0.1214,1663,1639,50,0.0305,0
MEM-ATL,short,2025-10-15,2,0,0,0,0.0661,2070,2004,81,0.0404,0
MEM-ATL,short,2025-10-16,3,0,0,0,0.2765,2106,2045,74,0.0362,0
MEM-ATL,short,2025-10-17,4,0,0,0,0.0,2039,1974,71,0.036,0
MEM-ATL,short,2025-10-18,5,1,0,0,0.7946,974,939,185,0.197,1
MEM-ATL,short,2025-10-19,6,1,0,0,0.607,1041,1020,203,0.199,1
MEM-ATL,short,2025-10-20,0,0,0,0,0.0,1548,1514,50,0.033,0
MEM-ATL,short,2025-10-21,1,0,0,0,0.1959,1653,1623,66,0.0407,0
MEM-ATL,short,2025-10-22,2,0,0,0,0.0581,1755,1701,71,0.0417,0
MEM-ATL,short,2025-10-23,3,0,0,0,0.4413,2019,1974,72,0.0365,0
MEM-ATL,short,2025-10-24,4,0,0,0,0.1977,1703,1641,54,0.0329,0
MEM-ATL,short,2025-10-25,5,1,0,0,0.1127,989,959,37,0.0386,0
MEM-ATL,short,2025-10-26,6,1,0,0,0.1287,968,953,41,0.043,0
MEM-ATL,short,2025-10-27,0,0,0,0,0.0491,1655,1634,51,0.0312,0
MEM-ATL,short,2025-10-28,1,0,0,0,0.1979,1867,1835,57,0.0311,0
MEM-ATL,short,2025-10-29,2,0,0,0,0.2571,1766,1741,57,0.0327,0
MEM-ATL,short,2025-10-30,3,0,0,0,0.0698,1644,1585,52,0.0328,0
MEM-ATL,short,2025-10-31,4,0,0,0,0.1855,1591,1548,50,0.0323,0
MEM-ATL,short,2025-11-01,5,1,0,0,0.0985,959,926,41,0.0443,0
MEM-ATL,short,2025-11-02,6,1,0,0,0.185,1012,993,44,0.0443,0
MEM-ATL,short,2025-11-03,0,0,0,0,0.24,1954,1928,72,0.0373,0
MEM-ATL,short,2025-11-04,1,0,0,0,0.1484,1932,1866,72,0.0386,0
MEM-ATL,short,2025-11-05,2,0,0,0,0.297,1904,1875,73,0.0389,0
MEM-ATL,short,2025-11-06,3,0,0,0,0.0383,1932,1901,67,0.0352,0
MEM-ATL,short,2025-11-07,4,0,0,0,0.7856,1807,1775,230,0.1296,1
MEM-ATL,short,2025-11-08,5,1,0,0,0.7207,858,841,118,0.1403,1
MEM-ATL,short,2025-11-09,6,1,0,0,0.8366,1125,1094,136,0.1243,1
MEM-ATL,short,2025-11-10,0,0,0,0,0.2235,1711,1670,65,0.0389,0
MEM-ATL,short,2025-11-11,1,0,1,0,0.1286,395,381,11,0.0289,0
MEM-ATL,short,2025-11-12,2,0,0,0,0.1619,1645,1586,63,0.0397,0
MEM-ATL,short,2025-11-13,3,0,0,0,0.2723,1537,1492,54,0.0362,0
MEM-ATL,short,2025-11-14,4,0,0,0,0.208,1987,1937,80,0.0413,0
MEM-ATL,short,2025-11-15,5,1,0,0,0.0651,1002,968,50,0.0517,0
MEM-ATL,short,2025-11-16,6,1,0,0,0.0264,1178,1147,54,0.0471,0
MEM-ATL,short,2025-11-17,0,0,0,0,0.2579,1933,1881,58,0.0308,0
MEM-ATL,short,2025-11-18,1,0,0,0,0.2083,1704,1658,48,0.029,0
MEM-ATL,short,2025-11-19,2,0,0,0,0.0926,1605,1563,49,0.0313,0
MEM-ATL,short,2025-11-20,3,0,0,1,0.2262,2729,2692,153,0.0568,0
MEM-ATL,short,2025-11-21,4,0,0,1,0.32,2971,2901,164,0.0565,0
MEM-ATL,short,2025-11-22,5,1,0,1,0.0,1493,1474,118,0.0801,0
MEM-ATL,short,2025-11-23,6,1,0,1,0.0578,1610,1573,121,0.0769,0
MEM-ATL,short,2025-11-24,0,0,0,1,0.0366,2995,2954,187,0.0633,0
MEM-ATL,short,2025-11-25,1,0,0,1,0.1515,3149,3061,177,0.0578,0
MEM-ATL,short,2025-11-26,2,0,0,1,0.1016,2553,2465,149,0.0604,0
MEM-ATL,short,2025-11-27,3,0,0,1,0.2268,2952,2848,175,0.0614,0
MEM-ATL,short,2025-11-28,4,0,0,1,0.176,3132,3051,181,0.0593,0
MEM-ATL,short,2025-11-29,5,1,0,1,0.17,1640,1593,139,0.0873,0
MEM-ATL,short,2025-11-30,6,1,0,1,0.1945,1617,1590,119,0.0748,0
MEM-ATL,short,2025-12-01,0,0,0,1,0.0294,2883,2817,166,0.0589,0
MEM-ATL,short,2025-12-02,1,0,0,1,0.1697,2667,2597,146,0.0562,0
MEM-ATL,short,2025-12-03,2,0,0,1,0.4487,3486,3364,214,0.0636,0
MEM-ATL,short,2025-12-04,3,0,0,1,0.0045,3395,3288,206,0.0627,0
MEM-ATL,short,2025-12-05,4,0,0,1,0.8887,3228,3125,790,0.2528,1
MEM-ATL,short,2025-12-06,5,1,0,1,0.7936,1504,1448,434,0.2997,1
MEM-ATL,short,2025-12-07,6,1,0,1,0.244,1592,1537,109,0.0709,0
MEM-ATL,short,2025-12-08,0,0,0,1,0.1884,3229,3117,168,0.0539,0
MEM-ATL,short,2025-12-09,1,0,0,1,0.1954,3094,3026,172,0.0568,0
MEM-ATL,short,2025-12-10,2,0,0,1,0.2063,3102,3058,166,0.0543,0
MEM-ATL,short,2025-12-11,3,0,0,1,0.1031,3344,3270,182,0.0557,0
MEM-ATL,short,2025-12-12,4,0,0,1,0.0,2816,2777,147,0.0529,0
MEM-ATL,short,2025-12-13,5,1,0,1,0.0,1791,1750,135,0.0771,0
MEM-ATL,short,2025-12-14,6,1,0,1,0.2626,1196,1155,88,0.0762,0
MEM-ATL,short,2025-12-15,0,0,0,1,0.2202,2800,2727,157,0.0576,0
MEM-ATL,short,2025-12-16,1,0,0,1,0.0,3451,3333,189,0.0567,0
MEM-ATL,short,2025-12-17,2,0,0,1,0.0,3196,3119,187,0.06,0
MEM-ATL,short,2025-12-18,3,0,0,1,0.1702,3038,2931,158,0.0539,0
MEM-ATL,short,2025-12-19,4,0,0,1,0.7676,2918,2844,566,0.199,1
MEM-ATL,short,2025-12-20,5,1,0,1,0.6438,1547,1500,464,0.3093,1
MEM-ATL,short,2025-12-21,6,1,0,1,0.3774,1456,1423,119,0.0836,0
MEM-ATL,short,2025-12-22,0,0,0,1,0.1078,3420,3310,179,0.0541,0
MEM-ATL,short,2025-12-23,1,0,0,1,0.1024,2839,2797,183,0.0654,0
MEM-ATL,short,2025-12-24,2,0,0,1,0.1524,3002,2939,171,0.0582,0
MEM-ATL,short,2025-12-25,3,0,1,1,0.0544,724,711,37,0.052,0
MEM-ATL,short,2025-12-26,4,0,0,1,0.121,2783,2731,145,0.0531,0
MEM-ATL,short,2025-12-27,5,1,0,0,0.2457,1018,999,43,0.043,0
MEM-ATL,short,2025-12-28,6,1,0,0,0.0848,879,861,28,0.0325,0
MEM-ATL,short,2025-12-29,0,0,0,0,0.1551,1849,1813,64,0.0353,0
MEM-ATL,short,2025-12-30,1,0,0,0,0.2861,1440,1416,53,0.0374,0
MEM-ATL,short,2025-12-31,2,0,0,0,0.2542,1804,1738,49,0.0282,0
MEM-ATL,short,2026-01-01,3,0,1,0,0.8876,430,414,50,0.1208,1
MEM-ATL,short,2026-01-02,4,0,0,0,1.0,1724,1701,232,0.1364,1
MEM-ATL,short,2026-01-03,5,1,0,0,0.1679,975,948,48,0.0506,0
MEM-ATL,short,2026-01-04,6,1,0,0,0.1881,1301,1276,58,0.0455,0
MEM-ATL,short,2026-01-05,0,0,0,0,0.0,1865,1828,76,0.0416,0
MEM-ATL,short,2026-01-06,1,0,0,0,0.0406,1970,1937,72,0.0372,0
MEM-ATL,short,2026-01-07,2,0,0,0,0.0569,1745,1706,53,0.0311,0
MEM-ATL,short,2026-01-08,3,0,0,0,0.0825,1614,1567,56,0.0357,0
MEM-ATL,short,2026-01-09,4,0,0,0,0.2425,1868,1843,67,0.0364,0
MEM-ATL,short,2026-01-10,5,1,0,0,0.1041,1026,1005,44,0.0438,0
MEM-ATL,short,2026-01-11,6,1,0,0,0.2658,1030,1011,53,0.0524,0
MEM-ATL,short,2026-01-12,0,0,0,0,0.1743,1874,1848,70,0.0379,0
MEM-ATL,short,2026-01-13,1,0,0,0,0.1486,1640,1597,66,0.0413,0
MEM-ATL,short,2026-01-14,2,0,0,0,0.2184,2075,2029,88,0.0434,0
MEM-ATL,short,2026-01-15,3,0,0,0,0.049,1466,1414,46,0.0325,0
MEM-ATL,short,2026-01-16,4,0,0,0,0.2939,2021,1954,79,0.0404,0
MEM-ATL,short,2026-01-17,5,1,0,0,0.0771,1042,1016,40,0.0394,0
MEM-ATL,short,2026-01-18,6,1,0,0,0.0897,996,963,53,0.055,0
MEM-ATL,short,2026-01-19,0,0,0,0,0.2439,1660,1603,58,0.0362,0
MEM-ATL,short,2026-01-20,1,0,0,0,0.2494,1916,1870,68,0.0364,0
MEM-ATL,short,2026-01-21,2,0,0,0,0.124,1982,1943,68,0.035,0
MEM-ATL,short,2026-01-22,3,0,0,0,0.1107,1791,1724,51,0.0296,0
MEM-ATL,short,2026-01-23,4,0,0,0,0.1212,2003,1953,73,0.0374,0
MEM-ATL,short,2026-01-24,5,1,0,0,0.1744,1197,1181,50,0.0423,0
MEM-ATL,short,2026-01-25,6,1,0,0,0.1665,1056,1032,47,0.0455,0
MEM-ATL,short,2026-01-26,0,0,0,0,0.0055,2117,2079,78,0.0375,0
MEM-ATL,short,2026-01-27,1,0,0,0,0.1706,2043,2008,80,0.0398,0
MEM-ATL,short,2026-01-28,2,0,0,0,0.0106,1611,1556,58,0.0373,0
MEM-ATL,short,2026-01-29,3,0,0,0,0.0,1557,1506,43,0.0286,0
MEM-ATL,short,2026-01-30,4,0,0,0,0.0434,1863,1834,59,0.0322,0
MEM-ATL,short,2026-01-31,5,1,0,0,0.0406,1028,1010,35,0.0347,0
MEM-ATL,short,2026-02-01,6,1,0,0,0.3414,867,853,41,0.0481,0
MEM-ATL,short,2026-02-02,0,0,0,0,0.1645,1639,1580,57,0.0361,0
MEM-ATL,short,2026-02-03,1,0,0,0,0.3066,1752,1730,57,0.0329,0
MEM-ATL,short,2026-02-04,2,0,0,0,0.06,1658,1624,62,0.0382,0
MEM-ATL,short,2026-02-05,3,0,0,0,0.2182,1453,1412,54,0.0382,0
MEM-ATL,short,2026-02-06,4,0,0,0,0.2607,1443,1418,49,0.0346,0
MEM-ATL,short,2026-02-07,5,1,0,0,0.3436,945,918,48,0.0523,0
MEM-ATL,short,2026-02-08,6,1,0,0,0.2154,817,792,41,0.0518,0
MEM-ATL,short,2026-02-09,0,0,0,0,0.2345,1540,1519,42,0.0276,0
MEM-ATL,short,2026-02-10,1,0,0,0,0.0,2021,1967,53,0.0269,0
MEM-ATL,short,2026-02-11,2,0,0,0,0.2236,1815,1748,67,0.0383,0
MEM-ATL,short,2026-02-12,3,0,0,0,0.0,1895,1838,69,0.0375,0
MEM-ATL,short,2026-02-13,4,0,0,0,0.0737,1732,1675,57,0.034,0
MEM-ATL,short,2026-02-14,5,1,0,0,0.1428,1075,1056,40,0.0379,0
MEM-ATL,short,2026-02-15,6,1,0,0,0.1019,916,894,43,0.0481,0
MEM-ATL,short,2026-02-16,0,0,0,0,0.2821,1829,1805,75,0.0416,0
MEM-ATL,short,2026-02-17,1,0,0,0,0.2099,1904,1868,62,0.0332,0
MEM-ATL,short,2026-02-18,2,0,0,0,0.0344,1698,1658,57,0.0344,0
MEM-ATL,short,2026-02-19,3,0,0,0,0.0,1683,1642,60,0.0365,0
MEM-ATL,short,2026-02-20,4,0,0,0,0.0,1661,1606,58,0.0361,0
MEM-ATL,short,2026-02-21,5,1,0,0,0.2354,962,930,46,0.0495,0
MEM-ATL,short,2026-02-22,6,1,0,0,0.272,1087,1048,60,0.0573,0
MEM-ATL,short,2026-02-23,0,0,0,0,0.065,1711,1671,56,0.0335,0
MEM-ATL,short,2026-02-24,1,0,0,0,0.4435,1910,1863,60,0.0322,0
MEM-ATL,short,2026-02-25,2,0,0,0,0.0659,1689,1649,34,0.0206,0
MEM-ATL,short,2026-02-26,3,0,0,0,0.0976,1835,1791,60,0.0335,0
MEM-ATL,short,2026-02-27,4,0,0,0,0.0,1592,1564,47,0.0301,0
MEM-ATL,short,2026-02-28,5,1,0,0,0.257,957,925,52,0.0562,0
MEM-ATL,short,2026-03-01,6,1,0,0,0.2644,1083,1048,43,0.041,0
MEM-ATL,short,2026-03-02,0,0,0,0,0.3616,1625,1590,59,0.0371,0
MEM-ATL,short,2026-03-03,1,0,0,0,0.1844,2077,2015,64,0.0318,0
MEM-ATL,short,2026-03-04,2,0,0,0,0.3091,2049,1993,63,0.0316,0
MEM-ATL,short,2026-03-05,3,0,0,0,0.0579,1864,1817,66,0.0363,0
MEM-ATL,short,2026-03-06,4,0,0,0,0.0,1875,1844,72,0.039,0
MEM-ATL,short,2026-03-07,5,1,0,0,0.0,1087,1060,60,0.0566,0
MEM-ATL,short,2026-03-08,6,1,0,0,0.0602,1020,994,37,0.0372,0
MEM-ATL,short,2026-03-09,0,0,0,0,0.1424,1822,1760,65,0.0369,0
MEM-ATL,short,2026-03-10,1,0,0,0,0.0749,1610,1551,57,0.0368,0
MEM-ATL,short,2026-03-11,2,0,0,0,0.149,1655,1622,43,0.0265,0
MEM-ATL,short,2026-03-12,3,0,0,0,0.1529,2006,1967,58,0.0295,0
MEM-ATL,short,2026-03-13,4,0,0,0,0.1512,1675,1641,53,0.0323,0
MEM-ATL,short,2026-03-14,5,1,0,0,0.1295,1021,994,54,0.0543,0
MEM-ATL,short,2026-03-15,6,1,0,0,0.0918,930,914,40,0.0438,0
MEM-ATL,short,2026-03-16,0,0,0,0,0.1179,1729,1689,75,0.0444,0
MEM-ATL,short,2026-03-17,1,0,0,0,0.0108,1801,1739,68,0.0391,0
MEM-ATL,short,2026-03-18,2,0,0,0,0.2015,1479,1443,49,0.034,0
MEM-ATL,short,2026-03-19,3,0,0,0,0.2144,1490,1449,54,0.0373,0
MEM-ATL,short,2026-03-20,4,0,0,0,0.267,1961,1912,76,0.0397,0
MEM-ATL,short,2026-03-21,5,1,0,0,0.2979,827,803,43,0.0535,0
MEM-ATL,short,2026-03-22,6,1,0,0,0.6361,996,965,136,0.1409,1
MEM-ATL,short,2026-03-23,0,0,0,0,0.9556,1793,1739,210,0.1208,1
MEM-ATL,short,2026-03-24,1,0,0,0,0.0,2251,2200,67,0.0305,0
MEM-ATL,short,2026-03-25,2,0,0,0,0.216,1675,1644,57,0.0347,0
MEM-ATL,short,2026-03-26,3,0,0,0,0.2672,1656,1595,56,0.0351,0
MEM-ATL,short,2026-03-27,4,0,0,0,0.0978,1958,1892,59,0.0312,0
MEM-ATL,short,2026-03-28,5,1,0,0,0.0,876,857,41,0.0478,0
MEM-ATL,short,2026-03-29,6,1,0,0,0.0487,1044,1006,40,0.0398,0
MEM-ATL,short,2026-03-30,0,0,0,0,0.1218,1879,1847,70,0.0379,0
MEM-ATL,short,2026-03-31,1,0,0,0,0.0804,2085,2048,66,0.0322,0
MEM-ATL,short,2026-04-01,2,0,0,0,0.0491,1945,1904,60,0.0315,0
MEM-ATL,short,2026-04-02,3,0,0,0,0.3554,1604,1556,50,0.0321,0
MEM-ATL,short,2026-04-03,4,0,0,0,0.0959,1967,1918,61,0.0318,0
MEM-ATL,short,2026-04-04,5,1,0,0,0.1032,989,976,42,0.043,0
MEM-ATL,short,2026-04-05,6,1,0,0,0.0856,826,812,37,0.0456,0
MEM-ATL,short,2026-04-06,0,0,0,0,0.3797,1671,1631,65,0.0399,0
MEM-ATL,short,2026-04-07,1,0,0,0,0.28,2073,2017,55,0.0273,0
MEM-ATL,short,2026-04-08,2,0,0,0,0.0144,1776,1735,74,0.0427,0
MEM-ATL,short,2026-04-09,3,0,0,0,0.1329,2037,1987,76,0.0382,0
MEM-ATL,short,2026-04-10,4,0,0,0,0.1746,1547,1518,59,0.0389,0
MEM-ATL,short,2026-04-11,5,1,0,0,0.1737,876,865,39,0.0451,0
MEM-ATL,short,2026-04-12,6,1,0,0,0.2811,989,955,47,0.0492,0
MEM-ATL,short,2026-04-13,0,0,0,0,0.1391,1785,1740,51,0.0293,0
MEM-ATL,short,2026-04-14,1,0,0,0,0.3256,1605,1575,52,0.033,0
MEM-ATL,short,2026-04-15,2,0,0,0,0.0703,1715,1693,54,0.0319,0
MEM-ATL,short,2026-04-16,3,0,0,0,0.2407,1831,1768,66,0.0373,0
MEM-ATL,short,2026-04-17,4,0,0,0,0.1799,1979,1953,78,0.0399,0
MEM-ATL,short,2026-04-18,5,1,0,0,0.0,954,940,34,0.0362,0
MEM-ATL,short,2026-04-19,6,1,0,0,0.3569,927,900,43,0.0478,0
MEM-ATL,short,2026-04-20,0,0,0,0,0.0996,2124,2080,85,0.0409,0
MEM-ATL,short,2026-04-21,1,0,0,0,0.4176,1945,1911,78,0.0408,0
MEM-ATL,short,2026-04-22,2,0,0,0,0.2668,1758,1706,57,0.0334,0
MEM-ATL,short,2026-04-23,3,0,0,0,0.0676,1840,1787,47,0.0263,0
MEM-ATL,short,2026-04-24,4,0,0,0,0.044,1741,1678,43,0.0256,0
MEM-ATL,short,2026-04-25,5,1,0,0,0.223,1070,1033,57,0.0552,0
MEM-ATL,short,2026-04-26,6,1,0,0,0.0,1043,1011,42,0.0415,0
MEM-ATL,short,2026-04-27,0,0,0,0,0.3193,1630,1591,46,0.0289,0
MEM-ATL,short,2026-04-28,1,0,0,0,0.228,1586,1560,38,0.0244,0
MEM-ATL,short,2026-04-29,2,0,0,0,0.3526,1842,1785,74,0.0415,0
MEM-ATL,short,2026-04-30,3,0,0,0,0.1349,1745,1705,57,0.0334,0
MEM-ATL,short,2026-05-01,4,0,0,0,0.1301,1696,1643,66,0.0402,0
MEM-ATL,short,2026-05-02,5,1,0,0,0.0009,1052,1018,48,0.0472,0
MEM-ATL,short,2026-05-03,6,1,0,0,0.1409,927,913,37,0.0405,0
MEM-ATL,short,2026-05-04,0,0,0,0,0.0964,1527,1507,50,0.0332,0
MEM-ATL,short,2026-05-05,1,0,0,0,0.1842,2079,2011,52,0.0259,0
MEM-ATL,short,2026-05-06,2,0,0,0,0.2957,1815,1751,67,0.0383,0
MEM-ATL,short,2026-05-07,3,0,0,0,0.0,1935,1886,71,0.0376,0
MEM-ATL,short,2026-05-08,4,0,0,0,0.0202,1454,1422,52,0.0366,0
MEM-ATL,short,2026-05-09,5,1,0,0,0.1461,909,887,27,0.0304,0
MEM-ATL,short,2026-05-10,6,1,0,0,0.0651,986,958,42,0.0438,0
MEM-ATL,short,2026-05-11,0,0,0,0,0.0955,1629,1589,54,0.034,0
MEM-ATL,short,2026-05-12,1,0,0,0,0.2398,1928,1883,73,0.0388,0
MEM-ATL,short,2026-05-13,2,0,0,0,0.0788,1579,1539,51,0.0331,0
MEM-ATL,short,2026-05-14,3,0,0,0,0.2483,1464,1422,63,0.0443,0
MEM-ATL,short,2026-05-15,4,0,0,0,0.1016,1812,1789,47,0.0263,0
MEM-ATL,short,2026-05-16,5,1,0,0,0.0,1241,1217,58,0.0477,0
MEM-ATL,short,2026-05-17,6,1,0,0,0.1293,943,915,43,0.047,0
MEM-ATL,short,2026-05-18,0,0,0,0,0.1023,1970,1935,81,0.0419,0
MEM-ATL,short,2026-05-19,1,0,0,0,0.1021,1559,1534,59,0.0385,0
MEM-ATL,short,2026-05-20,2,0,0,0,0.3685,1946,1911,68,0.0356,0
MEM-ATL,short,2026-05-21,3,0,0,0,0.0941,1707,1658,53,0.032,0
MEM-ATL,short,2026-05-22,4,0,0,0,0.1499,1604,1583,56,0.0354,0
MEM-ATL,short,2026-05-23,5,1,0,0,0.1014,999,977,58,0.0594,0
MEM-ATL,short,2026-05-24,6,1,0,0,0.1444,799,777,42,0.0541,0
MEM-ATL,short,2026-05-25,0,0,0,0,0.0,1758,1695,52,0.0307,0
MEM-ATL,short,2026-05-26,1,0,0,0,0.1379,2105,2042,73,0.0357,0
MEM-ATL,short,2026-05-27,2,0,0,0,0.271,2188,2107,73,0.0346,0
MEM-ATL,short,2026-05-28,3,0,0,0,0.3276,1723,1669,66,0.0395,0
MEM-ATL,short,2026-05-29,4,0,0,0,0.222,1688,1656,75,0.0453,0
MEM-ATL,short,2026-05-30,5,1,0,0,0.3356,1234,1201,49,0.0408,0
MEM-ATL,short,2026-05-31,6,1,0,0,0.0,1078,1050,39,0.0371,0
MEM-ATL,short,2026-06-01,0,0,0,0,0.0725,1562,1529,51,0.0334,0
MEM-ATL,short,2026-06-02,1,0,0,0,0.0632,1813,1766,58,0.0328,0
MEM-ATL,short,2026-06-03,2,0,0,0,0.0,1880,1845,80,0.0434,0
MEM-ATL,short,2026-06-04,3,0,0,0,0.2305,1710,1655,64,0.0387,0
MEM-ATL,short,2026-06-05,4,0,0,0,0.1797,1688,1667,58,0.0348,0
MEM-ATL,short,2026-06-06,5,1,0,0,0.1345,896,867,28,0.0323,0
MEM-ATL,short,2026-06-07,6,1,0,0,0.0,1059,1026,47,0.0458,0
MEM-ATL,short,2026-06-08,0,0,0,0,0.316,1735,1713,63,0.0368,0
MEM-ATL,short,2026-06-09,1,0,0,0,0.1107,1959,1933,79,0.0409,0
MEM-ATL,short,2026-06-10,2,0,0,0,0.1479,2081,2023,73,0.0361,0
MEM-ATL,short,2026-06-11,3,0,0,0,0.1487,1728,1702,74,0.0435,0
MEM-ATL,short,2026-06-12,4,0,0,0,0.0,1711,1648,63,0.0382,0
MEM-ATL,short,2026-06-13,5,1,0,0,0.0045,981,963,47,0.0488,0
MEM-ATL,short,2026-06-14,6,1,0,0,0.0,925,910,45,0.0495,0
MEM-ATL,short,2026-06-15,0,0,0,0,0.1456,1577,1525,56,0.0367,0
MEM-ATL,short,2026-06-16,1,0,0,0,0.1611,1733,1677,67,0.04,0
MEM-ATL,short,2026-06-17,2,0,0,0,0.062,2192,2120,71,0.0335,0
MEM-ATL,short,2026-06-18,3,0,0,0,0.2257,2245,2207,79,0.0358,0
MEM-ATL,short,2026-06-19,4,0,0,0,0.1216,1703,1653,58,0.0351,0
MEM-ATL,short,2026-06-20,5,1,0,0,0.126,848,830,38,0.0458,0
MEM-ATL,short,2026-06-21,6,1,0,0,0.0592,887,862,37,0.0429,0
MEM-ATL,short,2026-06-22,0,0,0,0,0.3229,1698,1648,60,0.0364,0
MEM-ATL,short,2026-06-23,1,0,0,0,0.1664,1908,1839,46,0.025,0
MEM-ATL,short,2026-06-24,2,0,0,0,0.3552,2101,2030,73,0.036,0
MEM-ATL,short,2026-06-25,3,0,0,0,0.1095,1853,1816,64,0.0352,0
MEM-ATL,short,2026-06-26,4,0,0,0,0.1235,1939,1894,57,0.0301,0
MEM-ATL,short,2026-06-27,5,1,0,0,0.1751,1124,1089,47,0.0432,0
MEM-ATL,short,2026-06-28,6,1,0,0,0.0165,1012,976,35,0.0359,0
MEM-ATL,short,2026-06-29,0,0,0,0,0.1167,1736,1692,58,0.0343,0
MEM-ATL,short,2026-06-30,1,0,0,0,0.0637,1830,1795,65,0.0362,0
MEM-ATL,short,2026-07-01,2,0,0,0,0.1099,1527,1498,58,0.0387,0
MEM-ATL,short,2026-07-02,3,0,0,0,0.1682,1799,1752,47,0.0268,0
MEM-ATL,short,2026-07-03,4,0,0,0,0.155,1984,1910,61,0.0319,0
MEM-ATL,short,2026-07-04,5,1,1,0,0.1283,260,253,11,0.0435,0
MEM-ATL,short,2026-07-05,6,1,0,0,0.0044,1008,975,39,0.04,0
MEM-ATL,short,2026-07-06,0,0,0,0,0.288,1897,1863,64,0.0344,0
MEM-ATL,short,2026-07-07,1,0,0,0,0.2371,1745,1722,66,0.0383,0
MEM-ATL,short,2026-07-08,2,0,0,0,0.3858,2058,2022,72,0.0356,0
MEM-ATL,short,2026-07-09,3,0,0,0,0.1532,2129,2077,85,0.0409,0
MEM-ATL,short,2026-07-10,4,0,0,0,0.2026,1942,1895,61,0.0322,0
MEM-ATL,short,2026-07-11,5,1,0,0,0.1559,980,947,40,0.0422,0
MEM-ATL,short,2026-07-12,6,1,0,0,0.2747,1176,1135,61,0.0537,0
MEM-ATL,short,2026-07-13,0,0,0,0,0.0738,1538,1506,51,0.0339,0
MEM-ATL,short,2026-07-14,1,0,0,0,0.2988,2002,1941,73,0.0376,0
MEM-ATL,short,2026-07-15,2,0,0,0,0.0,2040,1978,69,0.0349,0
MEM-ATL,short,2026-07-16,3,0,0,0,0.1914,1724,1668,54,0.0324,0
MEM-ATL,short,2026-07-17,4,0,0,0,0.1723,1845,1784,58,0.0325,0
MEM-ATL,short,2026-07-18,5,1,0,0,0.0,1055,1018,38,0.0373,0
MEM-ATL,short,2026-07-19,6,1,0,0,0.0854,920,906,46,0.0508,0
MEM-ATL,short,2026-07-20,0,0,0,0,0.4509,1672,1638,51,0.0311,0
MEM-ATL,short,2026-07-21,1,0,0,0,0.2511,1752,1728,56,0.0324,0
MEM-ATL,short,2026-07-22,2,0,0,0,0.218,2207,2126,82,0.0386,0
MEM-ATL,short,2026-07-23,3,0,0,0,0.1662,1945,1903,78,0.041,0
MEM-ATL,short,2026-07-24,4,0,0,0,0.1905,1880,1815,61,0.0336,0
MEM-ATL,short,2026-07-25,5,1,0,0,0.3649,888,871,42,0.0482,0
MEM-ATL,short,2026-07-26,6,1,0,0,0.3163,1036,1010,48,0.0475,0
MEM-ATL,short,2026-07-27,0,0,0,0,0.1906,1645,1605,66,0.0411,0
MEM-ATL,short,2026-07-28,1,0,0,0,0.6407,1604,1547,138,0.0892,1
MEM-ATL,short,2026-07-29,2,0,0,0,0.6918,1829,1803,230,0.1276,1
MEM-ATL,short,2026-07-30,3,0,0,0,0.0522,1683,1657,61,0.0368,0
MEM-ATL,short,2026-07-31,4,0,0,0,0.1001,1725,1694,55,0.0325,0
MEM-ATL,short,2026-08-01,5,1,0,0,0.1421,1098,1075,38,0.0353,0
MEM-ATL,short,2026-08-02,6,1,0,0,0.2602,930,901,47,0.0522,0
MEM-ATL,short,2026-08-03,0,0,0,0,0.2905,1890,1857,49,0.0264,0
MEM-ATL,short,2026-08-04,1,0,0,0,0.0369,1800,1765,54,0.0306,0
MEM-ATL,short,2026-08-05,2,0,0,0,0.0898,1800,1740,63,0.0362,0
MEM-ATL,short,2026-08-06,3,0,0,0,0.0637,2014,1978,73,0.0369,0
MEM-ATL,short,2026-08-07,4,0,0,0,0.2239,1775,1742,64,0.0367,0
MEM-ATL,short,2026-08-08,5,1,0,0,0.2052,892,865,48,0.0555,0
MEM-ATL,short,2026-08-09,6,1,0,0,0.2883,960,947,53,0.056,0
MEM-ATL,short,2026-08-10,0,0,0,0,0.2153,1419,1374,46,0.0335,0
MEM-ATL,short,2026-08-11,1,0,0,0,0.0479,2185,2137,61,0.0285,0
MEM-ATL,short,2026-08-12,2,0,0,0,0.1206,1688,1646,72,0.0437,0
MEM-ATL,short,2026-08-13,3,0,0,0,0.0834,1806,1771,61,0.0344,0
MEM-ATL,short,2026-08-14,4,0,0,0,0.0623,1391,1342,53,0.0395,0
MEM-ATL,short,2026-08-15,5,1,0,0,0.092,1004,979,50,0.0511,0
MEM-ATL,short,2026-08-16,6,1,0,0,0.0,957,922,30,0.0325,0
MEM-ATL,short,2026-08-17,0,0,0,0,0.2308,2033,2005,70,0.0349,0
MEM-ATL,short,2026-08-18,1,0,0,0,0.0918,1604,1576,52,0.033,0
MEM-ATL,short,2026-08-19,2,0,0,0,0.2167,1906,1877,62,0.033,0
MEM-ATL,short,2026-08-20,3,0,0,0,0.3145,1718,1675,68,0.0406,0
MEM-ATL,short,2026-08-21,4,0,0,0,0.1677,1574,1529,67,0.0438,0
MEM-ATL,short,2026-08-22,5,1,0,0,0.0945,921,907,33,0.0364,0
MEM-ATL,short,2026-08-23,6,1,0,0,0.3119,1062,1031,62,0.0601,0
MEM-DFW,medium,2023-08-25,4,0,0,0,0.137,1219,1203,42,0.0349,0
MEM-DFW,medium,2023-08-26,5,1,0,0,0.2187,632,612,26,0.0425,0
MEM-DFW,medium,2023-08-27,6,1,0,0,0.4865,783,755,28,0.0371,0
MEM-DFW,medium,2023-08-28,0,0,0,0,0.2472,1564,1517,60,0.0396,0
MEM-DFW,medium,2023-08-29,1,0,0,0,0.1226,1475,1435,62,0.0432,0
MEM-DFW,medium,2023-08-30,2,0,0,0,0.1748,1470,1424,55,0.0386,0
MEM-DFW,medium,2023-08-31,3,0,0,0,0.3233,1594,1540,57,0.037,0
MEM-DFW,medium,2023-09-01,4,0,0,0,0.0606,1394,1375,64,0.0465,0
MEM-DFW,medium,2023-09-02,5,1,0,0,0.1369,684,663,42,0.0633,0
MEM-DFW,medium,2023-09-03,6,1,0,0,0.0,762,734,29,0.0395,0
MEM-DFW,medium,2023-09-04,0,0,0,0,0.0728,1382,1356,48,0.0354,0
MEM-DFW,medium,2023-09-05,1,0,0,0,0.1644,1353,1318,49,0.0372,0
MEM-DFW,medium,2023-09-06,2,0,0,0,0.1733,1678,1651,55,0.0333,0
MEM-DFW,medium,2023-09-07,3,0,0,0,0.0272,1731,1703,66,0.0388,0
MEM-DFW,medium,2023-09-08,4,0,0,0,0.1641,1446,1392,46,0.033,0
MEM-DFW,medium,2023-09-09,5,1,0,0,0.1248,871,854,52,0.0609,0
MEM-DFW,medium,2023-09-10,6,1,0,0,0.0198,770,752,26,0.0346,0
MEM-DFW,medium,2023-09-11,0,0,0,0,0.0834,1282,1265,54,0.0427,0
MEM-DFW,medium,2023-09-12,1,0,0,0,0.0539,1209,1184,55,0.0465,0
MEM-DFW,medium,2023-09-13,2,0,0,0,0.169,1560,1519,49,0.0323,0
MEM-DFW,medium,2023-09-14,3,0,0,0,0.1953,1175,1148,51,0.0444,0
MEM-DFW,medium,2023-09-15,4,0,0,0,0.2005,1368,1332,38,0.0285,0
MEM-DFW,medium,2023-09-16,5,1,0,0,0.3363,717,707,26,0.0368,0
MEM-DFW,medium,2023-09-17,6,1,0,0,0.1025,725,704,28,0.0398,0
MEM-DFW,medium,2023-09-18,0,0,0,0,0.1229,1456,1411,63,0.0446,0
MEM-DFW,medium,2023-09-19,1,0,0,0,0.2304,1498,1449,51,0.0352,0
MEM-DFW,medium,2023-09-20,2,0,0,0,0.1819,1521,1497,53,0.0354,0
MEM-DFW,medium,2023-09-21,3,0,0,0,0.2044,1452,1425,54,0.0379,0
MEM-DFW,medium,2023-09-22,4,0,0,0,0.1476,1496,1441,57,0.0396,0
MEM-DFW,medium,2023-09-23,5,1,0,0,0.0951,825,801,30,0.0375,0
MEM-DFW,medium,2023-09-24,6,1,0,0,0.2875,819,793,41,0.0517,0
MEM-DFW,medium,2023-09-25,0,0,0,0,0.0201,1415,1373,63,0.0459,0
MEM-DFW,medium,2023-09-26,1,0,0,0,0.1491,1519,1493,59,0.0395,0
MEM-DFW,medium,2023-09-27,2,0,0,0,0.1479,1803,1763,72,0.0408,0
MEM-DFW,medium,2023-09-28,3,0,0,0,0.0686,1395,1370,50,0.0365,0
MEM-DFW,medium,2023-09-29,4,0,0,0,0.1895,1341,1301,49,0.0377,0
MEM-DFW,medium,2023-09-30,5,1,0,0,0.1136,783,754,34,0.0451,0
MEM-DFW,medium,2023-10-01,6,1,0,0,0.1788,751,727,31,0.0426,0
MEM-DFW,medium,2023-10-02,0,0,0,0,0.2971,1613,1568,65,0.0415,0
MEM-DFW,medium,2023-10-03,1,0,0,0,0.0,1190,1149,49,0.0426,0
MEM-DFW,medium,2023-10-04,2,0,0,0,0.1004,1394,1359,56,0.0412,0
MEM-DFW,medium,2023-10-05,3,0,0,0,0.0456,1483,1443,44,0.0305,0
MEM-DFW,medium,2023-10-06,4,0,0,0,0.4071,1705,1648,61,0.037,0
MEM-DFW,medium,2023-10-07,5,1,0,0,0.0,1038,1025,48,0.0468,0
MEM-DFW,medium,2023-10-08,6,1,0,0,0.2139,837,821,37,0.0451,0
MEM-DFW,medium,2023-10-09,0,0,0,0,0.2104,1414,1362,69,0.0507,0
MEM-DFW,medium,2023-10-10,1,0,0,0,0.239,1235,1218,52,0.0427,0
MEM-DFW,medium,2023-10-11,2,0,0,0,0.2284,1360,1325,72,0.0543,0
MEM-DFW,medium,2023-10-12,3,0,0,0,0.1008,1405,1367,42,0.0307,0
MEM-DFW,medium,2023-10-13,4,0,0,0,0.2738,1377,1327,48,0.0362,0
MEM-DFW,medium,2023-10-14,5,1,0,0,0.0,872,840,40,0.0476,0
MEM-DFW,medium,2023-10-15,6,1,0,0,0.3442,864,834,33,0.0396,0
MEM-DFW,medium,2023-10-16,0,0,0,0,0.1346,1444,1397,56,0.0401,0
MEM-DFW,medium,2023-10-17,1,0,0,0,0.2174,1479,1450,50,0.0345,0
MEM-DFW,medium,2023-10-18,2,0,0,0,0.1228,1124,1104,44,0.0399,0
MEM-DFW,medium,2023-10-19,3,0,0,0,0.1723,1452,1412,49,0.0347,0
MEM-DFW,medium,2023-10-20,4,0,0,0,0.1768,1536,1492,48,0.0322,0
MEM-DFW,medium,2023-10-21,5,1,0,0,0.1454,951,937,45,0.048,0
MEM-DFW,medium,2023-10-22,6,1,0,0,0.7062,834,806,158,0.196,1
MEM-DFW,medium,2023-10-23,0,0,0,0,0.6915,1425,1379,222,0.161,1
MEM-DFW,medium,2023-10-24,1,0,0,0,0.6517,1428,1375,176,0.128,1
MEM-DFW,medium,2023-10-25,2,0,0,0,0.2175,1282,1255,45,0.0359,0
MEM-DFW,medium,2023-10-26,3,0,0,0,0.0,1517,1464,62,0.0423,0
MEM-DFW,medium,2023-10-27,4,0,0,0,0.0329,1464,1416,64,0.0452,0
MEM-DFW,medium,2023-10-28,5,1,0,0,0.2061,827,809,38,0.047,0
MEM-DFW,medium,2023-10-29,6,1,0,0,0.0225,979,951,49,0.0515,0
MEM-DFW,medium,2023-10-30,0,0,0,0,0.3983,1578,1539,59,0.0383,0
MEM-DFW,medium,2023-10-31,1,0,0,0,0.0,1483,1451,50,0.0345,0
MEM-DFW,medium,2023-11-01,2,0,0,0,0.1271,1093,1066,34,0.0319,0
MEM-DFW,medium,2023-11-02,3,0,0,0,0.0,1445,1410,72,0.0511,0
MEM-DFW,medium,2023-11-03,4,0,0,0,0.1034,1353,1313,51,0.0388,0
MEM-DFW,medium,2023-11-04,5,1,0,0,0.0178,966,940,43,0.0457,0
MEM-DFW,medium,2023-11-05,6,1,0,0,0.1301,856,840,40,0.0476,0
MEM-DFW,medium,2023-11-06,0,0,0,0,0.1006,1467,1429,55,0.0385,0
MEM-DFW,medium,2023-11-07,1,0,0,0,0.1573,1758,1725,63,0.0365,0
MEM-DFW,medium,2023-11-08,2,0,0,0,0.1495,1441,1393,72,0.0517,0
MEM-DFW,medium,2023-11-09,3,0,0,0,0.0,1401,1381,47,0.034,0
MEM-DFW,medium,2023-11-10,4,0,0,0,0.2799,1456,1419,56,0.0395,0
MEM-DFW,medium,2023-11-11,5,1,1,0,0.2214,173,171,7,0.0409,0
MEM-DFW,medium,2023-11-12,6,1,0,0,0.0926,804,788,36,0.0457,0
MEM-DFW,medium,2023-11-13,0,0,0,0,0.5955,1512,1480,219,0.148,1
MEM-DFW,medium,2023-11-14,1,0,0,0,0.9804,1285,1239,157,0.1267,1
MEM-DFW,medium,2023-11-15,2,0,0,0,0.6389,1443,1392,206,0.148,1
MEM-DFW,medium,2023-11-16,3,0,0,0,0.1329,1540,1508,61,0.0405,0
MEM-DFW,medium,2023-11-17,4,0,0,0,0.0,1582,1539,62,0.0403,0
MEM-DFW,medium,2023-11-18,5,1,0,0,0.1332,762,743,38,0.0511,0
MEM-DFW,medium,2023-11-19,6,1,0,0,0.0516,847,832,43,0.0517,0
MEM-DFW,medium,2023-11-20,0,0,0,1,0.3395,2622,2563,191,0.0745,0
MEM-DFW,medium,2023-11-21,1,0,0,1,0.0218,2540,2452,139,0.0567,0
MEM-DFW,medium,2023-11-22,2,0,0,1,0.1413,2447,2370,171,0.0722,0
MEM-DFW,medium,2023-11-23,3,0,0,1,0.4688,2230,2167,154,0.0711,0
MEM-DFW,medium,2023-11-24,4,0,0,1,0.19,2656,2581,164,0.0635,0
MEM-DFW,medium,2023-11-25,5,1,0,1,0.0,1261,1237,90,0.0728,0
MEM-DFW,medium,2023-11-26,6,1,0,1,0.0,1327,1289,131,0.1016,0
MEM-DFW,medium,2023-11-27,0,0,0,1,0.2879,2751,2700,156,0.0578,0
MEM-DFW,medium,2023-11-28,1,0,0,1,0.5805,2266,2193,499,0.2275,1
MEM-DFW,medium,2023-11-29,2,0,0,1,0.2132,2313,2275,151,0.0664,0
MEM-DFW,medium,2023-11-30,3,0,0,1,0.1832,2315,2280,122,0.0535,0
MEM-DFW,medium,2023-12-01,4,0,0,1,0.0873,2070,1995,132,0.0662,0
MEM-DFW,medium,2023-12-02,5,1,0,1,0.1121,1349,1327,107,0.0806,0
MEM-DFW,medium,2023-12-03,6,1,0,1,0.3032,1284,1265,119,0.0941,0
MEM-DFW,medium,2023-12-04,0,0,0,1,0.1429,2445,2392,153,0.064,0
MEM-DFW,medium,2023-12-05,1,0,0,1,0.2969,2398,2332,153,0.0656,0
MEM-DFW,medium,2023-12-06,2,0,0,1,0.2048,2319,2237,151,0.0675,0
MEM-DFW,medium,2023-12-07,3,0,0,1,0.233,2654,2620,157,0.0599,0
MEM-DFW,medium,2023-12-08,4,0,0,1,0.1481,2377,2327,143,0.0615,0
MEM-DFW,medium,2023-12-09,5,1,0,1,0.1441,1379,1358,108,0.0795,0
MEM-DFW,medium,2023-12-10,6,1,0,1,0.0881,1508,1478,120,0.0812,0
MEM-DFW,medium,2023-12-11,0,0,0,1,0.0,2370,2315,139,0.06,0
MEM-DFW,medium,2023-12-12,1,0,0,1,0.3133,2051,2014,125,0.0621,0
MEM-DFW,medium,2023-12-13,2,0,0,1,0.052,2405,2336,140,0.0599,0
MEM-DFW,medium,2023-12-14,3,0,0,1,0.0241,2380,2344,150,0.064,0
MEM-DFW,medium,2023-12-15,4,0,0,1,0.2072,2428,2376,164,0.069,0
MEM-DFW,medium,2023-12-16,5,1,0,1,0.2033,1327,1309,92,0.0703,0
MEM-DFW,medium,2023-12-17,6,1,0,1,0.192,1524,1475,115,0.078,0
MEM-DFW,medium,2023-12-18,0,0,0,1,0.1262,2695,2601,178,0.0684,0
MEM-DFW,medium,2023-12-19,1,0,0,1,0.2793,2850,2760,188,0.0681,0
MEM-DFW,medium,2023-12-20,2,0,0,1,0.0637,2233,2182,127,0.0582,0
MEM-DFW,medium,2023-12-21,3,0,0,1,0.1308,2370,2315,155,0.067,0
MEM-DFW,medium,2023-12-22,4,0,0,1,0.2155,2286,2235,169,0.0756,0
MEM-DFW,medium,2023-12-23,5,1,0,1,0.174,1370,1338,114,0.0852,0
MEM-DFW,medium,2023-12-24,6,1,0,1,0.0743,1311,1270,125,0.0984,0
MEM-DFW,medium,2023-12-25,0,0,1,1,0.0,618,597,47,0.0787,0
MEM-DFW,medium,2023-12-26,1,0,0,1,0.1591,2048,1988,122,0.0614,0
MEM-DFW,medium,2023-12-27,2,0,0,0,0.0294,1614,1560,72,0.0462,0
MEM-DFW,medium,2023-12-28,3,0,0,0,0.213,1547,1495,58,0.0388,0
MEM-DFW,medium,2023-12-29,4,0,0,0,0.0,1660,1615,61,0.0378,0
MEM-DFW,medium,2023-12-30,5,1,0,0,0.1594,906,877,50,0.057,0
MEM-DFW,medium,2023-12-31,6,1,0,0,0.3266,821,810,35,0.0432,0
MEM-DFW,medium,2024-01-01,0,0,1,0,0.1724,451,434,13,0.03,0
MEM-DFW,medium,2024-01-02,1,0,0,0,0.1257,1518,1474,43,0.0292,0
MEM-DFW,medium,2024-01-03,2,0,0,0,0.7589,1471,1439,189,0.1313,1
MEM-DFW,medium,2024-01-04,3,0,0,0,0.2051,1532,1504,66,0.0439,0
MEM-DFW,medium,2024-01-05,4,0,0,0,0.1123,1320,1298,59,0.0455,0
MEM-DFW,medium,2024-01-06,5,1,0,0,0.1284,844,832,37,0.0445,0
MEM-DFW,medium,2024-01-07,6,1,0,0,0.6573,1000,984,135,0.1372,1
MEM-DFW,medium,2024-01-08,0,0,0,0,0.654,1300,1264,114,0.0902,1
MEM-DFW,medium,2024-01-09,1,0,0,0,0.2123,1351,1305,50,0.0383,0
MEM-DFW,medium,2024-01-10,2,0,0,0,0.1647,1345,1309,69,0.0527,0
MEM-DFW,medium,2024-01-11,3,0,0,0,0.0,1573,1539,51,0.0331,0
MEM-DFW,medium,2024-01-12,4,0,0,0,0.2153,1524,1480,55,0.0372,0
MEM-DFW,medium,2024-01-13,5,1,0,0,0.4195,811,799,43,0.0538,0
MEM-DFW,medium,2024-01-14,6,1,0,0,0.3304,651,637,29,0.0455,0
MEM-DFW,medium,2024-01-15,0,0,0,0,0.0,1476,1449,37,0.0255,0
MEM-DFW,medium,2024-01-16,1,0,0,0,0.1142,1377,1344,60,0.0446,0
MEM-DFW,medium,2024-01-17,2,0,0,0,0.0934,1694,1662,60,0.0361,0
MEM-DFW,medium,2024-01-18,3,0,0,0,0.0936,1307,1291,34,0.0263,0
MEM-DFW,medium,2024-01-19,4,0,0,0,0.0558,1554,1510,50,0.0331,0
MEM-DFW,medium,2024-01-20,5,1,0,0,0.3093,918,889,34,0.0382,0
MEM-DFW,medium,2024-01-21,6,1,0,0,0.2098,786,757,40,0.0528,0
MEM-DFW,medium,2024-01-22,0,0,0,0,0.2258,1372,1350,51,0.0378,0
MEM-DFW,medium,2024-01-23,1,0,0,0,0.2328,1637,1609,57,0.0354,0
MEM-DFW,medium,2024-01-24,2,0,0,0,0.2008,1681,1647,47,0.0285,0
MEM-DFW,medium,2024-01-25,3,0,0,0,0.165,1511,1488,46,0.0309,0
MEM-DFW,medium,2024-01-26,4,0,0,0,0.1292,1385,1358,55,0.0405,0
MEM-DFW,medium,2024-01-27,5,1,0,0,0.3104,742,724,37,0.0511,0
MEM-DFW,medium,2024-01-28,6,1,0,0,0.2374,999,978,51,0.0521,0
MEM-DFW,medium,2024-01-29,0,0,0,0,0.2106,1374,1347,47,0.0349,0
MEM-DFW,medium,2024-01-30,1,0,0,0,0.1963,1482,1447,52,0.0359,0
MEM-DFW,medium,2024-01-31,2,0,0,0,0.2173,1406,1361,54,0.0397,0
MEM-DFW,medium,2024-02-01,3,0,0,0,0.3953,1557,1528,52,0.034,0
MEM-DFW,medium,2024-02-02,4,0,0,0,0.2868,1449,1413,61,0.0432,0
MEM-DFW,medium,2024-02-03,5,1,0,0,0.0,708,696,41,0.0589,0
MEM-DFW,medium,2024-02-04,6,1,0,0,0.1207,736,723,39,0.0539,0
MEM-DFW,medium,2024-02-05,0,0,0,0,0.1752,1480,1460,56,0.0384,0
MEM-DFW,medium,2024-02-06,1,0,0,0,0.0,1357,1340,49,0.0366,0
MEM-DFW,medium,2024-02-07,2,0,0,0,0.076,1332,1289,42,0.0326,0
MEM-DFW,medium,2024-02-08,3,0,0,0,0.1985,1587,1528,66,0.0432,0
MEM-DFW,medium,2024-02-09,4,0,0,0,0.1111,1640,1604,61,0.038,0
MEM-DFW,medium,2024-02-10,5,1,0,0,0.1733,816,806,41,0.0509,0
MEM-DFW,medium,2024-02-11,6,1,0,0,0.1865,946,918,34,0.037,0
MEM-DFW,medium,2024-02-12,0,0,0,0,0.0575,1694,1639,73,0.0445,0
MEM-DFW,medium,2024-02-13,1,0,0,0,0.1795,1445,1413,51,0.0361,0
MEM-DFW,medium,2024-02-14,2,0,0,0,0.2598,1342,1312,51,0.0389,0
MEM-DFW,medium,2024-02-15,3,0,0,0,0.1755,1586,1562,73,0.0467,0
MEM-DFW,medium,2024-02-16,4,0,0,0,0.0641,1454,1420,52,0.0366,0
MEM-DFW,medium,2024-02-17,5,1,0,0,0.1538,658,638,31,0.0486,0
MEM-DFW,medium,2024-02-18,6,1,0,0,0.0068,784,757,43,0.0568,0
MEM-DFW,medium,2024-02-19,0,0,0,0,0.0511,1436,1413,61,0.0432,0
MEM-DFW,medium,2024-02-20,1,0,0,0,0.2148,1437,1391,46,0.0331,0
MEM-DFW,medium,2024-02-21,2,0,0,0,0.1429,1516,1466,67,0.0457,0
MEM-DFW,medium,2024-02-22,3,0,0,0,0.0896,1697,1643,65,0.0396,0
MEM-DFW,medium,2024-02-23,4,0,0,0,0.1521,1579,1531,52,0.034,0
MEM-DFW,medium,2024-02-24,5,1,0,0,0.3181,824,800,44,0.055,0
MEM-DFW,medium,2024-02-25,6,1,0,0,0.177,812,799,41,0.0513,0
MEM-DFW,medium,2024-02-26,0,0,0,0,0.1177,1473,1422,72,0.0506,0
MEM-DFW,medium,2024-02-27,1,0,0,0,0.1667,1277,1234,44,0.0357,0
MEM-DFW,medium,2024-02-28,2,0,0,0,0.1852,1448,1415,60,0.0424,0
MEM-DFW,medium,2024-02-29,3,0,0,0,0.2401,1445,1421,68,0.0479,0
MEM-DFW,medium,2024-03-01,4,0,0,0,0.1108,1048,1019,46,0.0451,0
MEM-DFW,medium,2024-03-02,5,1,0,0,0.1468,969,951,55,0.0578,0
MEM-DFW,medium,2024-03-03,6,1,0,0,0.2211,759,746,32,0.0429,0
MEM-DFW,medium,2024-03-04,0,0,0,0,0.227,1688,1657,64,0.0386,0
MEM-DFW,medium,2024-03-05,1,0,0,0,0.0043,1318,1285,56,0.0436,0
MEM-DFW,medium,2024-03-06,2,0,0,0,0.086,1453,1408,55,0.0391,0
MEM-DFW,medium,2024-03-07,3,0,0,0,0.2983,1272,1241,53,0.0427,0
MEM-DFW,medium,2024-03-08,4,0,0,0,0.1111,1581,1523,62,0.0407,0
MEM-DFW,medium,2024-03-09,5,1,0,0,0.1472,858,846,45,0.0532,0
MEM-DFW,medium,2024-03-10,6,1,0,0,0.2164,823,807,34,0.0421,0
MEM-DFW,medium,2024-03-11,0,0,0,0,0.0,1538,1493,56,0.0375,0
MEM-DFW,medium,2024-03-12,1,0,0,0,0.1497,1311,1271,44,0.0346,0
MEM-DFW,medium,2024-03-13,2,0,0,0,0.2958,1406,1356,51,0.0376,0
MEM-DFW,medium,2024-03-14,3,0,0,0,0.1828,1521,1501,70,0.0466,0
MEM-DFW,medium,2024-03-15,4,0,0,0,0.2651,1483,1441,65,0.0451,0
MEM-DFW,medium,2024-03-16,5,1,0,0,0.0118,909,897,44,0.0491,0
MEM-DFW,medium,2024-03-17,6,1,0,0,0.0,782,764,46,0.0602,0
MEM-DFW,medium,2024-03-18,0,0,0,0,0.108,1327,1281,49,0.0383,0
MEM-DFW,medium,2024-03-19,1,0,0,0,0.3157,1377,1356,47,0.0347,0
MEM-DFW,medium,2024-03-20,2,0,0,0,0.1079,1532,1476,43,0.0291,0
MEM-DFW,medium,2024-03-21,3,0,0,0,0.2084,1509,1479,67,0.0453,0
MEM-DFW,medium,2024-03-22,4,0,0,0,0.2004,1456,1423,51,0.0358,0
MEM-DFW,medium,2024-03-23,5,1,0,0,0.2322,716,705,34,0.0482,0
MEM-DFW,medium,2024-03-24,6,1,0,0,0.0,765,750,29,0.0387,0
MEM-DFW,medium,2024-03-25,0,0,0,0,0.2463,1454,1405,67,0.0477,0
MEM-DFW,medium,2024-03-26,1,0,0,0,0.3265,1700,1642,70,0.0426,0
MEM-DFW,medium,2024-03-27,2,0,0,0,0.2631,1390,1349,57,0.0423,0
MEM-DFW,medium,2024-03-28,3,0,0,0,0.0125,1402,1358,45,0.0331,0
MEM-DFW,medium,2024-03-29,4,0,0,0,0.0884,1492,1456,63,0.0433,0
MEM-DFW,medium,2024-03-30,5,1,0,0,0.026,769,754,26,0.0345,0
MEM-DFW,medium,2024-03-31,6,1,0,0,0.1414,780,766,37,0.0483,0
MEM-DFW,medium,2024-04-01,0,0,0,0,0.0841,1469,1415,55,0.0389,0
MEM-DFW,medium,2024-04-02,1,0,0,0,0.2354,1346,1305,49,0.0375,0
MEM-DFW,medium,2024-04-03,2,0,0,0,0.0465,1579,1545,59,0.0382,0
MEM-DFW,medium,2024-04-04,3,0,0,0,0.0,1508,1457,39,0.0268,0
MEM-DFW,medium,2024-04-05,4,0,0,0,0.1309,1745,1697,63,0.0371,0
MEM-DFW,medium,2024-04-06,5,1,0,0,0.2236,792,770,33,0.0429,0
MEM-DFW,medium,2024-04-07,6,1,0,0,0.0921,824,811,39,0.0481,0
MEM-DFW,medium,2024-04-08,0,0,0,0,0.2765,1541,1504,65,0.0432,0
MEM-DFW,medium,2024-04-09,1,0,0,0,0.1413,1160,1117,35,0.0313,0
MEM-DFW,medium,2024-04-10,2,0,0,0,0.2883,1372,1325,42,0.0317,0
MEM-DFW,medium,2024-04-11,3,0,0,0,0.2746,1280,1259,49,0.0389,0
MEM-DFW,medium,2024-04-12,4,0,0,0,0.0,1389,1355,47,0.0347,0
MEM-DFW,medium,2024-04-13,5,1,0,0,0.0,779,755,39,0.0517,0
MEM-DFW,medium,2024-04-14,6,1,0,0,0.1749,650,633,34,0.0537,0
MEM-DFW,medium,2024-04-15,0,0,0,0,0.0184,1380,1347,59,0.0438,0
MEM-DFW,medium,2024-04-16,1,0,0,0,0.2576,1604,1574,67,0.0426,0
MEM-DFW,medium,2024-04-17,2,0,0,0,0.0125,1394,1342,45,0.0335,0
MEM-DFW,medium,2024-04-18,3,0,0,0,0.0265,1629,1607,70,0.0436,0
MEM-DFW,medium,2024-04-19,4,0,0,0,0.1722,1640,1615,65,0.0402,0
MEM-DFW,medium,2024-04-20,5,1,0,0,0.0632,891,873,37,0.0424,0
MEM-DFW,medium,2024-04-21,6,1,0,0,0.3214,935,912,47,0.0515,0
MEM-DFW,medium,2024-04-22,0,0,0,0,0.0311,1774,1721,64,0.0372,0
MEM-DFW,medium,2024-04-23,1,0,0,0,0.2525,1596,1537,52,0.0338,0
MEM-DFW,medium,2024-04-24,2,0,0,0,0.0372,1563,1525,45,0.0295,0
MEM-DFW,medium,2024-04-25,3,0,0,0,0.1357,1517,1463,46,0.0314,0
MEM-DFW,medium,2024-04-26,4,0,0,0,0.2586,1464,1411,52,0.0369,0
MEM-DFW,medium,2024-04-27,5,1,0,0,0.0808,824,805,37,0.046,0
MEM-DFW,medium,2024-04-28,6,1,0,0,0.0615,837,823,48,0.0583,0
MEM-DFW,medium,2024-04-29,0,0,0,0,0.0808,1675,1621,68,0.0419,0
MEM-DFW,medium,2024-04-30,1,0,0,0,0.2791,1543,1491,73,0.049,0
MEM-DFW,medium,2024-05-01,2,0,0,0,0.0964,1676,1644,56,0.0341,0
MEM-DFW,medium,2024-05-02,3,0,0,0,0.0507,1653,1600,53,0.0331,0
MEM-DFW,medium,2024-05-03,4,0,0,0,0.2154,1421,1387,53,0.0382,0
MEM-DFW,medium,2024-05-04,5,1,0,0,0.1416,627,610,25,0.041,0
MEM-DFW,medium,2024-05-05,6,1,0,0,0.0832,865,854,26,0.0304,0
MEM-DFW,medium,2024-05-06,0,0,0,0,0.095,1439,1391,55,0.0395,0
MEM-DFW,medium,2024-05-07,1,0,0,0,0.0289,1570,1522,59,0.0388,0
MEM-DFW,medium,2024-05-08,2,0,0,0,0.28,1693,1669,65,0.0389,0
MEM-DFW,medium,2024-05-09,3,0,0,0,0.1615,1570,1540,52,0.0338,0
MEM-DFW,medium,2024-05-10,4,0,0,0,0.3493,1611,1584,67,0.0423,0
MEM-DFW,medium,2024-05-11,5,1,0,0,0.023,884,862,47,0.0545,0
MEM-DFW,medium,2024-05-12,6,1,0,0,0.1062,927,911,53,0.0582,0
MEM-DFW,medium,2024-05-13,0,0,0,0,0.1178,1472,1437,45,0.0313,0
MEM-DFW,medium,2024-05-14,1,0,0,0,0.0,1523,1490,51,0.0342,0
MEM-DFW,medium,2024-05-15,2,0,0,0,0.1808,1472,1426,55,0.0386,0
MEM-DFW,medium,2024-05-16,3,0,0,0,0.0,1660,1607,59,0.0367,0
MEM-DFW,medium,2024-05-17,4,0,0,0,0.0,1706,1676,58,0.0346,0
MEM-DFW,medium,2024-05-18,5,1,0,0,0.1009,835,809,35,0.0433,0
MEM-DFW,medium,2024-05-19,6,1,0,0,0.0042,784,768,42,0.0547,0
MEM-DFW,medium,2024-05-20,0,0,0,0,0.3869,1527,1495,75,0.0502,0
MEM-DFW,medium,2024-05-21,1,0,0,0,0.1302,1681,1654,65,0.0393,0
MEM-DFW,medium,2024-05-22,2,0,0,0,0.1472,1621,1600,65,0.0406,0
MEM-DFW,medium,2024-05-23,3,0,0,0,0.2964,2068,2010,65,0.0323,0
MEM-DFW,medium,2024-05-24,4,0,0,0,0.1424,1395,1375,50,0.0364,0
MEM-DFW,medium,2024-05-25,5,1,0,0,0.32,836,811,46,0.0567,0
MEM-DFW,medium,2024-05-26,6,1,0,0,0.0489,835,806,39,0.0484,0
MEM-DFW,medium,2024-05-27,0,0,0,0,0.0,1491,1466,56,0.0382,0
MEM-DFW,medium,2024-05-28,1,0,0,0,0.3195,1409,1369,51,0.0373,0
MEM-DFW,medium,2024-05-29,2,0,0,0,0.0677,1523,1497,61,0.0407,0
MEM-DFW,medium,2024-05-30,3,0,0,0,0.1496,1570,1519,51,0.0336,0
MEM-DFW,medium,2024-05-31,4,0,0,0,0.1962,1494,1470,69,0.0469,0
MEM-DFW,medium,2024-06-01,5,1,0,0,0.1005,739,719,32,0.0445,0
MEM-DFW,medium,2024-06-02,6,1,0,0,0.7478,832,802,161,0.2007,1
MEM-DFW,medium,2024-06-03,0,0,0,0,0.5077,1366,1346,187,0.1389,1
MEM-DFW,medium,2024-06-04,1,0,0,0,0.0,1525,1495,49,0.0328,0
MEM-DFW,medium,2024-06-05,2,0,0,0,0.159,1374,1353,54,0.0399,0
MEM-DFW,medium,2024-06-06,3,0,0,0,0.1245,1478,1435,56,0.039,0
MEM-DFW,medium,2024-06-07,4,0,0,0,0.1166,1368,1332,47,0.0353,0
MEM-DFW,medium,2024-06-08,5,1,0,0,0.0268,764,742,32,0.0431,0
MEM-DFW,medium,2024-06-09,6,1,0,0,0.5051,732,722,40,0.0554,0
MEM-DFW,medium,2024-06-10,0,0,0,0,0.0682,1569,1516,59,0.0389,0
MEM-DFW,medium,2024-06-11,1,0,0,0,0.2553,1605,1581,49,0.031,0
MEM-DFW,medium,2024-06-12,2,0,0,0,0.2148,1502,1463,48,0.0328,0
MEM-DFW,medium,2024-06-13,3,0,0,0,0.0667,1590,1533,72,0.047,0
MEM-DFW,medium,2024-06-14,4,0,0,0,0.0345,1856,1812,67,0.037,0
MEM-DFW,medium,2024-06-15,5,1,0,0,0.0859,900,872,54,0.0619,0
MEM-DFW,medium,2024-06-16,6,1,0,0,0.3322,763,747,47,0.0629,0
MEM-DFW,medium,2024-06-17,0,0,0,0,0.3948,1394,1365,51,0.0374,0
MEM-DFW,medium,2024-06-18,1,0,0,0,0.2352,1650,1617,65,0.0402,0
MEM-DFW,medium,2024-06-19,2,0,0,0,0.0098,1715,1672,68,0.0407,0
MEM-DFW,medium,2024-06-20,3,0,0,0,0.0451,1264,1223,43,0.0352,0
MEM-DFW,medium,2024-06-21,4,0,0,0,0.2335,1481,1461,71,0.0486,0
MEM-DFW,medium,2024-06-22,5,1,0,0,0.138,816,789,34,0.0431,0
MEM-DFW,medium,2024-06-23,6,1,0,0,0.0466,940,922,56,0.0607,0
MEM-DFW,medium,2024-06-24,0,0,0,0,0.3997,1476,1436,57,0.0397,0
MEM-DFW,medium,2024-06-25,1,0,0,0,0.1081,1542,1486,62,0.0417,0
MEM-DFW,medium,2024-06-26,2,0,0,0,0.0,1540,1517,56,0.0369,0
MEM-DFW,medium,2024-06-27,3,0,0,0,0.2284,1220,1188,49,0.0412,0
MEM-DFW,medium,2024-06-28,4,0,0,0,0.0,1446,1426,46,0.0323,0
MEM-DFW,medium,2024-06-29,5,1,0,0,0.1449,750,726,45,0.062,0
MEM-DFW,medium,2024-06-30,6,1,0,0,0.1944,779,753,33,0.0438,0
MEM-DFW,medium,2024-07-01,0,0,0,0,0.1202,1452,1407,55,0.0391,0
MEM-DFW,medium,2024-07-02,1,0,0,0,0.1488,1824,1774,87,0.049,0
MEM-DFW,medium,2024-07-03,2,0,0,0,0.1874,1593,1570,54,0.0344,0
MEM-DFW,medium,2024-07-04,3,0,1,0,0.2261,272,265,9,0.034,0
MEM-DFW,medium,2024-07-05,4,0,0,0,0.1057,1453,1406,64,0.0455,0
MEM-DFW,medium,2024-07-06,5,1,0,0,0.0,915,903,51,0.0565,0
MEM-DFW,medium,2024-07-07,6,1,0,0,0.136,852,841,47,0.0559,0
MEM-DFW,medium,2024-07-08,0,0,0,0,0.1501,1411,1370,55,0.0401,0
MEM-DFW,medium,2024-07-09,1,0,0,0,0.0518,1270,1237,55,0.0445,0
MEM-DFW,medium,2024-07-10,2,0,0,0,0.1001,1334,1290,48,0.0372,0
MEM-DFW,medium,2024-07-11,3,0,0,0,0.6926,1431,1405,214,0.1523,1
MEM-DFW,medium,2024-07-12,4,0,0,0,0.0047,1350,1332,49,0.0368,0
MEM-DFW,medium,2024-07-13,5,1,0,0,0.8634,717,701,118,0.1683,1
MEM-DFW,medium,2024-07-14,6,1,0,0,0.0247,948,916,48,0.0524,0
MEM-DFW,medium,2024-07-15,0,0,0,0,0.2786,1494,1461,54,0.037,0
MEM-DFW,medium,2024-07-16,1,0,0,0,0.2069,1547,1527,58,0.038,0
MEM-DFW,medium,2024-07-17,2,0,0,0,0.0934,1539,1502,66,0.0439,0
MEM-DFW,medium,2024-07-18,3,0,0,0,0.2647,1637,1607,73,0.0454,0
MEM-DFW,medium,2024-07-19,4,0,0,0,0.2437,1476,1422,51,0.0359,0
MEM-DFW,medium,2024-07-20,5,1,0,0,0.0,787,766,45,0.0587,0
MEM-DFW,medium,2024-07-21,6,1,0,0,0.0,843,829,43,0.0519,0
MEM-DFW,medium,2024-07-22,0,0,0,0,0.1703,1756,1712,63,0.0368,0
MEM-DFW,medium,2024-07-23,1,0,0,0,0.0165,1312,1282,40,0.0312,0
MEM-DFW,medium,2024-07-24,2,0,0,0,0.082,1337,1293,50,0.0387,0
MEM-DFW,medium,2024-07-25,3,0,0,0,0.2157,1423,1393,57,0.0409,0
MEM-DFW,medium,2024-07-26,4,0,0,0,0.2351,1635,1579,50,0.0317,0
MEM-DFW,medium,2024-07-27,5,1,0,0,0.1658,835,806,42,0.0521,0
MEM-DFW,medium,2024-07-28,6,1,0,0,0.4979,860,834,40,0.048,0
MEM-DFW,medium,2024-07-29,0,0,0,0,0.1391,1364,1338,55,0.0411,0
MEM-DFW,medium,2024-07-30,1,0,0,0,0.0,1559,1505,56,0.0372,0
MEM-DFW,medium,2024-07-31,2,0,0,0,0.4392,1604,1545,66,0.0427,0
MEM-DFW,medium,2024-08-01,3,0,0,0,0.3189,1314,1291,53,0.0411,0
MEM-DFW,medium,2024-08-02,4,0,0,0,0.1098,1492,1465,63,0.043,0
MEM-DFW,medium,2024-08-03,5,1,0,0,0.2507,835,820,31,0.0378,0
MEM-DFW,medium,2024-08-04,6,1,0,0,0.2472,733,715,41,0.0573,0
MEM-DFW,medium,2024-08-05,0,0,0,0,0.4303,1334,1302,42,0.0323,0
MEM-DFW,medium,2024-08-06,1,0,0,0,0.0,1340,1302,48,0.0369,0
MEM-DFW,medium,2024-08-07,2,0,0,0,0.2852,1794,1756,64,0.0364,0
MEM-DFW,medium,2024-08-08,3,0,0,0,0.0536,1358,1337,57,0.0426,0
MEM-DFW,medium,2024-08-09,4,0,0,0,0.2274,1741,1677,68,0.0405,0
MEM-DFW,medium,2024-08-10,5,1,0,0,0.0,856,842,45,0.0534,0
MEM-DFW,medium,2024-08-11,6,1,0,0,0.7819,614,595,87,0.1462,1
MEM-DFW,medium,2024-08-12,0,0,0,0,0.8134,1334,1307,137,0.1048,1
MEM-DFW,medium,2024-08-13,1,0,0,0,0.7549,1399,1372,217,0.1582,1
MEM-DFW,medium,2024-08-14,2,0,0,0,0.0,1520,1493,49,0.0328,0
MEM-DFW,medium,2024-08-15,3,0,0,0,0.2198,1401,1363,42,0.0308,0
MEM-DFW,medium,2024-08-16,4,0,0,0,0.0,1678,1635,54,0.033,0
MEM-DFW,medium,2024-08-17,5,1,0,0,0.0,726,705,39,0.0553,0
MEM-DFW,medium,2024-08-18,6,1,0,0,0.0972,682,659,35,0.0531,0
MEM-DFW,medium,2024-08-19,0,0,0,0,0.0,1826,1763,69,0.0391,0
MEM-DFW,medium,2024-08-20,1,0,0,0,0.096,1464,1431,51,0.0356,0
MEM-DFW,medium,2024-08-21,2,0,0,0,0.1218,1695,1667,68,0.0408,0
MEM-DFW,medium,2024-08-22,3,0,0,0,0.308,1486,1448,59,0.0407,0
MEM-DFW,medium,2024-08-23,4,0,0,0,0.0823,1596,1548,69,0.0446,0
MEM-DFW,medium,2024-08-24,5,1,0,0,0.0579,855,841,43,0.0511,0
MEM-DFW,medium,2024-08-25,6,1,0,0,0.0,911,877,52,0.0593,0
MEM-DFW,medium,2024-08-26,0,0,0,0,0.2491,1379,1332,55,0.0413,0
MEM-DFW,medium,2024-08-27,1,0,0,0,0.3969,1613,1592,60,0.0377,0
MEM-DFW,medium,2024-08-28,2,0,0,0,0.0813,1324,1305,53,0.0406,0
MEM-DFW,medium,2024-08-29,3,0,0,0,0.075,1419,1401,53,0.0378,0
MEM-DFW,medium,2024-08-30,4,0,0,0,0.0,1321,1286,45,0.035,0
MEM-DFW,medium,2024-08-31,5,1,0,0,0.0,1044,1031,60,0.0582,0
MEM-DFW,medium,2024-09-01,6,1,0,0,0.0663,742,733,34,0.0464,0
MEM-DFW,medium,2024-09-02,0,0,0,0,0.1815,1348,1330,55,0.0414,0
MEM-DFW,medium,2024-09-03,1,0,0,0,0.2183,1343,1316,56,0.0426,0
MEM-DFW,medium,2024-09-04,2,0,0,0,0.1654,1518,1495,68,0.0455,0
MEM-DFW,medium,2024-09-05,3,0,0,0,0.1717,1628,1587,57,0.0359,0
MEM-DFW,medium,2024-09-06,4,0,0,0,0.0529,1471,1449,60,0.0414,0
MEM-DFW,medium,2024-09-07,5,1,0,0,0.104,706,693,35,0.0505,0
MEM-DFW,medium,2024-09-08,6,1,0,0,0.2726,805,790,36,0.0456,0
MEM-DFW,medium,2024-09-09,0,0,0,0,0.0,1299,1283,70,0.0546,0
MEM-DFW,medium,2024-09-10,1,0,0,0,0.1211,1544,1500,64,0.0427,0
MEM-DFW,medium,2024-09-11,2,0,0,0,0.2801,1647,1605,63,0.0393,0
MEM-DFW,medium,2024-09-12,3,0,0,0,0.0695,1442,1424,53,0.0372,0
MEM-DFW,medium,2024-09-13,4,0,0,0,0.1863,1659,1611,62,0.0385,0
MEM-DFW,medium,2024-09-14,5,1,0,0,0.1602,798,781,37,0.0474,0
MEM-DFW,medium,2024-09-15,6,1,0,0,0.2579,720,705,26,0.0369,0
MEM-DFW,medium,2024-09-16,0,0,0,0,0.0,1510,1479,64,0.0433,0
MEM-DFW,medium,2024-09-17,1,0,0,0,0.2394,1514,1465,55,0.0375,0
MEM-DFW,medium,2024-09-18,2,0,0,0,0.2002,1414,1383,55,0.0398,0
MEM-DFW,medium,2024-09-19,3,0,0,0,0.2219,1515,1466,53,0.0362,0
MEM-DFW,medium,2024-09-20,4,0,0,0,0.0656,1471,1446,49,0.0339,0
MEM-DFW,medium,2024-09-21,5,1,0,0,0.407,853,828,28,0.0338,0
MEM-DFW,medium,2024-09-22,6,1,0,0,0.2124,846,817,40,0.049,0
MEM-DFW,medium,2024-09-23,0,0,0,0,0.0003,1472,1451,59,0.0407,0
MEM-DFW,medium,2024-09-24,1,0,0,0,0.0423,1702,1657,48,0.029,0
MEM-DFW,medium,2024-09-25,2,0,0,0,0.2399,1786,1758,60,0.0341,0
MEM-DFW,medium,2024-09-26,3,0,0,0,0.3576,1216,1175,47,0.04,0
MEM-DFW,medium,2024-09-27,4,0,0,0,0.3651,1613,1572,58,0.0369,0
MEM-DFW,medium,2024-09-28,5,1,0,0,0.0,774,761,38,0.0499,0
MEM-DFW,medium,2024-09-29,6,1,0,0,0.2432,774,764,33,0.0432,0
MEM-DFW,medium,2024-09-30,0,0,0,0,0.0416,1462,1418,43,0.0303,0
MEM-DFW,medium,2024-10-01,1,0,0,0,0.1042,1309,1274,48,0.0377,0
MEM-DFW,medium,2024-10-02,2,0,0,0,0.0456,1346,1304,59,0.0452,0
MEM-DFW,medium,2024-10-03,3,0,0,0,0.0,1498,1471,64,0.0435,0
MEM-DFW,medium,2024-10-04,4,0,0,0,0.2136,1665,1643,62,0.0377,0
MEM-DFW,medium,2024-10-05,5,1,0,0,0.0293,892,875,39,0.0446,0
MEM-DFW,medium,2024-10-06,6,1,0,0,0.1734,912,882,50,0.0567,0
MEM-DFW,medium,2024-10-07,0,0,0,0,0.1719,1863,1831,62,0.0339,0
MEM-DFW,medium,2024-10-08,1,0,0,0,0.3026,1672,1635,49,0.03,0
MEM-DFW,medium,2024-10-09,2,0,0,0,0.1436,1535,1493,59,0.0395,0
MEM-DFW,medium,2024-10-10,3,0,0,0,0.0934,1463,1435,46,0.0321,0
MEM-DFW,medium,2024-10-11,4,0,0,0,0.0964,1382,1331,41,0.0308,0
MEM-DFW,medium,2024-10-12,5,1,0,0,0.2003,717,705,27,0.0383,0
MEM-DFW,medium,2024-10-13,6,1,0,0,0.008,867,839,35,0.0417,0
MEM-DFW,medium,2024-10-14,0,0,0,0,0.1005,1744,1679,58,0.0345,0
MEM-DFW,medium,2024-10-15,1,0,0,0,0.0794,1739,1701,56,0.0329,0
MEM-DFW,medium,2024-10-16,2,0,0,0,0.0537,1831,1796,69,0.0384,0
MEM-DFW,medium,2024-10-17,3,0,0,0,0.0,1431,1385,45,0.0325,0
MEM-DFW,medium,2024-10-18,4,0,0,0,0.0,1471,1428,46,0.0322,0
MEM-DFW,medium,2024-10-19,5,1,0,0,0.1439,725,712,30,0.0421,0
MEM-DFW,medium,2024-10-20,6,1,0,0,0.1815,679,656,26,0.0396,0
MEM-DFW,medium,2024-10-21,0,0,0,0,0.0523,1527,1474,55,0.0373,0
MEM-DFW,medium,2024-10-22,1,0,0,0,0.0,1518,1475,57,0.0386,0
MEM-DFW,medium,2024-10-23,2,0,0,0,0.1072,1540,1487,57,0.0383,0
MEM-DFW,medium,2024-10-24,3,0,0,0,0.3899,1528,1507,54,0.0358,0
MEM-DFW,medium,2024-10-25,4,0,0,0,0.0,1575,1552,50,0.0322,0
MEM-DFW,medium,2024-10-26,5,1,0,0,0.2259,793,775,55,0.071,0
MEM-DFW,medium,2024-10-27,6,1,0,0,0.3147,736,709,45,0.0635,0
MEM-DFW,medium,2024-10-28,0,0,0,0,0.109,1469,1435,68,0.0474,0
MEM-DFW,medium,2024-10-29,1,0,0,0,0.304,1401,1381,53,0.0384,0
MEM-DFW,medium,2024-10-30,2,0,0,0,0.2696,1489,1442,69,0.0479,0
MEM-DFW,medium,2024-10-31,3,0,0,0,0.2295,1371,1325,48,0.0362,0
MEM-DFW,medium,2024-11-01,4,0,0,0,0.0866,1613,1584,90,0.0568,0
MEM-DFW,medium,2024-11-02,5,1,0,0,0.1189,824,812,43,0.053,0
MEM-DFW,medium,2024-11-03,6,1,0,0,0.1458,904,883,39,0.0442,0
MEM-DFW,medium,2024-11-04,0,0,0,0,0.3066,1310,1277,54,0.0423,0
MEM-DFW,medium,2024-11-05,1,0,0,0,0.1194,1664,1626,67,0.0412,0
MEM-DFW,medium,2024-11-06,2,0,0,0,0.1401,1635,1595,63,0.0395,0
MEM-DFW,medium,2024-11-07,3,0,0,0,0.1283,1361,1324,43,0.0325,0
MEM-DFW,medium,2024-11-08,4,0,0,0,0.055,1552,1515,57,0.0376,0
MEM-DFW,medium,2024-11-09,5,1,0,0,0.0,741,718,28,0.039,0
MEM-DFW,medium,2024-11-10,6,1,0,0,0.0475,753,729,39,0.0535,0
MEM-DFW,medium,2024-11-11,0,0,1,0,0.3411,400,391,13,0.0332,0
MEM-DFW,medium,2024-11-12,1,0,0,0,0.0768,1383,1349,54,0.04,0
MEM-DFW,medium,2024-11-13,2,0,0,0,0.3777,1583,1557,55,0.0353,0
MEM-DFW,medium,2024-11-14,3,0,0,0,0.2447,1560,1503,57,0.0379,0
MEM-DFW,medium,2024-11-15,4,0,0,0,0.1954,1659,1612,63,0.0391,0
MEM-DFW,medium,2024-11-16,5,1,0,0,0.0,858,832,41,0.0493,0
MEM-DFW,medium,2024-11-17,6,1,0,0,0.166,753,735,31,0.0422,0
MEM-DFW,medium,2024-11-18,0,0,0,0,0.1108,1346,1322,49,0.0371,0
MEM-DFW,medium,2024-11-19,1,0,0,0,0.0278,1258,1233,52,0.0422,0
MEM-DFW,medium,2024-11-20,2,0,0,1,0.0695,2021,1955,128,0.0655,0
MEM-DFW,medium,2024-11-21,3,0,0,1,0.0,2223,2147,154,0.0717,0
MEM-DFW,medium,2024-11-22,4,0,0,1,0.0631,2231,2177,151,0.0694,0
MEM-DFW,medium,2024-11-23,5,1,0,1,0.18,1466,1412,124,0.0878,0
MEM-DFW,medium,2024-11-24,6,1,0,1,0.2059,1481,1444,115,0.0796,0
MEM-DFW,medium,2024-11-25,0,0,0,1,0.1189,2284,2254,162,0.0719,0
MEM-DFW,medium,2024-11-26,1,0,0,1,0.1108,2209,2127,157,0.0738,0
MEM-DFW,medium,2024-11-27,2,0,0,1,0.3574,2008,1970,136,0.069,0
MEM-DFW,medium,2024-11-28,3,0,0,1,0.1554,2427,2340,156,0.0667,0
MEM-DFW,medium,2024-11-29,4,0,0,1,0.1292,2487,2425,167,0.0689,0
MEM-DFW,medium,2024-11-30,5,1,0,1,0.1167,1167,1133,90,0.0794,0
MEM-DFW,medium,2024-12-01,6,1,0,1,0.248,1444,1392,89,0.0639,0
MEM-DFW,medium,2024-12-02,0,0,0,1,0.0,2177,2115,141,0.0667,0
MEM-DFW,medium,2024-12-03,1,0,0,1,0.3119,2395,2363,154,0.0652,0
MEM-DFW,medium,2024-12-04,2,0,0,1,0.0,2334,2253,146,0.0648,0
MEM-DFW,medium,2024-12-05,3,0,0,1,0.0,2723,2671,158,0.0592,0
MEM-DFW,medium,2024-12-06,4,0,0,1,0.1309,2394,2362,138,0.0584,0
MEM-DFW,medium,2024-12-07,5,1,0,1,0.2119,1391,1369,130,0.095,0
MEM-DFW,medium,2024-12-08,6,1,0,1,0.0,1163,1146,94,0.082,0
MEM-DFW,medium,2024-12-09,0,0,0,1,0.2448,2238,2194,147,0.067,0
MEM-DFW,medium,2024-12-10,1,0,0,1,0.0,2648,2595,158,0.0609,0
MEM-DFW,medium,2024-12-11,2,0,0,1,0.0829,1785,1751,107,0.0611,0
MEM-DFW,medium,2024-12-12,3,0,0,1,0.0634,2397,2350,157,0.0668,0
MEM-DFW,medium,2024-12-13,4,0,0,1,0.1636,2338,2290,138,0.0603,0
MEM-DFW,medium,2024-12-14,5,1,0,1,0.2313,1336,1315,101,0.0768,0
MEM-DFW,medium,2024-12-15,6,1,0,1,0.2192,1545,1498,111,0.0741,0
MEM-DFW,medium,2024-12-16,0,0,0,1,0.2222,2488,2419,152,0.0628,0
MEM-DFW,medium,2024-12-17,1,0,0,1,0.3178,2683,2623,164,0.0625,0
MEM-DFW,medium,2024-12-18,2,0,0,1,0.5332,2294,2210,452,0.2045,1
MEM-DFW,medium,2024-12-19,3,0,0,1,0.8601,2484,2439,667,0.2735,1
MEM-DFW,medium,2024-12-20,4,0,0,1,0.2765,2293,2213,140,0.0633,0
MEM-DFW,medium,2024-12-21,5,1,0,1,0.061,1414,1386,108,0.0779,0
MEM-DFW,medium,2024-12-22,6,1,0,1,0.3005,1336,1309,114,0.0871,0
MEM-DFW,medium,2024-12-23,0,0,0,1,0.0749,2266,2215,155,0.07,0
MEM-DFW,medium,2024-12-24,1,0,0,1,0.1186,2126,2056,110,0.0535,0
MEM-DFW,medium,2024-12-25,2,0,1,1,0.1863,636,613,34,0.0555,0
MEM-DFW,medium,2024-12-26,3,0,0,1,0.2825,2837,2781,173,0.0622,0
MEM-DFW,medium,2024-12-27,4,0,0,0,0.0,1593,1563,49,0.0313,0
MEM-DFW,medium,2024-12-28,5,1,0,0,0.3884,740,724,45,0.0622,0
MEM-DFW,medium,2024-12-29,6,1,0,0,0.0946,792,764,46,0.0602,0
MEM-DFW,medium,2024-12-30,0,0,0,0,0.3321,1687,1650,80,0.0485,0
MEM-DFW,medium,2024-12-31,1,0,0,0,0.3708,1672,1611,54,0.0335,0
MEM-DFW,medium,2025-01-01,2,0,1,0,0.0856,449,433,18,0.0416,0
MEM-DFW,medium,2025-01-02,3,0,0,0,0.1716,1503,1449,52,0.0359,0
MEM-DFW,medium,2025-01-03,4,0,0,0,0.2129,1535,1500,55,0.0367,0
MEM-DFW,medium,2025-01-04,5,1,0,0,0.1999,892,868,47,0.0541,0
MEM-DFW,medium,2025-01-05,6,1,0,0,0.0152,760,746,30,0.0402,0
MEM-DFW,medium,2025-01-06,0,0,0,0,0.4284,1413,1370,47,0.0343,0
MEM-DFW,medium,2025-01-07,1,0,0,0,0.0063,1436,1391,61,0.0439,0
MEM-DFW,medium,2025-01-08,2,0,0,0,0.0,1473,1450,53,0.0366,0
MEM-DFW,medium,2025-01-09,3,0,0,0,0.0805,1722,1688,79,0.0468,0
MEM-DFW,medium,2025-01-10,4,0,0,0,0.1639,1572,1525,57,0.0374,0
MEM-DFW,medium,2025-01-11,5,1,0,0,0.2604,927,899,37,0.0412,0
MEM-DFW,medium,2025-01-12,6,1,0,0,0.1459,923,905,40,0.0442,0
MEM-DFW,medium,2025-01-13,0,0,0,0,0.0,1689,1654,67,0.0405,0
MEM-DFW,medium,2025-01-14,1,0,0,0,0.1608,1493,1458,61,0.0418,0
MEM-DFW,medium,2025-01-15,2,0,0,0,0.0017,1597,1560,58,0.0372,0
MEM-DFW,medium,2025-01-16,3,0,0,0,0.0833,1418,1397,57,0.0408,0
MEM-DFW,medium,2025-01-17,4,0,0,0,0.1069,1390,1361,57,0.0419,0
MEM-DFW,medium,2025-01-18,5,1,0,0,0.0235,1055,1033,67,0.0649,0
MEM-DFW,medium,2025-01-19,6,1,0,0,0.3896,771,747,34,0.0455,0
MEM-DFW,medium,2025-01-20,0,0,0,0,0.0795,1598,1554,44,0.0283,0
MEM-DFW,medium,2025-01-21,1,0,0,0,0.122,1221,1194,37,0.031,0
MEM-DFW,medium,2025-01-22,2,0,0,0,0.095,1288,1258,56,0.0445,0
MEM-DFW,medium,2025-01-23,3,0,0,0,0.1411,1762,1717,62,0.0361,0
MEM-DFW,medium,2025-01-24,4,0,0,0,0.0133,1626,1588,50,0.0315,0
MEM-DFW,medium,2025-01-25,5,1,0,0,0.2302,612,603,34,0.0564,0
MEM-DFW,medium,2025-01-26,6,1,0,0,0.2507,769,741,31,0.0418,0
MEM-DFW,medium,2025-01-27,0,0,0,0,0.0398,1531,1511,53,0.0351,0
MEM-DFW,medium,2025-01-28,1,0,0,0,0.3167,1312,1273,50,0.0393,0
MEM-DFW,medium,2025-01-29,2,0,0,0,0.2813,1420,1401,55,0.0393,0
MEM-DFW,medium,2025-01-30,3,0,0,0,0.15,1317,1270,58,0.0457,0
MEM-DFW,medium,2025-01-31,4,0,0,0,0.0,1335,1292,43,0.0333,0
MEM-DFW,medium,2025-02-01,5,1,0,0,0.0049,954,930,48,0.0516,0
MEM-DFW,medium,2025-02-02,6,1,0,0,0.183,947,935,43,0.046,0
MEM-DFW,medium,2025-02-03,0,0,0,0,0.1698,1637,1600,55,0.0344,0
MEM-DFW,medium,2025-02-04,1,0,0,0,0.0,1538,1518,59,0.0389,0
MEM-DFW,medium,2025-02-05,2,0,0,0,0.4229,1165,1131,46,0.0407,0
MEM-DFW,medium,2025-02-06,3,0,0,0,0.1426,1403,1357,47,0.0346,0
MEM-DFW,medium,2025-02-07,4,0,0,0,0.2859,1731,1703,55,0.0323,0
MEM-DFW,medium,2025-02-08,5,1,0,0,0.1583,811,793,40,0.0504,0
MEM-DFW,medium,2025-02-09,6,1,0,0,0.2522,926,908,50,0.0551,0
MEM-DFW,medium,2025-02-10,0,0,0,0,0.3301,1784,1729,59,0.0341,0
MEM-DFW,medium,2025-02-11,1,0,0,0,0.1533,1315,1273,45,0.0353,0
MEM-DFW,medium,2025-02-12,2,0,0,0,0.0298,1424,1398,44,0.0315,0
MEM-DFW,medium,2025-02-13,3,0,0,0,0.2271,1390,1364,51,0.0374,0
MEM-DFW,medium,2025-02-14,4,0,0,0,0.3471,1423,1388,52,0.0375,0
MEM-DFW,medium,2025-02-15,5,1,0,0,0.1825,843,831,39,0.0469,0
MEM-DFW,medium,2025-02-16,6,1,0,0,0.0489,824,807,37,0.0458,0
MEM-DFW,medium,2025-02-17,0,0,0,0,0.3365,1346,1325,49,0.037,0
MEM-DFW,medium,2025-02-18,1,0,0,0,0.2836,1577,1538,49,0.0319,0
MEM-DFW,medium,2025-02-19,2,0,0,0,0.3209,1383,1351,47,0.0348,0
MEM-DFW,medium,2025-02-20,3,0,0,0,0.2439,1526,1488,43,0.0289,0
MEM-DFW,medium,2025-02-21,4,0,0,0,0.1356,1453,1417,40,0.0282,0
MEM-DFW,medium,2025-02-22,5,1,0,0,0.1495,828,817,41,0.0502,0
MEM-DFW,medium,2025-02-23,6,1,0,0,0.1699,801,789,41,0.052,0
MEM-DFW,medium,2025-02-24,0,0,0,0,0.0,1437,1406,56,0.0398,0
MEM-DFW,medium,2025-02-25,1,0,0,0,0.0463,1647,1598,51,0.0319,0
MEM-DFW,medium,2025-02-26,2,0,0,0,0.1915,1778,1737,76,0.0438,0
MEM-DFW,medium,2025-02-27,3,0,0,0,0.4405,1025,999,37,0.037,0
MEM-DFW,medium,2025-02-28,4,0,0,0,0.0992,1488,1443,51,0.0353,0
MEM-DFW,medium,2025-03-01,5,1,0,0,0.1007,869,857,41,0.0478,0
MEM-DFW,medium,2025-03-02,6,1,0,0,0.1768,783,769,33,0.0429,0
MEM-DFW,medium,2025-03-03,0,0,0,0,0.0752,1470,1429,74,0.0518,0
MEM-DFW,medium,2025-03-04,1,0,0,0,0.2444,1575,1549,68,0.0439,0
MEM-DFW,medium,2025-03-05,2,0,0,0,0.0683,1526,1473,57,0.0387,0
MEM-DFW,medium,2025-03-06,3,0,0,0,0.042,1464,1429,47,0.0329,0
MEM-DFW,medium,2025-03-07,4,0,0,0,0.0482,1470,1445,58,0.0401,0
MEM-DFW,medium,2025-03-08,5,1,0,0,0.0998,717,692,39,0.0564,0
MEM-DFW,medium,2025-03-09,6,1,0,0,0.1059,933,917,43,0.0469,0
MEM-DFW,medium,2025-03-10,0,0,0,0,0.0,1385,1350,54,0.04,0
MEM-DFW,medium,2025-03-11,1,0,0,0,0.089,1491,1437,67,0.0466,0
MEM-DFW,medium,2025-03-12,2,0,0,0,0.5339,1367,1347,54,0.0401,0
MEM-DFW,medium,2025-03-13,3,0,0,0,0.1131,1623,1573,71,0.0451,0
MEM-DFW,medium,2025-03-14,4,0,0,0,0.0602,1333,1291,34,0.0263,0
MEM-DFW,medium,2025-03-15,5,1,0,0,0.0453,768,753,31,0.0412,0
MEM-DFW,medium,2025-03-16,6,1,0,0,0.0824,819,792,34,0.0429,0
MEM-DFW,medium,2025-03-17,0,0,0,0,0.0971,1487,1435,48,0.0334,0
MEM-DFW,medium,2025-03-18,1,0,0,0,0.0994,1489,1438,59,0.041,0
MEM-DFW,medium,2025-03-19,2,0,0,0,0.1573,1323,1293,57,0.0441,0
MEM-DFW,medium,2025-03-20,3,0,0,0,0.186,1482,1458,43,0.0295,0
MEM-DFW,medium,2025-03-21,4,0,0,0,0.3607,1407,1385,55,0.0397,0
MEM-DFW,medium,2025-03-22,5,1,0,0,0.0,909,892,50,0.0561,0
MEM-DFW,medium,2025-03-23,6,1,0,0,0.2059,735,713,43,0.0603,0
MEM-DFW,medium,2025-03-24,0,0,0,0,0.1063,1607,1566,50,0.0319,0
MEM-DFW,medium,2025-03-25,1,0,0,0,0.114,1552,1514,47,0.031,0
MEM-DFW,medium,2025-03-26,2,0,0,0,0.0,1389,1351,51,0.0377,0
MEM-DFW,medium,2025-03-27,3,0,0,0,0.2883,1411,1385,44,0.0318,0
MEM-DFW,medium,2025-03-28,4,0,0,0,0.2968,1330,1311,50,0.0381,0
MEM-DFW,medium,2025-03-29,5,1,0,0,0.0,751,732,33,0.0451,0
MEM-DFW,medium,2025-03-30,6,1,0,0,0.0824,828,809,27,0.0334,0
MEM-DFW,medium,2025-03-31,0,0,0,0,0.3102,1600,1569,44,0.028,0
MEM-DFW,medium,2025-04-01,1,0,0,0,0.2152,1497,1471,68,0.0462,0
MEM-DFW,medium,2025-04-02,2,0,0,0,0.0755,1381,1348,54,0.0401,0
MEM-DFW,medium,2025-04-03,3,0,0,0,0.2859,1317,1286,46,0.0358,0
MEM-DFW,medium,2025-04-04,4,0,0,0,0.2101,1467,1431,61,0.0426,0
MEM-DFW,medium,2025-04-05,5,1,0,0,0.0,643,622,34,0.0547,0
MEM-DFW,medium,2025-04-06,6,1,0,0,0.3623,790,762,40,0.0525,0
MEM-DFW,medium,2025-04-07,0,0,0,0,0.071,1442,1398,46,0.0329,0
MEM-DFW,medium,2025-04-08,1,0,0,0,0.0,1364,1340,46,0.0343,0
MEM-DFW,medium,2025-04-09,2,0,0,0,0.1465,1365,1345,45,0.0335,0
MEM-DFW,medium,2025-04-10,3,0,0,0,0.109,1469,1438,54,0.0376,0
MEM-DFW,medium,2025-04-11,4,0,0,0,0.2797,1314,1281,53,0.0414,0
MEM-DFW,medium,2025-04-12,5,1,0,0,0.2131,859,834,36,0.0432,0
MEM-DFW,medium,2025-04-13,6,1,0,0,0.1406,696,674,32,0.0475,0
MEM-DFW,medium,2025-04-14,0,0,0,0,0.2598,1456,1417,58,0.0409,0
MEM-DFW,medium,2025-04-15,1,0,0,0,0.5138,1530,1489,228,0.1531,1
MEM-DFW,medium,2025-04-16,2,0,0,0,0.5121,1564,1514,191,0.1262,1
MEM-DFW,medium,2025-04-17,3,0,0,0,0.5805,1505,1453,182,0.1253,1
MEM-DFW,medium,2025-04-18,4,0,0,0,0.1109,1503,1455,53,0.0364,0
MEM-DFW,medium,2025-04-19,5,1,0,0,0.1601,858,839,46,0.0548,0
MEM-DFW,medium,2025-04-20,6,1,0,0,0.27,805,778,40,0.0514,0
MEM-DFW,medium,2025-04-21,0,0,0,0,0.0485,1597,1547,60,0.0388,0
MEM-DFW,medium,2025-04-22,1,0,0,0,0.2337,1340,1305,50,0.0383,0
MEM-DFW,medium,2025-04-23,2,0,0,0,0.2999,1407,1374,44,0.032,0
MEM-DFW,medium,2025-04-24,3,0,0,0,0.0,1545,1524,55,0.0361,0
MEM-DFW,medium,2025-04-25,4,0,0,0,0.0629,1693,1641,58,0.0353,0
MEM-DFW,medium,2025-04-26,5,1,0,0,0.1209,922,909,48,0.0528,0
MEM-DFW,medium,2025-04-27,6,1,0,0,0.0,885,871,33,0.0379,0
MEM-DFW,medium,2025-04-28,0,0,0,0,0.0,1438,1394,49,0.0352,0
MEM-DFW,medium,2025-04-29,1,0,0,0,0.1299,1613,1556,65,0.0418,0
MEM-DFW,medium,2025-04-30,2,0,0,0,0.482,1457,1435,71,0.0495,0
MEM-DFW,medium,2025-05-01,3,0,0,0,0.2103,1555,1517,57,0.0376,0
MEM-DFW,medium,2025-05-02,4,0,0,0,0.273,1737,1683,61,0.0362,0
MEM-DFW,medium,2025-05-03,5,1,0,0,0.2081,810,787,43,0.0546,0
MEM-DFW,medium,2025-05-04,6,1,0,0,0.2446,852,821,36,0.0438,0
MEM-DFW,medium,2025-05-05,0,0,0,0,0.1726,1459,1440,61,0.0424,0
MEM-DFW,medium,2025-05-06,1,0,0,0,0.1006,1564,1538,47,0.0306,0
MEM-DFW,medium,2025-05-07,2,0,0,0,0.1631,1345,1314,45,0.0342,0
MEM-DFW,medium,2025-05-08,3,0,0,0,0.2711,1879,1809,72,0.0398,0
MEM-DFW,medium,2025-05-09,4,0,0,0,0.2383,1610,1572,67,0.0426,0
MEM-DFW,medium,2025-05-10,5,1,0,0,0.2072,850,833,34,0.0408,0
MEM-DFW,medium,2025-05-11,6,1,0,0,0.1522,758,745,35,0.047,0
MEM-DFW,medium,2025-05-12,0,0,0,0,0.1726,1576,1556,65,0.0418,0
MEM-DFW,medium,2025-05-13,1,0,0,0,0.218,1607,1585,60,0.0379,0
MEM-DFW,medium,2025-05-14,2,0,0,0,0.0,1512,1481,55,0.0371,0
MEM-DFW,medium,2025-05-15,3,0,0,0,0.3167,1438,1384,55,0.0397,0
MEM-DFW,medium,2025-05-16,4,0,0,0,0.2694,1357,1333,45,0.0338,0
MEM-DFW,medium,2025-05-17,5,1,0,0,0.1621,852,833,49,0.0588,0
MEM-DFW,medium,2025-05-18,6,1,0,0,0.0895,666,644,35,0.0543,0
MEM-DFW,medium,2025-05-19,0,0,0,0,0.2012,1514,1495,46,0.0308,0
MEM-DFW,medium,2025-05-20,1,0,0,0,0.0982,1580,1554,65,0.0418,0
MEM-DFW,medium,2025-05-21,2,0,0,0,0.2992,1310,1280,39,0.0305,0
MEM-DFW,medium,2025-05-22,3,0,0,0,0.0,1301,1258,50,0.0397,0
MEM-DFW,medium,2025-05-23,4,0,0,0,0.2511,1769,1735,73,0.0421,0
MEM-DFW,medium,2025-05-24,5,1,0,0,0.0,845,820,41,0.05,0
MEM-DFW,medium,2025-05-25,6,1,0,0,0.2125,727,703,42,0.0597,0
MEM-DFW,medium,2025-05-26,0,0,0,0,0.1742,1397,1357,52,0.0383,0
MEM-DFW,medium,2025-05-27,1,0,0,0,0.3978,1464,1437,51,0.0355,0
MEM-DFW,medium,2025-05-28,2,0,0,0,0.113,1512,1477,41,0.0278,0
MEM-DFW,medium,2025-05-29,3,0,0,0,0.1441,1360,1339,57,0.0426,0
MEM-DFW,medium,2025-05-30,4,0,0,0,0.1446,1521,1493,61,0.0409,0
MEM-DFW,medium,2025-05-31,5,1,0,0,0.1844,823,806,46,0.0571,0
MEM-DFW,medium,2025-06-01,6,1,0,0,0.3729,979,961,44,0.0458,0
MEM-DFW,medium,2025-06-02,0,0,0,0,0.1202,1450,1423,63,0.0443,0
MEM-DFW,medium,2025-06-03,1,0,0,0,0.0,1462,1437,68,0.0473,0
MEM-DFW,medium,2025-06-04,2,0,0,0,0.0,1615,1580,54,0.0342,0
MEM-DFW,medium,2025-06-05,3,0,0,0,0.3795,1296,1260,41,0.0325,0
MEM-DFW,medium,2025-06-06,4,0,0,0,0.0317,1302,1277,44,0.0345,0
MEM-DFW,medium,2025-06-07,5,1,0,0,0.3316,774,763,59,0.0773,0
MEM-DFW,medium,2025-06-08,6,1,0,0,0.4468,891,859,41,0.0477,0
MEM-DFW,medium,2025-06-09,0,0,0,0,0.2451,1613,1592,63,0.0396,0
MEM-DFW,medium,2025-06-10,1,0,0,0,0.1666,1408,1385,50,0.0361,0
MEM-DFW,medium,2025-06-11,2,0,0,0,0.0064,1555,1513,50,0.033,0
MEM-DFW,medium,2025-06-12,3,0,0,0,0.0314,1556,1509,48,0.0318,0
MEM-DFW,medium,2025-06-13,4,0,0,0,0.081,1309,1274,47,0.0369,0
MEM-DFW,medium,2025-06-14,5,1,0,0,0.303,810,785,41,0.0522,0
MEM-DFW,medium,2025-06-15,6,1,0,0,0.3255,664,645,36,0.0558,0
MEM-DFW,medium,2025-06-16,0,0,0,0,0.0921,1423,1370,52,0.038,0
MEM-DFW,medium,2025-06-17,1,0,0,0,0.2022,1354,1307,50,0.0383,0
MEM-DFW,medium,2025-06-18,2,0,0,0,0.1511,1648,1621,55,0.0339,0
MEM-DFW,medium,2025-06-19,3,0,0,0,0.1035,1806,1766,54,0.0306,0
MEM-DFW,medium,2025-06-20,4,0,0,0,0.3334,1350,1313,48,0.0366,0
MEM-DFW,medium,2025-06-21,5,1,0,0,0.3112,719,698,38,0.0544,0
MEM-DFW,medium,2025-06-22,6,1,0,0,0.251,814,795,44,0.0553,0
MEM-DFW,medium,2025-06-23,0,0,0,0,0.1369,1499,1453,53,0.0365,0
MEM-DFW,medium,2025-06-24,1,0,0,0,0.2789,1486,1430,64,0.0448,0
MEM-DFW,medium,2025-06-25,2,0,0,0,0.0,1412,1376,53,0.0385,0
MEM-DFW,medium,2025-06-26,3,0,0,0,0.178,1476,1440,61,0.0424,0
MEM-DFW,medium,2025-06-27,4,0,0,0,0.197,1334,1304,46,0.0353,0
MEM-DFW,medium,2025-06-28,5,1,0,0,0.1149,942,929,39,0.042,0
MEM-DFW,medium,2025-06-29,6,1,0,0,0.0,755,745,38,0.051,0
MEM-DFW,medium,2025-06-30,0,0,0,0,0.4085,1710,1669,75,0.0449,0
MEM-DFW,medium,2025-07-01,1,0,0,0,0.2908,1651,1612,44,0.0273,0
MEM-DFW,medium,2025-07-02,2,0,0,0,0.8834,1349,1311,142,0.1083,1
MEM-DFW,medium,2025-07-03,3,0,0,0,0.1095,1416,1394,51,0.0366,0
MEM-DFW,medium,2025-07-04,4,0,1,0,0.1792,346,339,13,0.0383,0
MEM-DFW,medium,2025-07-05,5,1,0,0,0.1513,813,790,51,0.0646,0
MEM-DFW,medium,2025-07-06,6,1,0,0,0.4405,836,819,36,0.044,0
MEM-DFW,medium,2025-07-07,0,0,0,0,0.2323,1260,1229,43,0.035,0
MEM-DFW,medium,2025-07-08,1,0,0,0,0.0944,1249,1211,51,0.0421,0
MEM-DFW,medium,2025-07-09,2,0,0,0,0.1576,1406,1358,71,0.0523,0
MEM-DFW,medium,2025-07-10,3,0,0,0,0.1997,1431,1389,47,0.0338,0
MEM-DFW,medium,2025-07-11,4,0,0,0,0.4935,1521,1482,51,0.0344,0
MEM-DFW,medium,2025-07-12,5,1,0,0,0.228,881,868,38,0.0438,0
MEM-DFW,medium,2025-07-13,6,1,0,0,0.201,767,744,33,0.0444,0
MEM-DFW,medium,2025-07-14,0,0,0,0,0.0,1674,1634,58,0.0355,0
MEM-DFW,medium,2025-07-15,1,0,0,0,0.1021,1392,1373,46,0.0335,0
MEM-DFW,medium,2025-07-16,2,0,0,0,0.1326,1369,1327,51,0.0384,0
MEM-DFW,medium,2025-07-17,3,0,0,0,0.1128,1452,1411,52,0.0369,0
MEM-DFW,medium,2025-07-18,4,0,0,0,0.0,1485,1441,58,0.0402,0
MEM-DFW,medium,2025-07-19,5,1,0,0,0.1246,866,834,40,0.048,0
MEM-DFW,medium,2025-07-20,6,1,0,0,0.0,789,762,43,0.0564,0
MEM-DFW,medium,2025-07-21,0,0,0,0,0.2532,1659,1600,49,0.0306,0
MEM-DFW,medium,2025-07-22,1,0,0,0,0.2582,1432,1384,37,0.0267,0
MEM-DFW,medium,2025-07-23,2,0,0,0,0.0,1621,1585,57,0.036,0
MEM-DFW,medium,2025-07-24,3,0,0,0,0.0229,1434,1406,60,0.0427,0
MEM-DFW,medium,2025-07-25,4,0,0,0,0.1629,1344,1303,38,0.0292,0
MEM-DFW,medium,2025-07-26,5,1,0,0,0.118,782,754,35,0.0464,0
MEM-DFW,medium,2025-07-27,6,1,0,0,0.2849,764,750,34,0.0453,0
MEM-DFW,medium,2025-07-28,0,0,0,0,0.2047,1572,1546,57,0.0369,0
MEM-DFW,medium,2025-07-29,1,0,0,0,0.0,1373,1351,49,0.0363,0
MEM-DFW,medium,2025-07-30,2,0,0,0,0.0,1264,1224,44,0.0359,0
MEM-DFW,medium,2025-07-31,3,0,0,0,0.3169,1523,1482,63,0.0425,0
MEM-DFW,medium,2025-08-01,4,0,0,0,0.1454,1524,1491,57,0.0382,0
MEM-DFW,medium,2025-08-02,5,1,0,0,0.3993,894,870,54,0.0621,0
MEM-DFW,medium,2025-08-03,6,1,0,0,0.1846,878,854,52,0.0609,0
MEM-DFW,medium,2025-08-04,0,0,0,0,0.167,1754,1732,62,0.0358,0
MEM-DFW,medium,2025-08-05,1,0,0,0,0.0893,1463,1444,60,0.0416,0
MEM-DFW,medium,2025-08-06,2,0,0,0,0.0,1519,1483,53,0.0357,0
MEM-DFW,medium,2025-08-07,3,0,0,0,0.2754,1229,1198,47,0.0392,0
MEM-DFW,medium,2025-08-08,4,0,0,0,0.0615,1446,1405,61,0.0434,0
MEM-DFW,medium,2025-08-09,5,1,0,0,0.0622,806,784,26,0.0332,0
MEM-DFW,medium,2025-08-10,6,1,0,0,0.0869,752,729,38,0.0521,0
MEM-DFW,medium,2025-08-11,0,0,0,0,0.2566,1577,1543,60,0.0389,0
MEM-DFW,medium,2025-08-12,1,0,0,0,0.0846,1636,1611,65,0.0403,0
MEM-DFW,medium,2025-08-13,2,0,0,0,0.2212,1385,1367,66,0.0483,0
MEM-DFW,medium,2025-08-14,3,0,0,0,0.051,1662,1608,60,0.0373,0
MEM-DFW,medium,2025-08-15,4,0,0,0,0.1499,1420,1393,41,0.0294,0
MEM-DFW,medium,2025-08-16,5,1,0,0,0.0,722,712,33,0.0463,0
MEM-DFW,medium,2025-08-17,6,1,0,0,0.0957,806,786,36,0.0458,0
MEM-DFW,medium,2025-08-18,0,0,0,0,0.1352,1358,1316,44,0.0334,0
MEM-DFW,medium,2025-08-19,1,0,0,0,0.1008,1298,1264,65,0.0514,0
MEM-DFW,medium,2025-08-20,2,0,0,0,0.2471,1489,1470,53,0.0361,0
MEM-DFW,medium,2025-08-21,3,0,0,0,0.1224,1362,1313,50,0.0381,0
MEM-DFW,medium,2025-08-22,4,0,0,0,0.2292,1508,1468,51,0.0347,0
MEM-DFW,medium,2025-08-23,5,1,0,0,0.0841,809,795,37,0.0465,0
MEM-DFW,medium,2025-08-24,6,1,0,0,0.1529,832,811,53,0.0654,0
MEM-DFW,medium,2025-08-25,0,0,0,0,0.2717,1275,1251,50,0.04,0
MEM-DFW,medium,2025-08-26,1,0,0,0,0.0444,1734,1704,71,0.0417,0
MEM-DFW,medium,2025-08-27,2,0,0,0,0.1235,1892,1825,65,0.0356,0
MEM-DFW,medium,2025-08-28,3,0,0,0,0.0627,1578,1520,59,0.0388,0
MEM-DFW,medium,2025-08-29,4,0,0,0,0.2938,1486,1440,50,0.0347,0
MEM-DFW,medium,2025-08-30,5,1,0,0,0.166,850,821,48,0.0585,0
MEM-DFW,medium,2025-08-31,6,1,0,0,0.003,962,940,65,0.0691,0
MEM-DFW,medium,2025-09-01,0,0,0,0,0.1454,1413,1363,49,0.036,0
MEM-DFW,medium,2025-09-02,1,0,0,0,0.1515,1733,1681,57,0.0339,0
MEM-DFW,medium,2025-09-03,2,0,0,0,0.1802,1751,1686,79,0.0469,0
MEM-DFW,medium,2025-09-04,3,0,0,0,0.103,1484,1438,54,0.0376,0
MEM-DFW,medium,2025-09-05,4,0,0,0,0.0,1450,1408,44,0.0312,0
MEM-DFW,medium,2025-09-06,5,1,0,0,0.0077,737,718,40,0.0557,0
MEM-DFW,medium,2025-09-07,6,1,0,0,0.1686,823,806,39,0.0484,0
MEM-DFW,medium,2025-09-08,0,0,0,0,0.0,1416,1375,53,0.0385,0
MEM-DFW,medium,2025-09-09,1,0,0,0,0.019,1374,1349,67,0.0497,0
MEM-DFW,medium,2025-09-10,2,0,0,0,0.0386,1441,1407,47,0.0334,0
MEM-DFW,medium,2025-09-11,3,0,0,0,0.1254,1448,1396,50,0.0358,0
MEM-DFW,medium,2025-09-12,4,0,0,0,0.2921,1512,1468,54,0.0368,0
MEM-DFW,medium,2025-09-13,5,1,0,0,0.0574,956,941,44,0.0468,0
MEM-DFW,medium,2025-09-14,6,1,0,0,0.1027,835,811,42,0.0518,0
MEM-DFW,medium,2025-09-15,0,0,0,0,0.1634,1709,1653,69,0.0417,0
MEM-DFW,medium,2025-09-16,1,0,0,0,0.0655,1654,1606,61,0.038,0
MEM-DFW,medium,2025-09-17,2,0,0,0,0.3238,1382,1356,52,0.0383,0
MEM-DFW,medium,2025-09-18,3,0,0,0,0.1898,1379,1354,57,0.0421,0
MEM-DFW,medium,2025-09-19,4,0,0,0,0.0028,1450,1427,41,0.0287,0
MEM-DFW,medium,2025-09-20,5,1,0,0,0.0823,830,818,37,0.0452,0
MEM-DFW,medium,2025-09-21,6,1,0,0,0.2323,992,956,48,0.0502,0
MEM-DFW,medium,2025-09-22,0,0,0,0,0.0,1644,1600,72,0.045,0
MEM-DFW,medium,2025-09-23,1,0,0,0,0.0328,1485,1454,51,0.0351,0
MEM-DFW,medium,2025-09-24,2,0,0,0,0.4721,1667,1634,67,0.041,0
MEM-DFW,medium,2025-09-25,3,0,0,0,0.2315,1689,1638,72,0.044,0
MEM-DFW,medium,2025-09-26,4,0,0,0,0.1287,1415,1378,51,0.037,0
MEM-DFW,medium,2025-09-27,5,1,0,0,0.0201,773,757,33,0.0436,0
MEM-DFW,medium,2025-09-28,6,1,0,0,0.0,934,909,45,0.0495,0
MEM-DFW,medium,2025-09-29,0,0,0,0,0.1693,1509,1465,53,0.0362,0
MEM-DFW,medium,2025-09-30,1,0,0,0,0.1569,1448,1398,48,0.0343,0
MEM-DFW,medium,2025-10-01,2,0,0,0,0.0916,1464,1442,50,0.0347,0
MEM-DFW,medium,2025-10-02,3,0,0,0,0.0462,1474,1421,53,0.0373,0
MEM-DFW,medium,2025-10-03,4,0,0,0,0.1283,1616,1587,58,0.0365,0
MEM-DFW,medium,2025-10-04,5,1,0,0,0.1173,938,922,51,0.0553,0
MEM-DFW,medium,2025-10-05,6,1,0,0,0.277,880,850,39,0.0459,0
MEM-DFW,medium,2025-10-06,0,0,0,0,0.2014,1510,1489,57,0.0383,0
MEM-DFW,medium,2025-10-07,1,0,0,0,0.2538,1434,1398,53,0.0379,0
MEM-DFW,medium,2025-10-08,2,0,0,0,0.0825,1379,1347,60,0.0445,0
MEM-DFW,medium,2025-10-09,3,0,0,0,0.2847,1636,1610,56,0.0348,0
MEM-DFW,medium,2025-10-10,4,0,0,0,0.0709,1592,1541,40,0.026,0
MEM-DFW,medium,2025-10-11,5,1,0,0,0.159,680,667,36,0.054,0
MEM-DFW,medium,2025-10-12,6,1,0,0,0.0058,787,777,46,0.0592,0
MEM-DFW,medium,2025-10-13,0,0,0,0,0.2554,1534,1490,63,0.0423,0
MEM-DFW,medium,2025-10-14,1,0,0,0,0.4332,1613,1556,71,0.0456,0
MEM-DFW,medium,2025-10-15,2,0,0,0,0.2513,1385,1343,35,0.0261,0
MEM-DFW,medium,2025-10-16,3,0,0,0,0.0521,1366,1322,56,0.0424,0
MEM-DFW,medium,2025-10-17,4,0,0,0,0.2459,1637,1610,47,0.0292,0
MEM-DFW,medium,2025-10-18,5,1,0,0,0.1707,787,767,41,0.0535,0
MEM-DFW,medium,2025-10-19,6,1,0,0,0.2563,870,848,27,0.0318,0
MEM-DFW,medium,2025-10-20,0,0,0,0,0.2206,1497,1472,49,0.0333,0
MEM-DFW,medium,2025-10-21,1,0,0,0,0.2163,1389,1369,48,0.0351,0
MEM-DFW,medium,2025-10-22,2,0,0,0,0.1963,1839,1801,67,0.0372,0
MEM-DFW,medium,2025-10-23,3,0,0,0,0.1184,1406,1367,61,0.0446,0
MEM-DFW,medium,2025-10-24,4,0,0,0,0.1926,1454,1426,65,0.0456,0
MEM-DFW,medium,2025-10-25,5,1,0,0,0.1154,694,669,37,0.0553,0
MEM-DFW,medium,2025-10-26,6,1,0,0,0.0361,746,734,43,0.0586,0
MEM-DFW,medium,2025-10-27,0,0,0,0,0.4182,1739,1715,74,0.0431,0
MEM-DFW,medium,2025-10-28,1,0,0,0,0.4622,1374,1356,45,0.0332,0
MEM-DFW,medium,2025-10-29,2,0,0,0,0.0807,1476,1450,48,0.0331,0
MEM-DFW,medium,2025-10-30,3,0,0,0,0.3121,1502,1449,49,0.0338,0
MEM-DFW,medium,2025-10-31,4,0,0,0,0.2383,1236,1208,41,0.0339,0
MEM-DFW,medium,2025-11-01,5,1,0,0,0.0297,799,772,33,0.0427,0
MEM-DFW,medium,2025-11-02,6,1,0,0,0.1396,885,865,46,0.0532,0
MEM-DFW,medium,2025-11-03,0,0,0,0,0.1237,1468,1442,52,0.0361,0
MEM-DFW,medium,2025-11-04,1,0,0,0,0.0,1329,1297,51,0.0393,0
MEM-DFW,medium,2025-11-05,2,0,0,0,0.385,1554,1530,50,0.0327,0
MEM-DFW,medium,2025-11-06,3,0,0,0,0.0,1436,1383,46,0.0333,0
MEM-DFW,medium,2025-11-07,4,0,0,0,0.0,1591,1547,52,0.0336,0
MEM-DFW,medium,2025-11-08,5,1,0,0,0.1078,773,759,33,0.0435,0
MEM-DFW,medium,2025-11-09,6,1,0,0,0.0383,788,760,45,0.0592,0
MEM-DFW,medium,2025-11-10,0,0,0,0,0.1078,1492,1450,49,0.0338,0
MEM-DFW,medium,2025-11-11,1,0,1,0,0.2896,287,278,12,0.0432,0
MEM-DFW,medium,2025-11-12,2,0,0,0,0.2366,1581,1550,62,0.04,0
MEM-DFW,medium,2025-11-13,3,0,0,0,0.1062,1665,1630,67,0.0411,0
MEM-DFW,medium,2025-11-14,4,0,0,0,0.0555,1456,1409,62,0.044,0
MEM-DFW,medium,2025-11-15,5,1,0,0,0.0,744,728,37,0.0508,0
MEM-DFW,medium,2025-11-16,6,1,0,0,0.0,714,704,35,0.0497,0
MEM-DFW,medium,2025-11-17,0,0,0,0,0.2399,1560,1520,56,0.0368,0
MEM-DFW,medium,2025-11-18,1,0,0,0,0.0716,1543,1488,54,0.0363,0
MEM-DFW,medium,2025-11-19,2,0,0,0,0.0,1642,1595,69,0.0433,0
MEM-DFW,medium,2025-11-20,3,0,0,1,0.2162,2724,2682,174,0.0649,0
MEM-DFW,medium,2025-11-21,4,0,0,1,0.1436,2415,2374,133,0.056,0
MEM-DFW,medium,2025-11-22,5,1,0,1,0.0,1245,1206,107,0.0887,0
MEM-DFW,medium,2025-11-23,6,1,0,1,0.2898,1398,1366,112,0.082,0
MEM-DFW,medium,2025-11-24,0,0,0,1,0.2989,2247,2172,139,0.064,0
MEM-DFW,medium,2025-11-25,1,0,0,1,0.0237,2312,2256,132,0.0585,0
MEM-DFW,medium,2025-11-26,2,0,0,1,0.1984,2579,2538,157,0.0619,0
MEM-DFW,medium,2025-11-27,3,0,0,1,0.1829,2620,2557,158,0.0618,0
MEM-DFW,medium,2025-11-28,4,0,0,1,0.3358,2234,2202,147,0.0668,0
MEM-DFW,medium,2025-11-29,5,1,0,1,0.3797,1470,1451,119,0.082,0
MEM-DFW,medium,2025-11-30,6,1,0,1,0.1384,1136,1110,99,0.0892,0
MEM-DFW,medium,2025-12-01,0,0,0,1,0.097,2522,2445,160,0.0654,0
MEM-DFW,medium,2025-12-02,1,0,0,1,0.237,2462,2374,161,0.0678,0
MEM-DFW,medium,2025-12-03,2,0,0,1,0.0799,2543,2470,154,0.0623,0
MEM-DFW,medium,2025-12-04,3,0,0,1,0.0505,2298,2259,150,0.0664,0
MEM-DFW,medium,2025-12-05,4,0,0,1,0.0,2012,1981,120,0.0606,0
MEM-DFW,medium,2025-12-06,5,1,0,1,0.0065,1215,1170,98,0.0838,0
MEM-DFW,medium,2025-12-07,6,1,0,1,0.0,1531,1478,114,0.0771,0
MEM-DFW,medium,2025-12-08,0,0,0,1,0.0,2052,1990,119,0.0598,0
MEM-DFW,medium,2025-12-09,1,0,0,1,0.0997,2405,2353,153,0.065,0
MEM-DFW,medium,2025-12-10,2,0,0,1,0.1285,2533,2461,166,0.0675,0
MEM-DFW,medium,2025-12-11,3,0,0,1,0.0,2597,2507,156,0.0622,0
MEM-DFW,medium,2025-12-12,4,0,0,1,0.0,2702,2647,185,0.0699,0
MEM-DFW,medium,2025-12-13,5,1,0,1,0.0,969,933,96,0.1029,0
MEM-DFW,medium,2025-12-14,6,1,0,1,0.174,1433,1392,122,0.0876,0
MEM-DFW,medium,2025-12-15,0,0,0,1,0.1067,2030,1979,146,0.0738,0
MEM-DFW,medium,2025-12-16,1,0,0,1,0.0768,2455,2415,155,0.0642,0
MEM-DFW,medium,2025-12-17,2,0,0,1,0.2552,2512,2470,163,0.066,0
MEM-DFW,medium,2025-12-18,3,0,0,1,0.2356,2344,2303,132,0.0573,0
MEM-DFW,medium,2025-12-19,4,0,0,1,0.0001,2732,2636,178,0.0675,0
MEM-DFW,medium,2025-12-20,5,1,0,1,0.0516,1330,1298,111,0.0855,0
MEM-DFW,medium,2025-12-21,6,1,0,1,0.0319,1168,1150,98,0.0852,0
MEM-DFW,medium,2025-12-22,0,0,0,1,0.2284,2116,2046,147,0.0718,0
MEM-DFW,medium,2025-12-23,1,0,0,1,0.3291,2063,2028,126,0.0621,0
MEM-DFW,medium,2025-12-24,2,0,0,1,0.0184,2637,2577,162,0.0629,0
MEM-DFW,medium,2025-12-25,3,0,1,1,0.1236,627,619,56,0.0905,0
MEM-DFW,medium,2025-12-26,4,0,0,1,0.3745,2468,2421,168,0.0694,0
MEM-DFW,medium,2025-12-27,5,1,0,0,0.0773,763,749,26,0.0347,0
MEM-DFW,medium,2025-12-28,6,1,0,0,0.318,885,857,44,0.0513,0
MEM-DFW,medium,2025-12-29,0,0,0,0,0.1808,1590,1546,61,0.0395,0
MEM-DFW,medium,2025-12-30,1,0,0,0,0.0545,1295,1276,40,0.0313,0
MEM-DFW,medium,2025-12-31,2,0,0,0,0.2755,1779,1721,62,0.036,0
MEM-DFW,medium,2026-01-01,3,0,1,0,0.0817,325,314,11,0.035,0
MEM-DFW,medium,2026-01-02,4,0,0,0,0.1534,1398,1353,40,0.0296,0
MEM-DFW,medium,2026-01-03,5,1,0,0,0.254,840,809,42,0.0519,0
MEM-DFW,medium,2026-01-04,6,1,0,0,0.0,819,803,46,0.0573,0
MEM-DFW,medium,2026-01-05,0,0,0,0,0.1678,1685,1629,68,0.0417,0
MEM-DFW,medium,2026-01-06,1,0,0,0,0.1563,1632,1609,64,0.0398,0
MEM-DFW,medium,2026-01-07,2,0,0,0,0.0,1417,1379,46,0.0334,0
MEM-DFW,medium,2026-01-08,3,0,0,0,0.2353,1744,1700,57,0.0335,0
MEM-DFW,medium,2026-01-09,4,0,0,0,0.0178,1687,1635,63,0.0385,0
MEM-DFW,medium,2026-01-10,5,1,0,0,0.0618,957,942,53,0.0563,0
MEM-DFW,medium,2026-01-11,6,1,0,0,0.1601,799,772,44,0.057,0
MEM-DFW,medium,2026-01-12,0,0,0,0,0.2712,1696,1642,73,0.0445,0
MEM-DFW,medium,2026-01-13,1,0,0,0,0.1637,1412,1379,46,0.0334,0
MEM-DFW,medium,2026-01-14,2,0,0,0,0.0649,1529,1501,53,0.0353,0
MEM-DFW,medium,2026-01-15,3,0,0,0,0.1086,1465,1417,58,0.0409,0
MEM-DFW,medium,2026-01-16,4,0,0,0,0.0668,1569,1516,64,0.0422,0
MEM-DFW,medium,2026-01-17,5,1,0,0,0.0,749,724,33,0.0456,0
MEM-DFW,medium,2026-01-18,6,1,0,0,0.2999,851,838,49,0.0585,0
MEM-DFW,medium,2026-01-19,0,0,0,0,0.3395,1434,1400,49,0.035,0
MEM-DFW,medium,2026-01-20,1,0,0,0,0.2394,1545,1515,50,0.033,0
MEM-DFW,medium,2026-01-21,2,0,0,0,0.0,1778,1743,60,0.0344,0
MEM-DFW,medium,2026-01-22,3,0,0,0,0.216,1432,1410,40,0.0284,0
MEM-DFW,medium,2026-01-23,4,0,0,0,0.0624,1214,1187,54,0.0455,0
MEM-DFW,medium,2026-01-24,5,1,0,0,0.2591,885,873,54,0.0619,0
MEM-DFW,medium,2026-01-25,6,1,0,0,0.2399,762,734,42,0.0572,0
MEM-DFW,medium,2026-01-26,0,0,0,0,0.1255,1568,1511,50,0.0331,0
MEM-DFW,medium,2026-01-27,1,0,0,0,0.2909,1856,1795,69,0.0384,0
MEM-DFW,medium,2026-01-28,2,0,0,0,0.0847,1632,1603,57,0.0356,0
MEM-DFW,medium,2026-01-29,3,0,0,0,0.1604,1428,1399,68,0.0486,0
MEM-DFW,medium,2026-01-30,4,0,0,0,0.1063,1383,1363,49,0.036,0
MEM-DFW,medium,2026-01-31,5,1,0,0,0.2506,803,774,34,0.0439,0
MEM-DFW,medium,2026-02-01,6,1,0,0,0.1711,773,747,38,0.0509,0
MEM-DFW,medium,2026-02-02,0,0,0,0,0.1126,1530,1502,64,0.0426,0
MEM-DFW,medium,2026-02-03,1,0,0,0,0.1097,1409,1385,58,0.0419,0
MEM-DFW,medium,2026-02-04,2,0,0,0,0.3574,1584,1540,54,0.0351,0
MEM-DFW,medium,2026-02-05,3,0,0,0,0.0913,1433,1387,53,0.0382,0
MEM-DFW,medium,2026-02-06,4,0,0,0,0.2938,1628,1572,80,0.0509,0
MEM-DFW,medium,2026-02-07,5,1,0,0,0.0123,729,711,38,0.0534,0
MEM-DFW,medium,2026-02-08,6,1,0,0,0.1723,680,671,39,0.0581,0
MEM-DFW,medium,2026-02-09,0,0,0,0,0.0263,1420,1388,60,0.0432,0
MEM-DFW,medium,2026-02-10,1,0,0,0,0.0489,1285,1263,54,0.0428,0
MEM-DFW,medium,2026-02-11,2,0,0,0,0.2455,1231,1189,51,0.0429,0
MEM-DFW,medium,2026-02-12,3,0,0,0,0.1958,1242,1225,48,0.0392,0
MEM-DFW,medium,2026-02-13,4,0,0,0,0.1318,1429,1388,49,0.0353,0
MEM-DFW,medium,2026-02-14,5,1,0,0,0.0,717,699,33,0.0472,0
MEM-DFW,medium,2026-02-15,6,1,0,0,0.0,754,736,39,0.053,0
MEM-DFW,medium,2026-02-16,0,0,0,0,0.0713,1451,1417,62,0.0438,0
MEM-DFW,medium,2026-02-17,1,0,0,0,0.1383,1373,1337,54,0.0404,0
MEM-DFW,medium,2026-02-18,2,0,0,0,0.2992,1443,1419,52,0.0366,0
MEM-DFW,medium,2026-02-19,3,0,0,0,0.0802,1668,1639,67,0.0409,0
MEM-DFW,medium,2026-02-20,4,0,0,0,0.1936,1531,1487,62,0.0417,0
MEM-DFW,medium,2026-02-21,5,1,0,0,0.1747,859,835,45,0.0539,0
MEM-DFW,medium,2026-02-22,6,1,0,0,0.0,873,853,34,0.0399,0
MEM-DFW,medium,2026-02-23,0,0,0,0,0.3403,1697,1669,45,0.027,0
MEM-DFW,medium,2026-02-24,1,0,0,0,0.1653,1361,1342,59,0.044,0
MEM-DFW,medium,2026-02-25,2,0,0,0,0.1096,1428,1406,53,0.0377,0
MEM-DFW,medium,2026-02-26,3,0,0,0,0.3053,1321,1301,63,0.0484,0
MEM-DFW,medium,2026-02-27,4,0,0,0,0.1095,1625,1564,71,0.0454,0
MEM-DFW,medium,2026-02-28,5,1,0,0,0.1746,924,903,42,0.0465,0
MEM-DFW,medium,2026-03-01,6,1,0,0,0.0015,730,707,38,0.0537,0
MEM-DFW,medium,2026-03-02,0,0,0,0,0.0,1352,1311,44,0.0336,0
MEM-DFW,medium,2026-03-03,1,0,0,0,0.3419,1410,1375,43,0.0313,0
MEM-DFW,medium,2026-03-04,2,0,0,0,0.0882,1521,1467,57,0.0389,0
MEM-DFW,medium,2026-03-05,3,0,0,0,0.2703,1542,1506,66,0.0438,0
MEM-DFW,medium,2026-03-06,4,0,0,0,0.2722,1256,1236,48,0.0388,0
MEM-DFW,medium,2026-03-07,5,1,0,0,0.1009,916,901,43,0.0477,0
MEM-DFW,medium,2026-03-08,6,1,0,0,0.0338,854,833,44,0.0528,0
MEM-DFW,medium,2026-03-09,0,0,0,0,0.1216,1281,1243,41,0.033,0
MEM-DFW,medium,2026-03-10,1,0,0,0,0.2778,1602,1575,65,0.0413,0
MEM-DFW,medium,2026-03-11,2,0,0,0,0.0883,1473,1442,46,0.0319,0
MEM-DFW,medium,2026-03-12,3,0,0,0,0.0403,1557,1520,58,0.0382,0
MEM-DFW,medium,2026-03-13,4,0,0,0,0.0,1148,1105,43,0.0389,0
MEM-DFW,medium,2026-03-14,5,1,0,0,0.0521,783,758,34,0.0449,0
MEM-DFW,medium,2026-03-15,6,1,0,0,0.3496,875,846,42,0.0496,0
MEM-DFW,medium,2026-03-16,0,0,0,0,0.0,1604,1556,64,0.0411,0
MEM-DFW,medium,2026-03-17,1,0,0,0,0.6507,1529,1493,261,0.1748,1
MEM-DFW,medium,2026-03-18,2,0,0,0,0.7629,1465,1413,146,0.1033,1
MEM-DFW,medium,2026-03-19,3,0,0,0,0.3814,1440,1407,56,0.0398,0
MEM-DFW,medium,2026-03-20,4,0,0,0,0.1721,1504,1484,65,0.0438,0
MEM-DFW,medium,2026-03-21,5,1,0,0,0.2836,865,833,53,0.0636,0
MEM-DFW,medium,2026-03-22,6,1,0,0,0.2609,753,725,43,0.0593,0
MEM-DFW,medium,2026-03-23,0,0,0,0,0.0,1629,1609,54,0.0336,0
MEM-DFW,medium,2026-03-24,1,0,0,0,0.1979,1584,1546,59,0.0382,0
MEM-DFW,medium,2026-03-25,2,0,0,0,0.2144,1692,1661,54,0.0325,0
MEM-DFW,medium,2026-03-26,3,0,0,0,0.0646,1546,1502,66,0.0439,0
MEM-DFW,medium,2026-03-27,4,0,0,0,0.2938,1492,1443,57,0.0395,0
MEM-DFW,medium,2026-03-28,5,1,0,0,0.0962,856,837,43,0.0514,0
MEM-DFW,medium,2026-03-29,6,1,0,0,0.0,693,672,46,0.0685,0
MEM-DFW,medium,2026-03-30,0,0,0,0,0.1911,1509,1459,65,0.0446,0
MEM-DFW,medium,2026-03-31,1,0,0,0,0.0908,1547,1526,56,0.0367,0
MEM-DFW,medium,2026-04-01,2,0,0,0,0.1759,1566,1544,49,0.0317,0
MEM-DFW,medium,2026-04-02,3,0,0,0,0.1685,1594,1566,65,0.0415,0
MEM-DFW,medium,2026-04-03,4,0,0,0,0.3002,1226,1187,36,0.0303,0
MEM-DFW,medium,2026-04-04,5,1,0,0,0.0956,904,880,38,0.0432,0
MEM-DFW,medium,2026-04-05,6,1,0,0,0.3146,798,781,37,0.0474,0
MEM-DFW,medium,2026-04-06,0,0,0,0,0.0,1643,1596,56,0.0351,0
MEM-DFW,medium,2026-04-07,1,0,0,0,0.2313,1621,1579,59,0.0374,0
MEM-DFW,medium,2026-04-08,2,0,0,0,0.2889,1686,1651,69,0.0418,0
MEM-DFW,medium,2026-04-09,3,0,0,0,0.2817,1690,1650,51,0.0309,0
MEM-DFW,medium,2026-04-10,4,0,0,0,0.3759,1389,1371,42,0.0306,0
MEM-DFW,medium,2026-04-11,5,1,0,0,0.1824,760,733,38,0.0518,0
MEM-DFW,medium,2026-04-12,6,1,0,0,0.2376,929,895,32,0.0358,0
MEM-DFW,medium,2026-04-13,0,0,0,0,0.0,1955,1883,67,0.0356,0
MEM-DFW,medium,2026-04-14,1,0,0,0,0.1176,1586,1535,56,0.0365,0
MEM-DFW,medium,2026-04-15,2,0,0,0,0.1261,1615,1577,60,0.038,0
MEM-DFW,medium,2026-04-16,3,0,0,0,0.6258,1853,1807,276,0.1527,1
MEM-DFW,medium,2026-04-17,4,0,0,0,0.5758,1488,1441,215,0.1492,1
MEM-DFW,medium,2026-04-18,5,1,0,0,0.6621,919,902,192,0.2129,1
MEM-DFW,medium,2026-04-19,6,1,0,0,0.1722,985,961,34,0.0354,0
MEM-DFW,medium,2026-04-20,0,0,0,0,0.114,1539,1507,60,0.0398,0
MEM-DFW,medium,2026-04-21,1,0,0,0,0.2049,1456,1412,61,0.0432,0
MEM-DFW,medium,2026-04-22,2,0,0,0,0.2732,1515,1476,68,0.0461,0
MEM-DFW,medium,2026-04-23,3,0,0,0,0.257,1554,1505,53,0.0352,0
MEM-DFW,medium,2026-04-24,4,0,0,0,0.1706,1452,1422,52,0.0366,0
MEM-DFW,medium,2026-04-25,5,1,0,0,0.1746,943,921,44,0.0478,0
MEM-DFW,medium,2026-04-26,6,1,0,0,0.0,878,867,42,0.0484,0
MEM-DFW,medium,2026-04-27,0,0,0,0,0.2618,1560,1509,60,0.0398,0
MEM-DFW,medium,2026-04-28,1,0,0,0,0.0,1635,1589,60,0.0378,0
MEM-DFW,medium,2026-04-29,2,0,0,0,0.8285,1755,1706,183,0.1073,1
MEM-DFW,medium,2026-04-30,3,0,0,0,0.3786,1297,1280,59,0.0461,0
MEM-DFW,medium,2026-05-01,4,0,0,0,0.0372,1631,1576,63,0.04,0
MEM-DFW,medium,2026-05-02,5,1,0,0,0.1934,952,920,57,0.062,0
MEM-DFW,medium,2026-05-03,6,1,0,0,0.2093,804,780,42,0.0538,0
MEM-DFW,medium,2026-05-04,0,0,0,0,0.2571,1732,1703,69,0.0405,0
MEM-DFW,medium,2026-05-05,1,0,0,0,0.2429,1557,1534,62,0.0404,0
MEM-DFW,medium,2026-05-06,2,0,0,0,0.0,1572,1518,58,0.0382,0
MEM-DFW,medium,2026-05-07,3,0,0,0,0.3916,1522,1482,70,0.0472,0
MEM-DFW,medium,2026-05-08,4,0,0,0,0.0466,1508,1471,50,0.034,0
MEM-DFW,medium,2026-05-09,5,1,0,0,0.2309,931,915,54,0.059,0
MEM-DFW,medium,2026-05-10,6,1,0,0,0.0,850,824,46,0.0558,0
MEM-DFW,medium,2026-05-11,0,0,0,0,0.0,1674,1627,63,0.0387,0
MEM-DFW,medium,2026-05-12,1,0,0,0,0.0957,1256,1214,50,0.0412,0
MEM-DFW,medium,2026-05-13,2,0,0,0,0.211,1589,1554,63,0.0405,0
MEM-DFW,medium,2026-05-14,3,0,0,0,0.2784,1334,1289,41,0.0318,0
MEM-DFW,medium,2026-05-15,4,0,0,0,0.2418,1442,1396,46,0.033,0
MEM-DFW,medium,2026-05-16,5,1,0,0,0.1922,704,693,33,0.0476,0
MEM-DFW,medium,2026-05-17,6,1,0,0,0.2081,913,881,43,0.0488,0
MEM-DFW,medium,2026-05-18,0,0,0,0,0.1081,1524,1486,50,0.0336,0
MEM-DFW,medium,2026-05-19,1,0,0,0,0.2144,1381,1342,46,0.0343,0
MEM-DFW,medium,2026-05-20,2,0,0,0,0.0532,1506,1471,56,0.0381,0
MEM-DFW,medium,2026-05-21,3,0,0,0,0.7318,1457,1432,205,0.1432,1
MEM-DFW,medium,2026-05-22,4,0,0,0,0.8257,1832,1769,201,0.1136,1
MEM-DFW,medium,2026-05-23,5,1,0,0,0.0422,888,877,38,0.0433,0
MEM-DFW,medium,2026-05-24,6,1,0,0,0.0,653,633,25,0.0395,0
MEM-DFW,medium,2026-05-25,0,0,0,0,0.1103,1503,1449,55,0.038,0
MEM-DFW,medium,2026-05-26,1,0,0,0,0.0316,1496,1452,47,0.0324,0
MEM-DFW,medium,2026-05-27,2,0,0,0,0.3752,1528,1482,54,0.0364,0
MEM-DFW,medium,2026-05-28,3,0,0,0,0.0,1439,1409,48,0.0341,0
MEM-DFW,medium,2026-05-29,4,0,0,0,0.1978,1754,1720,59,0.0343,0
MEM-DFW,medium,2026-05-30,5,1,0,0,0.08,931,913,52,0.057,0
MEM-DFW,medium,2026-05-31,6,1,0,0,0.1979,728,702,41,0.0584,0
MEM-DFW,medium,2026-06-01,0,0,0,0,0.1062,1443,1396,55,0.0394,0
MEM-DFW,medium,2026-06-02,1,0,0,0,0.128,1300,1262,32,0.0254,0
MEM-DFW,medium,2026-06-03,2,0,0,0,0.2387,1388,1342,57,0.0425,0
MEM-DFW,medium,2026-06-04,3,0,0,0,0.1311,1263,1219,46,0.0377,0
MEM-DFW,medium,2026-06-05,4,0,0,0,0.0329,1276,1231,39,0.0317,0
MEM-DFW,medium,2026-06-06,5,1,0,0,0.3849,807,783,46,0.0587,0
MEM-DFW,medium,2026-06-07,6,1,0,0,0.2612,832,801,35,0.0437,0
MEM-DFW,medium,2026-06-08,0,0,0,0,0.0338,1499,1450,69,0.0476,0
MEM-DFW,medium,2026-06-09,1,0,0,0,0.263,1616,1590,64,0.0403,0
MEM-DFW,medium,2026-06-10,2,0,0,0,0.0691,1567,1523,55,0.0361,0
MEM-DFW,medium,2026-06-11,3,0,0,0,0.1102,1606,1547,53,0.0343,0
MEM-DFW,medium,2026-06-12,4,0,0,0,0.2213,1549,1529,65,0.0425,0
MEM-DFW,medium,2026-06-13,5,1,0,0,0.0,766,744,30,0.0403,0
MEM-DFW,medium,2026-06-14,6,1,0,0,0.1718,755,728,39,0.0536,0
MEM-DFW,medium,2026-06-15,0,0,0,0,0.0,1614,1581,64,0.0405,0
MEM-DFW,medium,2026-06-16,1,0,0,0,0.1032,1787,1761,65,0.0369,0
MEM-DFW,medium,2026-06-17,2,0,0,0,0.2445,1477,1434,62,0.0432,0
MEM-DFW,medium,2026-06-18,3,0,0,0,0.1629,1528,1492,68,0.0456,0
MEM-DFW,medium,2026-06-19,4,0,0,0,0.129,1537,1493,58,0.0388,0
MEM-DFW,medium,2026-06-20,5,1,0,0,0.3653,710,686,42,0.0612,0
MEM-DFW,medium,2026-06-21,6,1,0,0,0.3446,751,723,32,0.0443,0
MEM-DFW,medium,2026-06-22,0,0,0,0,0.2811,1484,1464,56,0.0383,0
MEM-DFW,medium,2026-06-23,1,0,0,0,0.2774,1518,1479,61,0.0412,0
MEM-DFW,medium,2026-06-24,2,0,0,0,0.0881,1444,1403,51,0.0364,0
MEM-DFW,medium,2026-06-25,3,0,0,0,0.1983,1385,1343,45,0.0335,0
MEM-DFW,medium,2026-06-26,4,0,0,0,0.1339,1245,1209,43,0.0356,0
MEM-DFW,medium,2026-06-27,5,1,0,0,0.0,698,687,39,0.0568,0
MEM-DFW,medium,2026-06-28,6,1,0,0,0.192,764,745,32,0.043,0
MEM-DFW,medium,2026-06-29,0,0,0,0,0.0,1512,1485,45,0.0303,0
MEM-DFW,medium,2026-06-30,1,0,0,0,0.2483,1452,1431,50,0.0349,0
MEM-DFW,medium,2026-07-01,2,0,0,0,0.3172,1520,1474,55,0.0373,0
MEM-DFW,medium,2026-07-02,3,0,0,0,0.1845,1348,1302,72,0.0553,0
MEM-DFW,medium,2026-07-03,4,0,0,0,0.1332,1507,1462,50,0.0342,0
MEM-DFW,medium,2026-07-04,5,1,1,0,0.2383,210,204,11,0.0539,0
MEM-DFW,medium,2026-07-05,6,1,0,0,0.09,794,777,41,0.0528,0
MEM-DFW,medium,2026-07-06,0,0,0,0,0.4116,1652,1593,57,0.0358,0
MEM-DFW,medium,2026-07-07,1,0,0,0,0.0,1314,1296,48,0.037,0
MEM-DFW,medium,2026-07-08,2,0,0,0,0.4034,1245,1224,39,0.0319,0
MEM-DFW,medium,2026-07-09,3,0,0,0,0.0,1815,1786,64,0.0358,0
MEM-DFW,medium,2026-07-10,4,0,0,0,0.0488,1639,1593,70,0.0439,0
MEM-DFW,medium,2026-07-11,5,1,0,0,0.1664,758,745,39,0.0523,0
MEM-DFW,medium,2026-07-12,6,1,0,0,0.1971,801,785,31,0.0395,0
MEM-DFW,medium,2026-07-13,0,0,0,0,0.3976,1549,1522,66,0.0434,0
MEM-DFW,medium,2026-07-14,1,0,0,0,0.2853,1377,1350,55,0.0407,0
MEM-DFW,medium,2026-07-15,2,0,0,0,0.232,1562,1513,53,0.035,0
MEM-DFW,medium,2026-07-16,3,0,0,0,0.0,1278,1244,57,0.0458,0
MEM-DFW,medium,2026-07-17,4,0,0,0,0.1346,1570,1531,42,0.0274,0
MEM-DFW,medium,2026-07-18,5,1,0,0,0.042,737,713,35,0.0491,0
MEM-DFW,medium,2026-07-19,6,1,0,0,0.0502,803,781,44,0.0563,0
MEM-DFW,medium,2026-07-20,0,0,0,0,0.1662,1282,1236,44,0.0356,0
MEM-DFW,medium,2026-07-21,1,0,0,0,0.0,1240,1201,59,0.0491,0
MEM-DFW,medium,2026-07-22,2,0,0,0,0.0228,1537,1503,54,0.0359,0
MEM-DFW,medium,2026-07-23,3,0,0,0,0.2962,1663,1606,56,0.0349,0
MEM-DFW,medium,2026-07-24,4,0,0,0,0.3115,1603,1562,59,0.0378,0
MEM-DFW,medium,2026-07-25,5,1,0,0,0.2481,751,741,38,0.0513,0
MEM-DFW,medium,2026-07-26,6,1,0,0,0.1883,923,898,42,0.0468,0
MEM-DFW,medium,2026-07-27,0,0,0,0,0.0392,1830,1796,78,0.0434,0
MEM-DFW,medium,2026-07-28,1,0,0,0,0.2057,1680,1653,60,0.0363,0
MEM-DFW,medium,2026-07-29,2,0,0,0,0.0804,1269,1236,58,0.0469,0
MEM-DFW,medium,2026-07-30,3,0,0,0,0.0067,1409,1359,42,0.0309,0
MEM-DFW,medium,2026-07-31,4,0,0,0,0.137,1591,1568,52,0.0332,0
MEM-DFW,medium,2026-08-01,5,1,0,0,0.2573,897,867,49,0.0565,0
MEM-DFW,medium,2026-08-02,6,1,0,0,0.3804,932,918,40,0.0436,0
MEM-DFW,medium,2026-08-03,0,0,0,0,0.5084,1527,1495,245,0.1639,1
MEM-DFW,medium,2026-08-04,1,0,0,0,0.735,1516,1482,132,0.0891,1
MEM-DFW,medium,2026-08-05,2,0,0,0,0.1131,1563,1534,68,0.0443,0
MEM-DFW,medium,2026-08-06,3,0,0,0,0.1416,1449,1422,49,0.0345,0
MEM-DFW,medium,2026-08-07,4,0,0,0,0.3169,1597,1560,64,0.041,0
MEM-DFW,medium,2026-08-08,5,1,0,0,0.1888,1005,992,43,0.0433,0
MEM-DFW,medium,2026-08-09,6,1,0,0,0.1835,916,884,45,0.0509,0
MEM-DFW,medium,2026-08-10,0,0,0,0,0.1276,1517,1480,66,0.0446,0
MEM-DFW,medium,2026-08-11,1,0,0,0,0.1764,1406,1377,56,0.0407,0
MEM-DFW,medium,2026-08-12,2,0,0,0,0.1489,1303,1277,52,0.0407,0
MEM-DFW,medium,2026-08-13,3,0,0,0,0.1795,1294,1254,54,0.0431,0
MEM-DFW,medium,2026-08-14,4,0,0,0,0.019,1719,1667,64,0.0384,0
MEM-DFW,medium,2026-08-15,5,1,0,0,0.018,839,810,39,0.0481,0
MEM-DFW,medium,2026-08-16,6,1,0,0,0.1633,911,880,33,0.0375,0
MEM-DFW,medium,2026-08-17,0,0,0,0,0.3604,1269,1224,48,0.0392,0
MEM-DFW,medium,2026-08-18,1,0,0,0,0.0341,1489,1459,39,0.0267,0
MEM-DFW,medium,2026-08-19,2,0,0,0,0.0027,1417,1382,53,0.0384,0
MEM-DFW,medium,2026-08-20,3,0,0,0,0.2417,1580,1554,57,0.0367,0
MEM-DFW,medium,2026-08-21,4,0,0,0,0.1261,1488,1455,54,0.0371,0
MEM-DFW,medium,2026-08-22,5,1,0,0,0.0975,882,853,46,0.0539,0
MEM-DFW,medium,2026-08-23,6,1,0,0,0.2947,841,812,33,0.0406,0
MEM-ORD,medium,2023-08-25,4,0,0,0,0.0,1570,1529,62,0.0405,0
MEM-ORD,medium,2023-08-26,5,1,0,0,0.232,792,781,34,0.0435,0
MEM-ORD,medium,2023-08-27,6,1,0,0,0.1503,906,882,46,0.0522,0
MEM-ORD,medium,2023-08-28,0,0,0,0,0.1753,1687,1653,80,0.0484,0
MEM-ORD,medium,2023-08-29,1,0,0,0,0.2005,1630,1597,64,0.0401,0
MEM-ORD,medium,2023-08-30,2,0,0,0,0.4386,1746,1693,68,0.0402,0
MEM-ORD,medium,2023-08-31,3,0,0,0,0.1892,1295,1265,54,0.0427,0
MEM-ORD,medium,2023-09-01,4,0,0,0,0.3359,1572,1513,54,0.0357,0
MEM-ORD,medium,2023-09-02,5,1,0,0,0.0969,858,841,42,0.0499,0
MEM-ORD,medium,2023-09-03,6,1,0,0,0.8267,848,833,183,0.2197,1
MEM-ORD,medium,2023-09-04,0,0,0,0,0.2084,1586,1546,62,0.0401,0
MEM-ORD,medium,2023-09-05,1,0,0,0,0.282,1628,1569,60,0.0382,0
MEM-ORD,medium,2023-09-06,2,0,0,0,0.0388,1350,1301,51,0.0392,0
MEM-ORD,medium,2023-09-07,3,0,0,0,0.0584,1708,1677,74,0.0441,0
MEM-ORD,medium,2023-09-08,4,0,0,0,0.0747,1623,1588,54,0.034,0
MEM-ORD,medium,2023-09-09,5,1,0,0,0.0,854,829,48,0.0579,0
MEM-ORD,medium,2023-09-10,6,1,0,0,0.24,777,750,47,0.0627,0
MEM-ORD,medium,2023-09-11,0,0,0,0,0.2649,1423,1377,66,0.0479,0
MEM-ORD,medium,2023-09-12,1,0,0,0,0.0823,1913,1850,81,0.0438,0
MEM-ORD,medium,2023-09-13,2,0,0,0,0.0784,1377,1349,53,0.0393,0
MEM-ORD,medium,2023-09-14,3,0,0,0,0.317,1659,1611,66,0.041,0
MEM-ORD,medium,2023-09-15,4,0,0,0,0.4252,1465,1422,61,0.0429,0
MEM-ORD,medium,2023-09-16,5,1,0,0,0.1496,844,823,42,0.051,0
MEM-ORD,medium,2023-09-17,6,1,0,0,0.1778,911,892,48,0.0538,0
MEM-ORD,medium,2023-09-18,0,0,0,0,0.1275,1463,1412,60,0.0425,0
MEM-ORD,medium,2023-09-19,1,0,0,0,0.2494,1541,1498,67,0.0447,0
MEM-ORD,medium,2023-09-20,2,0,0,0,0.0,1742,1678,56,0.0334,0
MEM-ORD,medium,2023-09-21,3,0,0,0,0.2376,1633,1608,72,0.0448,0
MEM-ORD,medium,2023-09-22,4,0,0,0,0.2484,2008,1979,86,0.0435,0
MEM-ORD,medium,2023-09-23,5,1,0,0,0.4562,871,854,50,0.0585,0
MEM-ORD,medium,2023-09-24,6,1,0,0,0.1875,955,941,51,0.0542,0
MEM-ORD,medium,2023-09-25,0,0,0,0,0.2836,1327,1281,49,0.0383,0
MEM-ORD,medium,2023-09-26,1,0,0,0,0.0622,1526,1502,77,0.0513,0
MEM-ORD,medium,2023-09-27,2,0,0,0,0.1898,1630,1603,74,0.0462,0
MEM-ORD,medium,2023-09-28,3,0,0,0,0.354,1849,1802,75,0.0416,0
MEM-ORD,medium,2023-09-29,4,0,0,0,0.2101,1428,1381,62,0.0449,0
MEM-ORD,medium,2023-09-30,5,1,0,0,0.0601,898,872,48,0.055,0
MEM-ORD,medium,2023-10-01,6,1,0,0,0.0,747,730,36,0.0493,0
MEM-ORD,medium,2023-10-02,0,0,0,0,0.0161,1361,1333,47,0.0353,0
MEM-ORD,medium,2023-10-03,1,0,0,0,0.0846,1497,1457,57,0.0391,0
MEM-ORD,medium,2023-10-04,2,0,0,0,0.0809,1652,1622,60,0.037,0
MEM-ORD,medium,2023-10-05,3,0,0,0,0.0,1490,1464,59,0.0403,0
MEM-ORD,medium,2023-10-06,4,0,0,0,0.2102,1660,1620,74,0.0457,0
MEM-ORD,medium,2023-10-07,5,1,0,0,0.0,918,904,59,0.0653,0
MEM-ORD,medium,2023-10-08,6,1,0,0,0.0759,824,796,41,0.0515,0
MEM-ORD,medium,2023-10-09,0,0,0,0,0.004,1535,1480,61,0.0412,0
MEM-ORD,medium,2023-10-10,1,0,0,0,0.2028,1638,1603,48,0.0299,0
MEM-ORD,medium,2023-10-11,2,0,0,0,0.207,1578,1554,59,0.038,0
MEM-ORD,medium,2023-10-12,3,0,0,0,0.0,1709,1668,65,0.039,0
MEM-ORD,medium,2023-10-13,4,0,0,0,0.1752,1804,1744,67,0.0384,0
MEM-ORD,medium,2023-10-14,5,1,0,0,0.1421,883,868,47,0.0541,0
MEM-ORD,medium,2023-10-15,6,1,0,0,0.0077,896,867,53,0.0611,0
MEM-ORD,medium,2023-10-16,0,0,0,0,0.0,1587,1554,57,0.0367,0
MEM-ORD,medium,2023-10-17,1,0,0,0,0.1732,1436,1400,57,0.0407,0
MEM-ORD,medium,2023-10-18,2,0,0,0,0.1734,1708,1653,78,0.0472,0
MEM-ORD,medium,2023-10-19,3,0,0,0,0.1616,1448,1395,55,0.0394,0
MEM-ORD,medium,2023-10-20,4,0,0,0,0.1175,1888,1822,78,0.0428,0
MEM-ORD,medium,2023-10-21,5,1,0,0,0.1673,947,927,51,0.055,0
MEM-ORD,medium,2023-10-22,6,1,0,0,0.0435,914,894,41,0.0459,0
MEM-ORD,medium,2023-10-23,0,0,0,0,0.2603,1469,1446,62,0.0429,0
MEM-ORD,medium,2023-10-24,1,0,0,0,0.6842,1640,1598,213,0.1333,1
MEM-ORD,medium,2023-10-25,2,0,0,0,0.5972,1732,1685,194,0.1151,1
MEM-ORD,medium,2023-10-26,3,0,0,0,0.0,1869,1829,60,0.0328,0
MEM-ORD,medium,2023-10-27,4,0,0,0,0.1957,1479,1449,64,0.0442,0
MEM-ORD,medium,2023-10-28,5,1,0,0,0.001,911,890,51,0.0573,0
MEM-ORD,medium,2023-10-29,6,1,0,0,0.3163,773,744,47,0.0632,0
MEM-ORD,medium,2023-10-30,0,0,0,0,0.0319,1434,1408,65,0.0462,0
MEM-ORD,medium,2023-10-31,1,0,0,0,0.1454,1576,1531,73,0.0477,0
MEM-ORD,medium,2023-11-01,2,0,0,0,0.5942,1830,1764,226,0.1281,1
MEM-ORD,medium,2023-11-02,3,0,0,0,0.5631,1577,1543,244,0.1581,1
MEM-ORD,medium,2023-11-03,4,0,0,0,0.8216,1461,1430,201,0.1406,1
MEM-ORD,medium,2023-11-04,5,1,0,0,0.0803,890,866,38,0.0439,0
MEM-ORD,medium,2023-11-05,6,1,0,0,0.0,831,802,48,0.0599,0
MEM-ORD,medium,2023-11-06,0,0,0,0,0.1518,1551,1495,60,0.0401,0
MEM-ORD,medium,2023-11-07,1,0,0,0,0.2252,1654,1631,61,0.0374,0
MEM-ORD,medium,2023-11-08,2,0,0,0,0.0,1656,1631,67,0.0411,0
MEM-ORD,medium,2023-11-09,3,0,0,0,0.0751,1458,1440,59,0.041,0
MEM-ORD,medium,2023-11-10,4,0,0,0,0.0,1658,1610,72,0.0447,0
MEM-ORD,medium,2023-11-11,5,1,1,0,0.0463,234,229,10,0.0437,0
MEM-ORD,medium,2023-11-12,6,1,0,0,0.0484,781,768,46,0.0599,0
MEM-ORD,medium,2023-11-13,0,0,0,0,0.1496,1651,1591,69,0.0434,0
MEM-ORD,medium,2023-11-14,1,0,0,0,0.2247,1507,1477,67,0.0454,0
MEM-ORD,medium,2023-11-15,2,0,0,0,0.7539,1491,1453,201,0.1383,1
MEM-ORD,medium,2023-11-16,3,0,0,0,0.903,1838,1795,319,0.1777,1
MEM-ORD,medium,2023-11-17,4,0,0,0,0.7919,1554,1529,213,0.1393,1
MEM-ORD,medium,2023-11-18,5,1,0,0,0.0094,868,841,30,0.0357,0
MEM-ORD,medium,2023-11-19,6,1,0,0,0.0,872,844,42,0.0498,0
MEM-ORD,medium,2023-11-20,0,0,0,1,0.0,2401,2351,176,0.0749,0
MEM-ORD,medium,2023-11-21,1,0,0,1,0.0871,2672,2628,194,0.0738,0
MEM-ORD,medium,2023-11-22,2,0,0,1,0.1289,2938,2871,185,0.0644,0
MEM-ORD,medium,2023-11-23,3,0,0,1,0.0346,2442,2393,157,0.0656,0
MEM-ORD,medium,2023-11-24,4,0,0,1,0.064,2418,2340,145,0.062,0
MEM-ORD,medium,2023-11-25,5,1,0,1,0.1065,1592,1539,127,0.0825,0
MEM-ORD,medium,2023-11-26,6,1,0,1,0.0056,1558,1538,169,0.1099,0
MEM-ORD,medium,2023-11-27,0,0,0,1,0.3803,2244,2199,142,0.0646,0
MEM-ORD,medium,2023-11-28,1,0,0,1,0.457,2330,2300,161,0.07,0
MEM-ORD,medium,2023-11-29,2,0,0,1,0.2104,3356,3269,221,0.0676,0
MEM-ORD,medium,2023-11-30,3,0,0,1,0.3514,2560,2466,169,0.0685,0
MEM-ORD,medium,2023-12-01,4,0,0,1,0.1339,2536,2466,175,0.071,0
MEM-ORD,medium,2023-12-02,5,1,0,1,0.1031,1482,1450,120,0.0828,0
MEM-ORD,medium,2023-12-03,6,1,0,1,0.2398,1424,1397,137,0.0981,0
MEM-ORD,medium,2023-12-04,0,0,0,1,0.0716,2583,2487,180,0.0724,0
MEM-ORD,medium,2023-12-05,1,0,0,1,0.1432,2569,2482,178,0.0717,0
MEM-ORD,medium,2023-12-06,2,0,0,1,0.2328,2797,2754,193,0.0701,0
MEM-ORD,medium,2023-12-07,3,0,0,1,0.0852,2707,2646,174,0.0658,0
MEM-ORD,medium,2023-12-08,4,0,0,1,0.0269,2839,2803,199,0.071,0
MEM-ORD,medium,2023-12-09,5,1,0,1,0.0659,1491,1465,136,0.0928,0
MEM-ORD,medium,2023-12-10,6,1,0,1,0.1528,1178,1136,101,0.0889,0
MEM-ORD,medium,2023-12-11,0,0,0,1,0.0613,2468,2436,171,0.0702,0
MEM-ORD,medium,2023-12-12,1,0,0,1,0.9448,2349,2314,611,0.264,1
MEM-ORD,medium,2023-12-13,2,0,0,1,0.694,2450,2400,577,0.2404,1
MEM-ORD,medium,2023-12-14,3,0,0,1,0.7115,2324,2253,494,0.2193,1
MEM-ORD,medium,2023-12-15,4,0,0,1,0.0,2281,2251,157,0.0697,0
MEM-ORD,medium,2023-12-16,5,1,0,1,0.2554,1671,1628,130,0.0799,0
MEM-ORD,medium,2023-12-17,6,1,0,1,0.3218,1226,1201,100,0.0833,0
MEM-ORD,medium,2023-12-18,0,0,0,1,0.1294,2635,2549,175,0.0687,0
MEM-ORD,medium,2023-12-19,1,0,0,1,0.0279,2814,2729,213,0.0781,0
MEM-ORD,medium,2023-12-20,2,0,0,1,0.3263,2834,2765,189,0.0684,0
MEM-ORD,medium,2023-12-21,3,0,0,1,0.0,3073,3027,217,0.0717,0
MEM-ORD,medium,2023-12-22,4,0,0,1,0.2332,2457,2385,151,0.0633,0
MEM-ORD,medium,2023-12-23,5,1,0,1,0.1394,1422,1392,140,0.1006,0
MEM-ORD,medium,2023-12-24,6,1,0,1,0.0,1172,1153,102,0.0885,0
MEM-ORD,medium,2023-12-25,0,0,1,1,0.1512,655,638,45,0.0705,0
MEM-ORD,medium,2023-12-26,1,0,0,1,0.1677,2820,2766,179,0.0647,0
MEM-ORD,medium,2023-12-27,2,0,0,0,0.1907,1481,1462,66,0.0451,0
MEM-ORD,medium,2023-12-28,3,0,0,0,0.0,1539,1488,58,0.039,0
MEM-ORD,medium,2023-12-29,4,0,0,0,0.6258,1282,1266,206,0.1627,1
MEM-ORD,medium,2023-12-30,5,1,0,0,0.7608,856,840,172,0.2048,1
MEM-ORD,medium,2023-12-31,6,1,0,0,0.5026,809,783,139,0.1775,1
MEM-ORD,medium,2024-01-01,0,0,1,0,0.2228,369,356,17,0.0478,0
MEM-ORD,medium,2024-01-02,1,0,0,0,0.3748,1595,1550,74,0.0477,0
MEM-ORD,medium,2024-01-03,2,0,0,0,0.0653,1476,1447,65,0.0449,0
MEM-ORD,medium,2024-01-04,3,0,0,0,0.1537,1451,1430,57,0.0399,0
MEM-ORD,medium,2024-01-05,4,0,0,0,0.1097,1452,1408,53,0.0376,0
MEM-ORD,medium,2024-01-06,5,1,0,0,0.0667,814,802,44,0.0549,0
MEM-ORD,medium,2024-01-07,6,1,0,0,0.4037,841,826,46,0.0557,0
MEM-ORD,medium,2024-01-08,0,0,0,0,0.3106,1651,1609,69,0.0429,0
MEM-ORD,medium,2024-01-09,1,0,0,0,0.1774,1542,1523,75,0.0492,0
MEM-ORD,medium,2024-01-10,2,0,0,0,0.402,1526,1498,64,0.0427,0
MEM-ORD,medium,2024-01-11,3,0,0,0,0.0,1362,1338,54,0.0404,0
MEM-ORD,medium,2024-01-12,4,0,0,0,0.0096,1604,1548,64,0.0413,0
MEM-ORD,medium,2024-01-13,5,1,0,0,0.2442,937,904,54,0.0597,0
MEM-ORD,medium,2024-01-14,6,1,0,0,0.302,746,730,25,0.0342,0
MEM-ORD,medium,2024-01-15,0,0,0,0,0.1149,1493,1457,61,0.0419,0
MEM-ORD,medium,2024-01-16,1,0,0,0,0.3003,1564,1540,63,0.0409,0
MEM-ORD,medium,2024-01-17,2,0,0,0,0.389,1574,1525,55,0.0361,0
MEM-ORD,medium,2024-01-18,3,0,0,0,0.2027,1462,1435,49,0.0341,0
MEM-ORD,medium,2024-01-19,4,0,0,0,0.1239,1542,1485,66,0.0444,0
MEM-ORD,medium,2024-01-20,5,1,0,0,0.2049,903,876,36,0.0411,0
MEM-ORD,medium,2024-01-21,6,1,0,0,0.2127,975,940,47,0.05,0
MEM-ORD,medium,2024-01-22,0,0,0,0,0.0992,1306,1263,50,0.0396,0
MEM-ORD,medium,2024-01-23,1,0,0,0,0.0402,1420,1374,62,0.0451,0
MEM-ORD,medium,2024-01-24,2,0,0,0,0.1155,1383,1359,59,0.0434,0
MEM-ORD,medium,2024-01-25,3,0,0,0,0.2171,1988,1916,69,0.036,0
MEM-ORD,medium,2024-01-26,4,0,0,0,0.3332,1327,1303,54,0.0414,0
MEM-ORD,medium,2024-01-27,5,1,0,0,0.2135,920,906,53,0.0585,0
MEM-ORD,medium,2024-01-28,6,1,0,0,0.1584,809,781,52,0.0666,0
MEM-ORD,medium,2024-01-29,0,0,0,0,0.0,1332,1311,56,0.0427,0
MEM-ORD,medium,2024-01-30,1,0,0,0,0.1292,1523,1468,69,0.047,0
MEM-ORD,medium,2024-01-31,2,0,0,0,0.2831,1699,1646,64,0.0389,0
MEM-ORD,medium,2024-02-01,3,0,0,0,0.0194,1530,1509,62,0.0411,0
MEM-ORD,medium,2024-02-02,4,0,0,0,0.0329,1510,1485,69,0.0465,0
MEM-ORD,medium,2024-02-03,5,1,0,0,0.335,989,962,47,0.0489,0
MEM-ORD,medium,2024-02-04,6,1,0,0,0.0352,766,746,40,0.0536,0
MEM-ORD,medium,2024-02-05,0,0,0,0,0.0425,1559,1527,62,0.0406,0
MEM-ORD,medium,2024-02-06,1,0,0,0,0.0054,1678,1657,69,0.0416,0
MEM-ORD,medium,2024-02-07,2,0,0,0,0.0619,1436,1402,53,0.0378,0
MEM-ORD,medium,2024-02-08,3,0,0,0,0.3226,1339,1308,65,0.0497,0
MEM-ORD,medium,2024-02-09,4,0,0,0,0.2288,1584,1529,67,0.0438,0
MEM-ORD,medium,2024-02-10,5,1,0,0,0.1351,933,902,46,0.051,0
MEM-ORD,medium,2024-02-11,6,1,0,0,0.2059,959,944,50,0.053,0
MEM-ORD,medium,2024-02-12,0,0,0,0,0.2814,1638,1581,86,0.0544,0
MEM-ORD,medium,2024-02-13,1,0,0,0,0.2271,1570,1517,57,0.0376,0
MEM-ORD,medium,2024-02-14,2,0,0,0,0.1731,1527,1472,62,0.0421,0
MEM-ORD,medium,2024-02-15,3,0,0,0,0.1055,1817,1773,80,0.0451,0
MEM-ORD,medium,2024-02-16,4,0,0,0,0.1686,1455,1427,68,0.0477,0
MEM-ORD,medium,2024-02-17,5,1,0,0,0.1354,1075,1056,60,0.0568,0
MEM-ORD,medium,2024-02-18,6,1,0,0,0.1423,865,843,58,0.0688,0
MEM-ORD,medium,2024-02-19,0,0,0,0,0.0,1773,1747,67,0.0384,0
MEM-ORD,medium,2024-02-20,1,0,0,0,0.0989,1589,1561,61,0.0391,0
MEM-ORD,medium,2024-02-21,2,0,0,0,0.1292,1513,1489,61,0.041,0
MEM-ORD,medium,2024-02-22,3,0,0,0,0.2012,1578,1529,71,0.0464,0
MEM-ORD,medium,2024-02-23,4,0,0,0,0.0,1725,1680,62,0.0369,0
MEM-ORD,medium,2024-02-24,5,1,0,0,0.5516,836,818,107,0.1308,1
MEM-ORD,medium,2024-02-25,6,1,0,0,0.7764,784,759,127,0.1673,1
MEM-ORD,medium,2024-02-26,0,0,0,0,0.7697,1376,1343,257,0.1914,1
MEM-ORD,medium,2024-02-27,1,0,0,0,0.1899,1573,1542,66,0.0428,0
MEM-ORD,medium,2024-02-28,2,0,0,0,0.1772,1775,1717,72,0.0419,0
MEM-ORD,medium,2024-02-29,3,0,0,0,0.0,1332,1304,43,0.033,0
MEM-ORD,medium,2024-03-01,4,0,0,0,0.1218,1239,1208,39,0.0323,0
MEM-ORD,medium,2024-03-02,5,1,0,0,0.3167,784,769,33,0.0429,0
MEM-ORD,medium,2024-03-03,6,1,0,0,0.1989,796,781,30,0.0384,0
MEM-ORD,medium,2024-03-04,0,0,0,0,0.2269,1542,1508,70,0.0464,0
MEM-ORD,medium,2024-03-05,1,0,0,0,0.0924,1496,1442,70,0.0485,0
MEM-ORD,medium,2024-03-06,2,0,0,0,0.3433,1868,1822,78,0.0428,0
MEM-ORD,medium,2024-03-07,3,0,0,0,0.6782,1479,1433,178,0.1242,1
MEM-ORD,medium,2024-03-08,4,0,0,0,0.8023,1297,1251,236,0.1886,1
MEM-ORD,medium,2024-03-09,5,1,0,0,0.048,818,791,41,0.0518,0
MEM-ORD,medium,2024-03-10,6,1,0,0,0.1489,984,965,52,0.0539,0
MEM-ORD,medium,2024-03-11,0,0,0,0,0.2529,1283,1238,48,0.0388,0
MEM-ORD,medium,2024-03-12,1,0,0,0,0.0545,1540,1491,68,0.0456,0
MEM-ORD,medium,2024-03-13,2,0,0,0,0.0,1505,1451,71,0.0489,0
MEM-ORD,medium,2024-03-14,3,0,0,0,0.0928,1787,1728,64,0.037,0
MEM-ORD,medium,2024-03-15,4,0,0,0,0.0,1893,1823,85,0.0466,0
MEM-ORD,medium,2024-03-16,5,1,0,0,0.3127,846,821,44,0.0536,0
MEM-ORD,medium,2024-03-17,6,1,0,0,0.0382,933,915,32,0.035,0
MEM-ORD,medium,2024-03-18,0,0,0,0,0.2891,1749,1692,76,0.0449,0
MEM-ORD,medium,2024-03-19,1,0,0,0,0.1974,1333,1311,54,0.0412,0
MEM-ORD,medium,2024-03-20,2,0,0,0,0.2996,1265,1232,33,0.0268,0
MEM-ORD,medium,2024-03-21,3,0,0,0,0.0,1843,1796,79,0.044,0
MEM-ORD,medium,2024-03-22,4,0,0,0,0.0731,1370,1348,61,0.0453,0
MEM-ORD,medium,2024-03-23,5,1,0,0,0.097,854,841,44,0.0523,0
MEM-ORD,medium,2024-03-24,6,1,0,0,0.0234,845,824,45,0.0546,0
MEM-ORD,medium,2024-03-25,0,0,0,0,0.0,1321,1302,53,0.0407,0
MEM-ORD,medium,2024-03-26,1,0,0,0,0.1432,1550,1517,58,0.0382,0
MEM-ORD,medium,2024-03-27,2,0,0,0,0.0989,1833,1787,76,0.0425,0
MEM-ORD,medium,2024-03-28,3,0,0,0,0.0761,1874,1847,89,0.0482,0
MEM-ORD,medium,2024-03-29,4,0,0,0,0.1312,1885,1823,85,0.0466,0
MEM-ORD,medium,2024-03-30,5,1,0,0,0.0869,827,812,39,0.048,0
MEM-ORD,medium,2024-03-31,6,1,0,0,0.2206,919,891,54,0.0606,0
MEM-ORD,medium,2024-04-01,0,0,0,0,0.1504,1670,1645,89,0.0541,0
MEM-ORD,medium,2024-04-02,1,0,0,0,0.3447,1280,1253,47,0.0375,0
MEM-ORD,medium,2024-04-03,2,0,0,0,0.1412,1719,1660,60,0.0361,0
MEM-ORD,medium,2024-04-04,3,0,0,0,0.4796,1440,1421,57,0.0401,0
MEM-ORD,medium,2024-04-05,4,0,0,0,0.2605,1455,1422,58,0.0408,0
MEM-ORD,medium,2024-04-06,5,1,0,0,0.4498,791,768,45,0.0586,0
MEM-ORD,medium,2024-04-07,6,1,0,0,0.1917,896,867,56,0.0646,0
MEM-ORD,medium,2024-04-08,0,0,0,0,0.2135,1440,1415,49,0.0346,0
MEM-ORD,medium,2024-04-09,1,0,0,0,0.1813,1493,1470,74,0.0503,0
MEM-ORD,medium,2024-04-10,2,0,0,0,0.1712,1175,1133,57,0.0503,0
MEM-ORD,medium,2024-04-11,3,0,0,0,0.1082,1720,1672,71,0.0425,0
MEM-ORD,medium,2024-04-12,4,0,0,0,0.2531,1484,1455,55,0.0378,0
MEM-ORD,medium,2024-04-13,5,1,0,0,0.0,860,840,47,0.056,0
MEM-ORD,medium,2024-04-14,6,1,0,0,0.1455,991,977,48,0.0491,0
MEM-ORD,medium,2024-04-15,0,0,0,0,0.9122,1444,1403,208,0.1483,1
MEM-ORD,medium,2024-04-16,1,0,0,0,0.9915,1621,1595,248,0.1555,1
MEM-ORD,medium,2024-04-17,2,0,0,0,0.298,1907,1852,86,0.0464,0
MEM-ORD,medium,2024-04-18,3,0,0,0,0.0487,1643,1615,53,0.0328,0
MEM-ORD,medium,2024-04-19,4,0,0,0,0.193,1535,1497,60,0.0401,0
MEM-ORD,medium,2024-04-20,5,1,0,0,0.0,1029,995,49,0.0492,0
MEM-ORD,medium,2024-04-21,6,1,0,0,0.1811,848,826,45,0.0545,0
MEM-ORD,medium,2024-04-22,0,0,0,0,0.0705,1446,1410,59,0.0418,0
MEM-ORD,medium,2024-04-23,1,0,0,0,0.1761,1856,1798,84,0.0467,0
MEM-ORD,medium,2024-04-24,2,0,0,0,0.1471,2056,1995,93,0.0466,0
MEM-ORD,medium,2024-04-25,3,0,0,0,0.244,1676,1649,70,0.0424,0
MEM-ORD,medium,2024-04-26,4,0,0,0,0.193,1753,1729,70,0.0405,0
MEM-ORD,medium,2024-04-27,5,1,0,0,0.0,930,918,56,0.061,0
MEM-ORD,medium,2024-04-28,6,1,0,0,0.2197,956,930,46,0.0495,0
MEM-ORD,medium,2024-04-29,0,0,0,0,0.063,1725,1685,66,0.0392,0
MEM-ORD,medium,2024-04-30,1,0,0,0,0.3515,1561,1516,61,0.0402,0
MEM-ORD,medium,2024-05-01,2,0,0,0,0.2408,2049,1976,74,0.0374,0
MEM-ORD,medium,2024-05-02,3,0,0,0,0.0963,1563,1543,55,0.0356,0
MEM-ORD,medium,2024-05-03,4,0,0,0,0.0894,1662,1636,75,0.0458,0
MEM-ORD,medium,2024-05-04,5,1,0,0,0.2871,811,795,49,0.0616,0
MEM-ORD,medium,2024-05-05,6,1,0,0,0.1707,938,920,51,0.0554,0
MEM-ORD,medium,2024-05-06,0,0,0,0,0.2295,1628,1605,75,0.0467,0
MEM-ORD,medium,2024-05-07,1,0,0,0,0.0253,1634,1581,57,0.0361,0
MEM-ORD,medium,2024-05-08,2,0,0,0,0.01,1569,1547,79,0.0511,0
MEM-ORD,medium,2024-05-09,3,0,0,0,0.2061,1430,1401,55,0.0393,0
MEM-ORD,medium,2024-05-10,4,0,0,0,0.1616,1758,1713,69,0.0403,0
MEM-ORD,medium,2024-05-11,5,1,0,0,0.0865,818,805,48,0.0596,0
MEM-ORD,medium,2024-05-12,6,1,0,0,0.1678,966,935,60,0.0642,0
MEM-ORD,medium,2024-05-13,0,0,0,0,0.0,1470,1442,60,0.0416,0
MEM-ORD,medium,2024-05-14,1,0,0,0,0.0,1942,1895,83,0.0438,0
MEM-ORD,medium,2024-05-15,2,0,0,0,0.0532,1678,1646,73,0.0443,0
MEM-ORD,medium,2024-05-16,3,0,0,0,0.0865,1508,1458,66,0.0453,0
MEM-ORD,medium,2024-05-17,4,0,0,0,0.3083,1439,1409,51,0.0362,0
MEM-ORD,medium,2024-05-18,5,1,0,0,0.0,786,758,31,0.0409,0
MEM-ORD,medium,2024-05-19,6,1,0,0,0.226,794,767,31,0.0404,0
MEM-ORD,medium,2024-05-20,0,0,0,0,0.198,1714,1686,73,0.0433,0
MEM-ORD,medium,2024-05-21,1,0,0,0,0.2507,1445,1416,44,0.0311,0
MEM-ORD,medium,2024-05-22,2,0,0,0,0.1826,1706,1684,84,0.0499,0
MEM-ORD,medium,2024-05-23,3,0,0,0,0.1198,1705,1682,85,0.0505,0
MEM-ORD,medium,2024-05-24,4,0,0,0,0.0267,1556,1514,51,0.0337,0
MEM-ORD,medium,2024-05-25,5,1,0,0,0.271,808,790,44,0.0557,0
MEM-ORD,medium,2024-05-26,6,1,0,0,0.1583,942,908,56,0.0617,0
MEM-ORD,medium,2024-05-27,0,0,0,0,0.1471,1728,1698,88,0.0518,0
MEM-ORD,medium,2024-05-28,1,0,0,0,0.0141,1571,1526,71,0.0465,0
MEM-ORD,medium,2024-05-29,2,0,0,0,0.2827,1600,1547,56,0.0362,0
MEM-ORD,medium,2024-05-30,3,0,0,0,0.0,1642,1596,67,0.042,0
MEM-ORD,medium,2024-05-31,4,0,0,0,0.2055,1904,1868,83,0.0444,0
MEM-ORD,medium,2024-06-01,5,1,0,0,0.0,852,825,41,0.0497,0
MEM-ORD,medium,2024-06-02,6,1,0,0,0.1437,837,826,39,0.0472,0
MEM-ORD,medium,2024-06-03,0,0,0,0,0.1634,1524,1494,64,0.0428,0
MEM-ORD,medium,2024-06-04,1,0,0,0,0.1963,1756,1693,76,0.0449,0
MEM-ORD,medium,2024-06-05,2,0,0,0,0.2772,1790,1742,53,0.0304,0
MEM-ORD,medium,2024-06-06,3,0,0,0,0.18,1733,1704,68,0.0399,0
MEM-ORD,medium,2024-06-07,4,0,0,0,0.0316,1604,1552,76,0.049,0
MEM-ORD,medium,2024-06-08,5,1,0,0,0.1084,690,665,49,0.0737,0
MEM-ORD,medium,2024-06-09,6,1,0,0,0.1901,899,872,40,0.0459,0
MEM-ORD,medium,2024-06-10,0,0,0,0,0.0,1765,1710,73,0.0427,0
MEM-ORD,medium,2024-06-11,1,0,0,0,0.0667,1881,1827,71,0.0389,0
MEM-ORD,medium,2024-06-12,2,0,0,0,0.099,1714,1668,61,0.0366,0
MEM-ORD,medium,2024-06-13,3,0,0,0,0.1942,1591,1569,80,0.051,0
MEM-ORD,medium,2024-06-14,4,0,0,0,0.343,1600,1541,60,0.0389,0
MEM-ORD,medium,2024-06-15,5,1,0,0,0.162,900,887,67,0.0755,0
MEM-ORD,medium,2024-06-16,6,1,0,0,0.204,1072,1034,53,0.0513,0
MEM-ORD,medium,2024-06-17,0,0,0,0,0.1974,1860,1834,88,0.048,0
MEM-ORD,medium,2024-06-18,1,0,0,0,0.3155,1728,1703,67,0.0393,0
MEM-ORD,medium,2024-06-19,2,0,0,0,0.2974,1768,1705,88,0.0516,0
MEM-ORD,medium,2024-06-20,3,0,0,0,0.2055,1681,1658,69,0.0416,0
MEM-ORD,medium,2024-06-21,4,0,0,0,0.0,1613,1564,71,0.0454,0
MEM-ORD,medium,2024-06-22,5,1,0,0,0.2258,794,769,47,0.0611,0
MEM-ORD,medium,2024-06-23,6,1,0,0,0.175,1041,1014,52,0.0513,0
MEM-ORD,medium,2024-06-24,0,0,0,0,0.1667,1484,1446,63,0.0436,0
MEM-ORD,medium,2024-06-25,1,0,0,0,0.0443,1567,1538,63,0.041,0
MEM-ORD,medium,2024-06-26,2,0,0,0,0.1865,1517,1492,57,0.0382,0
MEM-ORD,medium,2024-06-27,3,0,0,0,0.2,1817,1758,71,0.0404,0
MEM-ORD,medium,2024-06-28,4,0,0,0,0.2887,1385,1353,64,0.0473,0
MEM-ORD,medium,2024-06-29,5,1,0,0,0.0,822,806,48,0.0596,0
MEM-ORD,medium,2024-06-30,6,1,0,0,0.2672,937,905,37,0.0409,0
MEM-ORD,medium,2024-07-01,0,0,0,0,0.0,1746,1702,79,0.0464,0
MEM-ORD,medium,2024-07-02,1,0,0,0,0.3328,1225,1190,60,0.0504,0
MEM-ORD,medium,2024-07-03,2,0,0,0,0.2088,1429,1382,49,0.0355,0
MEM-ORD,medium,2024-07-04,3,0,1,0,0.0394,415,407,12,0.0295,0
MEM-ORD,medium,2024-07-05,4,0,0,0,0.2304,1831,1808,72,0.0398,0
MEM-ORD,medium,2024-07-06,5,1,0,0,0.3211,913,892,49,0.0549,0
MEM-ORD,medium,2024-07-07,6,1,0,0,0.3067,858,840,45,0.0536,0
MEM-ORD,medium,2024-07-08,0,0,0,0,0.1468,1874,1808,72,0.0398,0
MEM-ORD,medium,2024-07-09,1,0,0,0,0.1843,1394,1355,49,0.0362,0
MEM-ORD,medium,2024-07-10,2,0,0,0,0.2766,1496,1461,68,0.0465,0
MEM-ORD,medium,2024-07-11,3,0,0,0,0.1798,1413,1377,75,0.0545,0
MEM-ORD,medium,2024-07-12,4,0,0,0,0.0249,1666,1616,70,0.0433,0
MEM-ORD,medium,2024-07-13,5,1,0,0,0.1164,945,916,51,0.0557,0
MEM-ORD,medium,2024-07-14,6,1,0,0,0.0,947,912,49,0.0537,0
MEM-ORD,medium,2024-07-15,0,0,0,0,0.1466,1703,1679,68,0.0405,0
MEM-ORD,medium,2024-07-16,1,0,0,0,0.0,1719,1696,67,0.0395,0
MEM-ORD,medium,2024-07-17,2,0,0,0,0.1827,1806,1783,72,0.0404,0
MEM-ORD,medium,2024-07-18,3,0,0,0,0.151,1604,1573,57,0.0362,0
MEM-ORD,medium,2024-07-19,4,0,0,0,0.2007,1668,1621,54,0.0333,0
MEM-ORD,medium,2024-07-20,5,1,0,0,0.0655,889,861,39,0.0453,0
MEM-ORD,medium,2024-07-21,6,1,0,0,0.1174,745,727,34,0.0468,0
MEM-ORD,medium,2024-07-22,0,0,0,0,0.224,1748,1694,72,0.0425,0
MEM-ORD,medium,2024-07-23,1,0,0,0,0.0605,1513,1488,54,0.0363,0
MEM-ORD,medium,2024-07-24,2,0,0,0,0.3052,1472,1434,62,0.0432,0
MEM-ORD,medium,2024-07-25,3,0,0,0,0.1787,1357,1340,44,0.0328,0
MEM-ORD,medium,2024-07-26,4,0,0,0,0.1256,1624,1584,69,0.0436,0
MEM-ORD,medium,2024-07-27,5,1,0,0,0.0,1033,996,53,0.0532,0
MEM-ORD,medium,2024-07-28,6,1,0,0,0.1204,984,971,47,0.0484,0
MEM-ORD,medium,2024-07-29,0,0,0,0,0.1258,1775,1713,89,0.052,0
MEM-ORD,medium,2024-07-30,1,0,0,0,0.1943,1633,1605,69,0.043,0
MEM-ORD,medium,2024-07-31,2,0,0,0,0.0,1635,1594,76,0.0477,0
MEM-ORD,medium,2024-08-01,3,0,0,0,0.3813,1816,1765,81,0.0459,0
MEM-ORD,medium,2024-08-02,4,0,0,0,0.2928,1668,1633,56,0.0343,0
MEM-ORD,medium,2024-08-03,5,1,0,0,0.0327,792,768,36,0.0469,0
MEM-ORD,medium,2024-08-04,6,1,0,0,0.0381,812,789,40,0.0507,0
MEM-ORD,medium,2024-08-05,0,0,0,0,0.2139,1578,1520,63,0.0414,0
MEM-ORD,medium,2024-08-06,1,0,0,0,0.1934,1600,1550,61,0.0394,0
MEM-ORD,medium,2024-08-07,2,0,0,0,0.0,1422,1371,51,0.0372,0
MEM-ORD,medium,2024-08-08,3,0,0,0,0.2628,1456,1409,55,0.039,0
MEM-ORD,medium,2024-08-09,4,0,0,0,0.0987,1416,1394,59,0.0423,0
MEM-ORD,medium,2024-08-10,5,1,0,0,0.2816,851,833,43,0.0516,0
MEM-ORD,medium,2024-08-11,6,1,0,0,0.9062,879,860,111,0.1291,1
MEM-ORD,medium,2024-08-12,0,0,0,0,0.8889,1398,1365,224,0.1641,1
MEM-ORD,medium,2024-08-13,1,0,0,0,0.0989,1740,1702,73,0.0429,0
MEM-ORD,medium,2024-08-14,2,0,0,0,0.336,1471,1446,82,0.0567,0
MEM-ORD,medium,2024-08-15,3,0,0,0,0.0655,1467,1420,51,0.0359,0
MEM-ORD,medium,2024-08-16,4,0,0,0,0.4325,1570,1535,66,0.043,0
MEM-ORD,medium,2024-08-17,5,1,0,0,0.1525,968,940,45,0.0479,0
MEM-ORD,medium,2024-08-18,6,1,0,0,0.3295,797,780,43,0.0551,0
MEM-ORD,medium,2024-08-19,0,0,0,0,0.2797,1562,1536,59,0.0384,0
MEM-ORD,medium,2024-08-20,1,0,0,0,0.4136,1687,1649,61,0.037,0
MEM-ORD,medium,2024-08-21,2,0,0,0,0.07,1598,1538,40,0.026,0
MEM-ORD,medium,2024-08-22,3,0,0,0,0.294,1667,1626,64,0.0394,0
MEM-ORD,medium,2024-08-23,4,0,0,0,0.2209,1893,1825,73,0.04,0
MEM-ORD,medium,2024-08-24,5,1,0,0,0.0792,760,748,37,0.0495,0
MEM-ORD,medium,2024-08-25,6,1,0,0,0.0901,938,917,45,0.0491,0
MEM-ORD,medium,2024-08-26,0,0,0,0,0.2342,1336,1297,73,0.0563,0
MEM-ORD,medium,2024-08-27,1,0,0,0,0.0,1852,1820,92,0.0505,0
MEM-ORD,medium,2024-08-28,2,0,0,0,0.035,1540,1490,55,0.0369,0
MEM-ORD,medium,2024-08-29,3,0,0,0,0.262,1687,1660,83,0.05,0
MEM-ORD,medium,2024-08-30,4,0,0,0,0.1451,1726,1666,72,0.0432,0
MEM-ORD,medium,2024-08-31,5,1,0,0,0.0568,831,804,37,0.046,0
MEM-ORD,medium,2024-09-01,6,1,0,0,0.2746,888,861,45,0.0523,0
MEM-ORD,medium,2024-09-02,0,0,0,0,0.3483,1665,1636,62,0.0379,0
MEM-ORD,medium,2024-09-03,1,0,0,0,0.311,1614,1575,60,0.0381,0
MEM-ORD,medium,2024-09-04,2,0,0,0,0.4689,1537,1506,75,0.0498,0
MEM-ORD,medium,2024-09-05,3,0,0,0,0.2514,1662,1624,68,0.0419,0
MEM-ORD,medium,2024-09-06,4,0,0,0,0.1838,1716,1684,79,0.0469,0
MEM-ORD,medium,2024-09-07,5,1,0,0,0.2911,781,760,42,0.0553,0
MEM-ORD,medium,2024-09-08,6,1,0,0,0.1259,888,855,51,0.0596,0
MEM-ORD,medium,2024-09-09,0,0,0,0,0.0678,1675,1645,86,0.0523,0
MEM-ORD,medium,2024-09-10,1,0,0,0,0.2837,1729,1678,76,0.0453,0
MEM-ORD,medium,2024-09-11,2,0,0,0,0.3086,1716,1693,69,0.0408,0
MEM-ORD,medium,2024-09-12,3,0,0,0,0.3679,1407,1373,66,0.0481,0
MEM-ORD,medium,2024-09-13,4,0,0,0,0.2221,1748,1683,64,0.038,0
MEM-ORD,medium,2024-09-14,5,1,0,0,0.0638,860,834,40,0.048,0
MEM-ORD,medium,2024-09-15,6,1,0,0,0.1982,864,837,36,0.043,0
MEM-ORD,medium,2024-09-16,0,0,0,0,0.0624,1746,1690,69,0.0408,0
MEM-ORD,medium,2024-09-17,1,0,0,0,0.157,1466,1429,77,0.0539,0
MEM-ORD,medium,2024-09-18,2,0,0,0,0.0971,1342,1306,55,0.0421,0
MEM-ORD,medium,2024-09-19,3,0,0,0,0.1039,1845,1811,85,0.0469,0
MEM-ORD,medium,2024-09-20,4,0,0,0,0.0,1538,1506,57,0.0378,0
MEM-ORD,medium,2024-09-21,5,1,0,0,0.0,782,768,48,0.0625,0
MEM-ORD,medium,2024-09-22,6,1,0,0,0.2558,1033,1019,61,0.0599,0
MEM-ORD,medium,2024-09-23,0,0,0,0,0.056,1620,1585,57,0.036,0
MEM-ORD,medium,2024-09-24,1,0,0,0,0.2158,1663,1612,58,0.036,0
MEM-ORD,medium,2024-09-25,2,0,0,0,0.0,1564,1514,50,0.033,0
MEM-ORD,medium,2024-09-26,3,0,0,0,0.0,1691,1645,65,0.0395,0
MEM-ORD,medium,2024-09-27,4,0,0,0,0.2022,1410,1385,58,0.0419,0
MEM-ORD,medium,2024-09-28,5,1,0,0,0.0,915,893,41,0.0459,0
MEM-ORD,medium,2024-09-29,6,1,0,0,0.1896,876,862,43,0.0499,0
MEM-ORD,medium,2024-09-30,0,0,0,0,0.2836,1844,1802,80,0.0444,0
MEM-ORD,medium,2024-10-01,1,0,0,0,0.0,1886,1838,81,0.0441,0
MEM-ORD,medium,2024-10-02,2,0,0,0,0.0,1342,1315,49,0.0373,0
MEM-ORD,medium,2024-10-03,3,0,0,0,0.1664,1559,1518,68,0.0448,0
MEM-ORD,medium,2024-10-04,4,0,0,0,0.1267,1639,1581,67,0.0424,0
MEM-ORD,medium,2024-10-05,5,1,0,0,0.1757,762,735,39,0.0531,0
MEM-ORD,medium,2024-10-06,6,1,0,0,0.0703,847,836,49,0.0586,0
MEM-ORD,medium,2024-10-07,0,0,0,0,0.2732,1780,1741,71,0.0408,0
MEM-ORD,medium,2024-10-08,1,0,0,0,0.0,1620,1562,88,0.0563,0
MEM-ORD,medium,2024-10-09,2,0,0,0,0.2994,1637,1596,74,0.0464,0
MEM-ORD,medium,2024-10-10,3,0,0,0,0.1569,1673,1613,61,0.0378,0
MEM-ORD,medium,2024-10-11,4,0,0,0,0.1539,1640,1603,61,0.0381,0
MEM-ORD,medium,2024-10-12,5,1,0,0,0.2659,795,775,42,0.0542,0
MEM-ORD,medium,2024-10-13,6,1,0,0,0.1251,914,893,40,0.0448,0
MEM-ORD,medium,2024-10-14,0,0,0,0,0.0175,1387,1347,57,0.0423,0
MEM-ORD,medium,2024-10-15,1,0,0,0,0.1362,1603,1574,68,0.0432,0
MEM-ORD,medium,2024-10-16,2,0,0,0,0.0882,1521,1473,58,0.0394,0
MEM-ORD,medium,2024-10-17,3,0,0,0,0.1041,1921,1852,78,0.0421,0
MEM-ORD,medium,2024-10-18,4,0,0,0,0.229,1503,1456,69,0.0474,0
MEM-ORD,medium,2024-10-19,5,1,0,0,0.1449,866,836,56,0.067,0
MEM-ORD,medium,2024-10-20,6,1,0,0,0.3195,983,947,58,0.0612,0
MEM-ORD,medium,2024-10-21,0,0,0,0,0.208,1507,1462,58,0.0397,0
MEM-ORD,medium,2024-10-22,1,0,0,0,0.2528,1543,1499,70,0.0467,0
MEM-ORD,medium,2024-10-23,2,0,0,0,0.3718,1961,1894,90,0.0475,0
MEM-ORD,medium,2024-10-24,3,0,0,0,0.4233,1509,1473,62,0.0421,0
MEM-ORD,medium,2024-10-25,4,0,0,0,0.1008,1528,1484,73,0.0492,0
MEM-ORD,medium,2024-10-26,5,1,0,0,0.9101,964,948,204,0.2152,1
MEM-ORD,medium,2024-10-27,6,1,0,0,0.4483,913,881,58,0.0658,0
MEM-ORD,medium,2024-10-28,0,0,0,0,0.0,1619,1577,56,0.0355,0
MEM-ORD,medium,2024-10-29,1,0,0,0,0.127,1645,1619,63,0.0389,0
MEM-ORD,medium,2024-10-30,2,0,0,0,0.2719,1598,1568,66,0.0421,0
MEM-ORD,medium,2024-10-31,3,0,0,0,0.2087,1576,1524,69,0.0453,0
MEM-ORD,medium,2024-11-01,4,0,0,0,0.344,1668,1617,65,0.0402,0
MEM-ORD,medium,2024-11-02,5,1,0,0,0.2833,969,934,56,0.06,0
MEM-ORD,medium,2024-11-03,6,1,0,0,0.0668,928,905,44,0.0486,0
MEM-ORD,medium,2024-11-04,0,0,0,0,0.2262,2028,1968,108,0.0549,0
MEM-ORD,medium,2024-11-05,1,0,0,0,0.1956,1546,1512,67,0.0443,0
MEM-ORD,medium,2024-11-06,2,0,0,0,0.0,1570,1529,72,0.0471,0
MEM-ORD,medium,2024-11-07,3,0,0,0,0.0959,1511,1478,59,0.0399,0
MEM-ORD,medium,2024-11-08,4,0,0,0,0.3296,1610,1556,70,0.045,0
MEM-ORD,medium,2024-11-09,5,1,0,0,0.3716,846,821,48,0.0585,0
MEM-ORD,medium,2024-11-10,6,1,0,0,0.1447,1041,1015,60,0.0591,0
MEM-ORD,medium,2024-11-11,0,0,1,0,0.0485,452,446,15,0.0336,0
MEM-ORD,medium,2024-11-12,1,0,0,0,0.1903,1716,1682,70,0.0416,0
MEM-ORD,medium,2024-11-13,2,0,0,0,0.6135,1893,1856,256,0.1379,1
MEM-ORD,medium,2024-11-14,3,0,0,0,0.6034,1797,1741,186,0.1068,1
MEM-ORD,medium,2024-11-15,4,0,0,0,0.1727,1785,1750,59,0.0337,0
MEM-ORD,medium,2024-11-16,5,1,0,0,0.0747,859,832,60,0.0721,0
MEM-ORD,medium,2024-11-17,6,1,0,0,0.0,837,809,31,0.0383,0
MEM-ORD,medium,2024-11-18,0,0,0,0,0.2084,1527,1484,61,0.0411,0
MEM-ORD,medium,2024-11-19,1,0,0,0,0.2331,1657,1598,67,0.0419,0
MEM-ORD,medium,2024-11-20,2,0,0,1,0.1111,2447,2414,155,0.0642,0
MEM-ORD,medium,2024-11-21,3,0,0,1,0.2278,2542,2491,181,0.0727,0
MEM-ORD,medium,2024-11-22,4,0,0,1,0.2287,2269,2237,157,0.0702,0
MEM-ORD,medium,2024-11-23,5,1,0,1,0.0,1444,1394,145,0.104,0
MEM-ORD,medium,2024-11-24,6,1,0,1,0.3623,1320,1281,123,0.096,0
MEM-ORD,medium,2024-11-25,0,0,0,1,0.2223,2343,2311,178,0.077,0
MEM-ORD,medium,2024-11-26,1,0,0,1,0.0,2575,2492,167,0.067,0
MEM-ORD,medium,2024-11-27,2,0,0,1,0.1924,2400,2343,158,0.0674,0
MEM-ORD,medium,2024-11-28,3,0,0,1,0.1313,2406,2334,166,0.0711,0
MEM-ORD,medium,2024-11-29,4,0,0,1,0.248,2490,2425,160,0.066,0
MEM-ORD,medium,2024-11-30,5,1,0,1,0.0845,1131,1108,109,0.0984,0
MEM-ORD,medium,2024-12-01,6,1,0,1,0.0695,1472,1448,125,0.0863,0
MEM-ORD,medium,2024-12-02,0,0,0,1,0.1747,2883,2830,206,0.0728,0
MEM-ORD,medium,2024-12-03,1,0,0,1,0.1674,2882,2839,191,0.0673,0
MEM-ORD,medium,2024-12-04,2,0,0,1,0.3423,2397,2340,176,0.0752,0
MEM-ORD,medium,2024-12-05,3,0,0,1,0.0,2178,2101,141,0.0671,0
MEM-ORD,medium,2024-12-06,4,0,0,1,0.0496,2745,2655,179,0.0674,0
MEM-ORD,medium,2024-12-07,5,1,0,1,0.151,1216,1178,110,0.0934,0
MEM-ORD,medium,2024-12-08,6,1,0,1,0.2107,1361,1324,128,0.0967,0
MEM-ORD,medium,2024-12-09,0,0,0,1,0.0292,2769,2710,171,0.0631,0
MEM-ORD,medium,2024-12-10,1,0,0,1,0.1019,2881,2819,180,0.0639,0
MEM-ORD,medium,2024-12-11,2,0,0,1,0.3293,2658,2619,222,0.0848,0
MEM-ORD,medium,2024-12-12,3,0,0,1,0.2292,2795,2704,203,0.0751,0
MEM-ORD,medium,2024-12-13,4,0,0,1,0.1965,2440,2365,163,0.0689,0
MEM-ORD,medium,2024-12-14,5,1,0,1,0.0758,1525,1484,146,0.0984,0
MEM-ORD,medium,2024-12-15,6,1,0,1,0.0,1309,1289,112,0.0869,0
MEM-ORD,medium,2024-12-16,0,0,0,1,0.073,2767,2722,184,0.0676,0
MEM-ORD,medium,2024-12-17,1,0,0,1,0.3056,2650,2572,168,0.0653,0
MEM-ORD,medium,2024-12-18,2,0,0,1,0.0975,2490,2417,168,0.0695,0
MEM-ORD,medium,2024-12-19,3,0,0,1,0.2018,2715,2660,198,0.0744,0
MEM-ORD,medium,2024-12-20,4,0,0,1,0.0444,2292,2217,169,0.0762,0
MEM-ORD,medium,2024-12-21,5,1,0,1,0.2683,1407,1377,139,0.1009,0
MEM-ORD,medium,2024-12-22,6,1,0,1,0.0477,1378,1335,136,0.1019,0
MEM-ORD,medium,2024-12-23,0,0,0,1,0.4003,2701,2642,203,0.0768,0
MEM-ORD,medium,2024-12-24,1,0,0,1,0.1774,2691,2656,202,0.0761,0
MEM-ORD,medium,2024-12-25,2,0,1,1,0.0,639,616,38,0.0617,0
MEM-ORD,medium,2024-12-26,3,0,0,1,0.2832,2426,2339,139,0.0594,0
MEM-ORD,medium,2024-12-27,4,0,0,0,0.0,1623,1581,61,0.0386,0
MEM-ORD,medium,2024-12-28,5,1,0,0,0.1765,1058,1018,59,0.058,0
MEM-ORD,medium,2024-12-29,6,1,0,0,0.2715,958,934,48,0.0514,0
MEM-ORD,medium,2024-12-30,0,0,0,0,0.1909,1540,1496,76,0.0508,0
MEM-ORD,medium,2024-12-31,1,0,0,0,0.1249,1471,1443,66,0.0457,0
MEM-ORD,medium,2025-01-01,2,0,1,0,0.0609,410,402,12,0.0299,0
MEM-ORD,medium,2025-01-02,3,0,0,0,0.0,1676,1623,80,0.0493,0
MEM-ORD,medium,2025-01-03,4,0,0,0,0.1897,1817,1768,76,0.043,0
MEM-ORD,medium,2025-01-04,5,1,0,0,0.0505,826,802,52,0.0648,0
MEM-ORD,medium,2025-01-05,6,1,0,0,0.2415,864,850,44,0.0518,0
MEM-ORD,medium,2025-01-06,0,0,0,0,0.1715,1409,1367,52,0.038,0
MEM-ORD,medium,2025-01-07,1,0,0,0,0.3264,1659,1605,70,0.0436,0
MEM-ORD,medium,2025-01-08,2,0,0,0,0.146,1683,1649,67,0.0406,0
MEM-ORD,medium,2025-01-09,3,0,0,0,0.2874,1634,1604,68,0.0424,0
MEM-ORD,medium,2025-01-10,4,0,0,0,0.1188,1439,1410,68,0.0482,0
MEM-ORD,medium,2025-01-11,5,1,0,0,0.231,950,929,50,0.0538,0
MEM-ORD,medium,2025-01-12,6,1,0,0,0.2654,930,897,42,0.0468,0
MEM-ORD,medium,2025-01-13,0,0,0,0,0.2114,1488,1439,53,0.0368,0
MEM-ORD,medium,2025-01-14,1,0,0,0,0.2252,1633,1599,62,0.0388,0
MEM-ORD,medium,2025-01-15,2,0,0,0,0.1468,1966,1930,79,0.0409,0
MEM-ORD,medium,2025-01-16,3,0,0,0,0.3469,1745,1723,67,0.0389,0
MEM-ORD,medium,2025-01-17,4,0,0,0,0.238,1658,1617,73,0.0451,0
MEM-ORD,medium,2025-01-18,5,1,0,0,0.2129,924,901,50,0.0555,0
MEM-ORD,medium,2025-01-19,6,1,0,0,0.3421,1006,974,47,0.0483,0
MEM-ORD,medium,2025-01-20,0,0,0,0,0.0585,1687,1664,72,0.0433,0
MEM-ORD,medium,2025-01-21,1,0,0,0,0.1136,1436,1410,60,0.0426,0
MEM-ORD,medium,2025-01-22,2,0,0,0,0.2157,1370,1340,74,0.0552,0
MEM-ORD,medium,2025-01-23,3,0,0,0,0.4571,1483,1463,61,0.0417,0
MEM-ORD,medium,2025-01-24,4,0,0,0,0.1393,1513,1472,56,0.038,0
MEM-ORD,medium,2025-01-25,5,1,0,0,0.1205,713,698,31,0.0444,0
MEM-ORD,medium,2025-01-26,6,1,0,0,0.0,718,696,43,0.0618,0
MEM-ORD,medium,2025-01-27,0,0,0,0,0.1773,1649,1595,71,0.0445,0
MEM-ORD,medium,2025-01-28,1,0,0,0,0.0,1738,1699,68,0.04,0
MEM-ORD,medium,2025-01-29,2,0,0,0,0.2101,1444,1398,69,0.0494,0
MEM-ORD,medium,2025-01-30,3,0,0,0,0.0928,1510,1489,65,0.0437,0
MEM-ORD,medium,2025-01-31,4,0,0,0,0.0855,1885,1830,79,0.0432,0
MEM-ORD,medium,2025-02-01,5,1,0,0,0.2686,784,763,52,0.0682,0
MEM-ORD,medium,2025-02-02,6,1,0,0,0.3249,827,816,33,0.0404,0
MEM-ORD,medium,2025-02-03,0,0,0,0,0.1652,1645,1603,60,0.0374,0
MEM-ORD,medium,2025-02-04,1,0,0,0,0.0905,1485,1454,60,0.0413,0
MEM-ORD,medium,2025-02-05,2,0,0,0,0.0586,1501,1456,80,0.0549,0
MEM-ORD,medium,2025-02-06,3,0,0,0,0.0768,1406,1380,49,0.0355,0
MEM-ORD,medium,2025-02-07,4,0,0,0,0.3092,1373,1325,46,0.0347,0
MEM-ORD,medium,2025-02-08,5,1,0,0,0.2561,860,832,40,0.0481,0
MEM-ORD,medium,2025-02-09,6,1,0,0,0.1382,818,806,42,0.0521,0
MEM-ORD,medium,2025-02-10,0,0,0,0,0.1593,1649,1627,67,0.0412,0
MEM-ORD,medium,2025-02-11,1,0,0,0,0.1082,1500,1468,59,0.0402,0
MEM-ORD,medium,2025-02-12,2,0,0,0,0.0763,1721,1699,65,0.0383,0
MEM-ORD,medium,2025-02-13,3,0,0,0,0.1371,1627,1598,56,0.035,0
MEM-ORD,medium,2025-02-14,4,0,0,0,0.2562,1764,1719,66,0.0384,0
MEM-ORD,medium,2025-02-15,5,1,0,0,0.0188,1060,1035,56,0.0541,0
MEM-ORD,medium,2025-02-16,6,1,0,0,0.1341,854,837,42,0.0502,0
MEM-ORD,medium,2025-02-17,0,0,0,0,0.2304,1499,1478,68,0.046,0
MEM-ORD,medium,2025-02-18,1,0,0,0,0.029,1656,1600,61,0.0381,0
MEM-ORD,medium,2025-02-19,2,0,0,0,0.0,1380,1350,61,0.0452,0
MEM-ORD,medium,2025-02-20,3,0,0,0,0.1694,1557,1516,73,0.0482,0
MEM-ORD,medium,2025-02-21,4,0,0,0,0.1374,1593,1543,68,0.0441,0
MEM-ORD,medium,2025-02-22,5,1,0,0,0.1791,847,823,32,0.0389,0
MEM-ORD,medium,2025-02-23,6,1,0,0,0.2803,873,853,35,0.041,0
MEM-ORD,medium,2025-02-24,0,0,0,0,0.0294,1754,1700,66,0.0388,0
MEM-ORD,medium,2025-02-25,1,0,0,0,0.2221,1430,1397,68,0.0487,0
MEM-ORD,medium,2025-02-26,2,0,0,0,0.2567,1617,1560,67,0.0429,0
MEM-ORD,medium,2025-02-27,3,0,0,0,0.235,1780,1736,68,0.0392,0
MEM-ORD,medium,2025-02-28,4,0,0,0,0.2525,1633,1578,73,0.0463,0
MEM-ORD,medium,2025-03-01,5,1,0,0,0.255,852,839,55,0.0656,0
MEM-ORD,medium,2025-03-02,6,1,0,0,0.0,985,959,53,0.0553,0
MEM-ORD,medium,2025-03-03,0,0,0,0,0.1405,1866,1815,76,0.0419,0
MEM-ORD,medium,2025-03-04,1,0,0,0,0.04,1693,1639,62,0.0378,0
MEM-ORD,medium,2025-03-05,2,0,0,0,0.1958,1342,1311,58,0.0442,0
MEM-ORD,medium,2025-03-06,3,0,0,0,0.1316,1697,1641,66,0.0402,0
MEM-ORD,medium,2025-03-07,4,0,0,0,0.5828,1745,1680,196,0.1167,1
MEM-ORD,medium,2025-03-08,5,1,0,0,0.1967,924,891,40,0.0449,0
MEM-ORD,medium,2025-03-09,6,1,0,0,0.2366,902,870,47,0.054,0
MEM-ORD,medium,2025-03-10,0,0,0,0,0.1445,1503,1455,62,0.0426,0
MEM-ORD,medium,2025-03-11,1,0,0,0,0.0,1723,1685,69,0.0409,0
MEM-ORD,medium,2025-03-12,2,0,0,0,0.2282,1644,1595,66,0.0414,0
MEM-ORD,medium,2025-03-13,3,0,0,0,0.1333,1711,1650,61,0.037,0
MEM-ORD,medium,2025-03-14,4,0,0,0,0.1706,1563,1517,70,0.0461,0
MEM-ORD,medium,2025-03-15,5,1,0,0,0.0576,834,813,44,0.0541,0
MEM-ORD,medium,2025-03-16,6,1,0,0,0.0,925,899,52,0.0578,0
MEM-ORD,medium,2025-03-17,0,0,0,0,0.1807,1800,1751,74,0.0423,0
MEM-ORD,medium,2025-03-18,1,0,0,0,0.2343,2033,1990,96,0.0482,0
MEM-ORD,medium,2025-03-19,2,0,0,0,0.0,1676,1621,67,0.0413,0
MEM-ORD,medium,2025-03-20,3,0,0,0,0.1827,1431,1391,46,0.0331,0
MEM-ORD,medium,2025-03-21,4,0,0,0,0.0867,1712,1658,60,0.0362,0
MEM-ORD,medium,2025-03-22,5,1,0,0,0.3451,842,818,44,0.0538,0
MEM-ORD,medium,2025-03-23,6,1,0,0,0.0669,948,931,36,0.0387,0
MEM-ORD,medium,2025-03-24,0,0,0,0,0.0216,1634,1593,66,0.0414,0
MEM-ORD,medium,2025-03-25,1,0,0,0,0.198,1579,1529,69,0.0451,0
MEM-ORD,medium,2025-03-26,2,0,0,0,0.0801,1658,1625,65,0.04,0
MEM-ORD,medium,2025-03-27,3,0,0,0,0.0176,1694,1649,78,0.0473,0
MEM-ORD,medium,2025-03-28,4,0,0,0,0.1499,1588,1547,59,0.0381,0
MEM-ORD,medium,2025-03-29,5,1,0,0,0.0316,809,782,44,0.0563,0
MEM-ORD,medium,2025-03-30,6,1,0,0,0.1731,899,876,58,0.0662,0
MEM-ORD,medium,2025-03-31,0,0,0,0,0.2414,1485,1439,57,0.0396,0
MEM-ORD,medium,2025-04-01,1,0,0,0,0.2617,1440,1414,70,0.0495,0
MEM-ORD,medium,2025-04-02,2,0,0,0,0.2167,1679,1640,80,0.0488,0
MEM-ORD,medium,2025-04-03,3,0,0,0,0.2141,1338,1305,52,0.0398,0
MEM-ORD,medium,2025-04-04,4,0,0,0,0.0,1348,1309,55,0.042,0
MEM-ORD,medium,2025-04-05,5,1,0,0,0.0,941,924,49,0.053,0
MEM-ORD,medium,2025-04-06,6,1,0,0,0.0639,702,692,41,0.0592,0
MEM-ORD,medium,2025-04-07,0,0,0,0,0.011,1546,1519,56,0.0369,0
MEM-ORD,medium,2025-04-08,1,0,0,0,0.1237,1512,1467,61,0.0416,0
MEM-ORD,medium,2025-04-09,2,0,0,0,0.3511,1651,1598,59,0.0369,0
MEM-ORD,medium,2025-04-10,3,0,0,0,0.1672,1736,1680,78,0.0464,0
MEM-ORD,medium,2025-04-11,4,0,0,0,0.1398,1678,1630,64,0.0393,0
MEM-ORD,medium,2025-04-12,5,1,0,0,0.1991,935,921,53,0.0575,0
MEM-ORD,medium,2025-04-13,6,1,0,0,0.2213,882,860,50,0.0581,0
MEM-ORD,medium,2025-04-14,0,0,0,0,0.3157,1923,1892,84,0.0444,0
MEM-ORD,medium,2025-04-15,1,0,0,0,0.2402,1765,1721,57,0.0331,0
MEM-ORD,medium,2025-04-16,2,0,0,0,0.1222,1694,1649,86,0.0522,0
MEM-ORD,medium,2025-04-17,3,0,0,0,0.247,1737,1694,67,0.0396,0
MEM-ORD,medium,2025-04-18,4,0,0,0,0.4082,1948,1898,78,0.0411,0
MEM-ORD,medium,2025-04-19,5,1,0,0,0.1441,818,791,41,0.0518,0
MEM-ORD,medium,2025-04-20,6,1,0,0,0.3473,815,795,54,0.0679,0
MEM-ORD,medium,2025-04-21,0,0,0,0,0.0,1648,1626,69,0.0424,0
MEM-ORD,medium,2025-04-22,1,0,0,0,0.0709,1652,1617,72,0.0445,0
MEM-ORD,medium,2025-04-23,2,0,0,0,0.0292,1653,1596,70,0.0439,0
MEM-ORD,medium,2025-04-24,3,0,0,0,0.0784,1529,1480,58,0.0392,0
MEM-ORD,medium,2025-04-25,4,0,0,0,0.0,1390,1369,65,0.0475,0
MEM-ORD,medium,2025-04-26,5,1,0,0,0.2637,917,905,51,0.0564,0
MEM-ORD,medium,2025-04-27,6,1,0,0,0.1323,1034,1006,46,0.0457,0
MEM-ORD,medium,2025-04-28,0,0,0,0,0.1011,1850,1826,76,0.0416,0
MEM-ORD,medium,2025-04-29,1,0,0,0,0.254,1594,1574,61,0.0388,0
MEM-ORD,medium,2025-04-30,2,0,0,0,0.0812,1569,1531,70,0.0457,0
MEM-ORD,medium,2025-05-01,3,0,0,0,0.0838,1742,1699,77,0.0453,0
MEM-ORD,medium,2025-05-02,4,0,0,0,0.0,1709,1686,71,0.0421,0
MEM-ORD,medium,2025-05-03,5,1,0,0,0.1726,820,792,33,0.0417,0
MEM-ORD,medium,2025-05-04,6,1,0,0,0.2513,1068,1050,50,0.0476,0
MEM-ORD,medium,2025-05-05,0,0,0,0,0.2188,1685,1657,56,0.0338,0
MEM-ORD,medium,2025-05-06,1,0,0,0,0.037,1493,1458,56,0.0384,0
MEM-ORD,medium,2025-05-07,2,0,0,0,0.2096,1738,1716,64,0.0373,0
MEM-ORD,medium,2025-05-08,3,0,0,0,0.0473,1720,1681,78,0.0464,0
MEM-ORD,medium,2025-05-09,4,0,0,0,0.0,1648,1597,66,0.0413,0
MEM-ORD,medium,2025-05-10,5,1,0,0,0.2351,883,871,52,0.0597,0
MEM-ORD,medium,2025-05-11,6,1,0,0,0.0,954,942,56,0.0594,0
MEM-ORD,medium,2025-05-12,0,0,0,0,0.2677,1772,1707,66,0.0387,0
MEM-ORD,medium,2025-05-13,1,0,0,0,0.2711,1814,1751,56,0.032,0
MEM-ORD,medium,2025-05-14,2,0,0,0,0.1366,1532,1487,67,0.0451,0
MEM-ORD,medium,2025-05-15,3,0,0,0,0.1791,1599,1548,55,0.0355,0
MEM-ORD,medium,2025-05-16,4,0,0,0,0.1371,1412,1363,61,0.0448,0
MEM-ORD,medium,2025-05-17,5,1,0,0,0.0,851,831,48,0.0578,0
MEM-ORD,medium,2025-05-18,6,1,0,0,0.2905,911,890,55,0.0618,0
MEM-ORD,medium,2025-05-19,0,0,0,0,0.0,1758,1728,81,0.0469,0
MEM-ORD,medium,2025-05-20,1,0,0,0,0.1573,1591,1544,52,0.0337,0
MEM-ORD,medium,2025-05-21,2,0,0,0,0.0,1465,1417,48,0.0339,0
MEM-ORD,medium,2025-05-22,3,0,0,0,0.1397,1705,1642,66,0.0402,0
MEM-ORD,medium,2025-05-23,4,0,0,0,0.7571,1490,1447,244,0.1686,1
MEM-ORD,medium,2025-05-24,5,1,0,0,0.6024,783,763,116,0.152,1
MEM-ORD,medium,2025-05-25,6,1,0,0,0.2613,836,805,53,0.0658,0
MEM-ORD,medium,2025-05-26,0,0,0,0,0.0792,1552,1498,60,0.0401,0
MEM-ORD,medium,2025-05-27,1,0,0,0,0.3091,1770,1712,83,0.0485,0
MEM-ORD,medium,2025-05-28,2,0,0,0,0.2479,1222,1177,52,0.0442,0
MEM-ORD,medium,2025-05-29,3,0,0,0,0.0637,1602,1579,61,0.0386,0
MEM-ORD,medium,2025-05-30,4,0,0,0,0.523,1662,1622,76,0.0469,0
MEM-ORD,medium,2025-05-31,5,1,0,0,0.038,855,826,40,0.0484,0
MEM-ORD,medium,2025-06-01,6,1,0,0,0.192,810,794,36,0.0453,0
MEM-ORD,medium,2025-06-02,0,0,0,0,0.199,1519,1497,78,0.0521,0
MEM-ORD,medium,2025-06-03,1,0,0,0,0.2988,2014,1956,87,0.0445,0
MEM-ORD,medium,2025-06-04,2,0,0,0,0.0,1403,1377,55,0.0399,0
MEM-ORD,medium,2025-06-05,3,0,0,0,0.0466,1882,1813,70,0.0386,0
MEM-ORD,medium,2025-06-06,4,0,0,0,0.0707,1636,1587,62,0.0391,0
MEM-ORD,medium,2025-06-07,5,1,0,0,0.2551,999,965,60,0.0622,0
MEM-ORD,medium,2025-06-08,6,1,0,0,0.1094,750,727,35,0.0481,0
MEM-ORD,medium,2025-06-09,0,0,0,0,0.0,1592,1569,69,0.044,0
MEM-ORD,medium,2025-06-10,1,0,0,0,0.2959,1762,1730,60,0.0347,0
MEM-ORD,medium,2025-06-11,2,0,0,0,0.066,1750,1694,65,0.0384,0
MEM-ORD,medium,2025-06-12,3,0,0,0,0.0612,1583,1529,49,0.032,0
MEM-ORD,medium,2025-06-13,4,0,0,0,0.2326,1363,1325,53,0.04,0
MEM-ORD,medium,2025-06-14,5,1,0,0,0.2348,802,786,43,0.0547,0
MEM-ORD,medium,2025-06-15,6,1,0,0,0.2602,743,725,30,0.0414,0
MEM-ORD,medium,2025-06-16,0,0,0,0,0.2203,1482,1432,69,0.0482,0
MEM-ORD,medium,2025-06-17,1,0,0,0,0.1189,1183,1139,43,0.0378,0
MEM-ORD,medium,2025-06-18,2,0,0,0,0.3666,1708,1679,63,0.0375,0
MEM-ORD,medium,2025-06-19,3,0,0,0,0.3231,1675,1643,51,0.031,0
MEM-ORD,medium,2025-06-20,4,0,0,0,0.1666,1642,1592,76,0.0477,0
MEM-ORD,medium,2025-06-21,5,1,0,0,0.0,785,757,41,0.0542,0
MEM-ORD,medium,2025-06-22,6,1,0,0,0.2535,1094,1076,59,0.0548,0
MEM-ORD,medium,2025-06-23,0,0,0,0,0.0,1401,1360,68,0.05,0
MEM-ORD,medium,2025-06-24,1,0,0,0,0.3146,1513,1460,64,0.0438,0
MEM-ORD,medium,2025-06-25,2,0,0,0,0.2215,1449,1399,60,0.0429,0
MEM-ORD,medium,2025-06-26,3,0,0,0,0.0103,1684,1661,68,0.0409,0
MEM-ORD,medium,2025-06-27,4,0,0,0,0.0,1640,1613,63,0.0391,0
MEM-ORD,medium,2025-06-28,5,1,0,0,0.0174,827,812,53,0.0653,0
MEM-ORD,medium,2025-06-29,6,1,0,0,0.1564,800,781,46,0.0589,0
MEM-ORD,medium,2025-06-30,0,0,0,0,0.0267,1717,1695,65,0.0383,0
MEM-ORD,medium,2025-07-01,1,0,0,0,0.1575,1319,1300,57,0.0438,0
MEM-ORD,medium,2025-07-02,2,0,0,0,0.0,1759,1700,81,0.0476,0
MEM-ORD,medium,2025-07-03,3,0,0,0,0.3366,1810,1776,95,0.0535,0
MEM-ORD,medium,2025-07-04,4,0,1,0,0.0455,381,373,13,0.0349,0
MEM-ORD,medium,2025-07-05,5,1,0,0,0.254,903,891,53,0.0595,0
MEM-ORD,medium,2025-07-06,6,1,0,0,0.2032,854,830,60,0.0723,0
MEM-ORD,medium,2025-07-07,0,0,0,0,0.0818,1527,1503,66,0.0439,0
MEM-ORD,medium,2025-07-08,1,0,0,0,0.2817,1610,1579,71,0.045,0
MEM-ORD,medium,2025-07-09,2,0,0,0,0.1804,1959,1914,76,0.0397,0
MEM-ORD,medium,2025-07-10,3,0,0,0,0.2223,1654,1601,59,0.0369,0
MEM-ORD,medium,2025-07-11,4,0,0,0,0.1121,1776,1737,70,0.0403,0
MEM-ORD,medium,2025-07-12,5,1,0,0,0.2658,750,731,40,0.0547,0
MEM-ORD,medium,2025-07-13,6,1,0,0,0.2175,745,734,36,0.049,0
MEM-ORD,medium,2025-07-14,0,0,0,0,0.1622,1782,1756,77,0.0438,0
MEM-ORD,medium,2025-07-15,1,0,0,0,0.3299,1869,1839,67,0.0364,0
MEM-ORD,medium,2025-07-16,2,0,0,0,0.22,1663,1617,66,0.0408,0
MEM-ORD,medium,2025-07-17,3,0,0,0,0.0366,1765,1740,75,0.0431,0
MEM-ORD,medium,2025-07-18,4,0,0,0,0.27,1978,1934,98,0.0507,0
MEM-ORD,medium,2025-07-19,5,1,0,0,0.0,747,732,41,0.056,0
MEM-ORD,medium,2025-07-20,6,1,0,0,0.0504,1009,995,64,0.0643,0
MEM-ORD,medium,2025-07-21,0,0,0,0,0.2547,1827,1787,92,0.0515,0
MEM-ORD,medium,2025-07-22,1,0,0,0,0.1371,1414,1363,47,0.0345,0
MEM-ORD,medium,2025-07-23,2,0,0,0,0.0562,1517,1461,60,0.0411,0
MEM-ORD,medium,2025-07-24,3,0,0,0,0.0,1870,1817,89,0.049,0
MEM-ORD,medium,2025-07-25,4,0,0,0,0.3067,1819,1764,81,0.0459,0
MEM-ORD,medium,2025-07-26,5,1,0,0,0.3527,881,851,42,0.0494,0
MEM-ORD,medium,2025-07-27,6,1,0,0,0.0,884,856,51,0.0596,0
MEM-ORD,medium,2025-07-28,0,0,0,0,0.1708,1627,1601,65,0.0406,0
MEM-ORD,medium,2025-07-29,1,0,0,0,0.3202,1579,1547,64,0.0414,0
MEM-ORD,medium,2025-07-30,2,0,0,0,0.1719,1565,1524,67,0.044,0
MEM-ORD,medium,2025-07-31,3,0,0,0,0.8164,1704,1670,295,0.1766,1
MEM-ORD,medium,2025-08-01,4,0,0,0,0.4805,1522,1479,254,0.1717,1
MEM-ORD,medium,2025-08-02,5,1,0,0,0.3183,745,720,116,0.1611,1
MEM-ORD,medium,2025-08-03,6,1,0,0,0.195,763,736,33,0.0448,0
MEM-ORD,medium,2025-08-04,0,0,0,0,0.1189,1806,1755,74,0.0422,0
MEM-ORD,medium,2025-08-05,1,0,0,0,0.035,1834,1807,80,0.0443,0
MEM-ORD,medium,2025-08-06,2,0,0,0,0.2444,1641,1607,60,0.0373,0
MEM-ORD,medium,2025-08-07,3,0,0,0,0.2749,1538,1484,73,0.0492,0
MEM-ORD,medium,2025-08-08,4,0,0,0,0.0,1416,1365,56,0.041,0
MEM-ORD,medium,2025-08-09,5,1,0,0,0.0555,849,835,44,0.0527,0
MEM-ORD,medium,2025-08-10,6,1,0,0,0.2029,906,890,48,0.0539,0
MEM-ORD,medium,2025-08-11,0,0,0,0,0.2437,1575,1542,62,0.0402,0
MEM-ORD,medium,2025-08-12,1,0,0,0,0.1673,1633,1595,60,0.0376,0
MEM-ORD,medium,2025-08-13,2,0,0,0,0.0637,1700,1670,68,0.0407,0
MEM-ORD,medium,2025-08-14,3,0,0,0,0.1651,1659,1614,75,0.0465,0
MEM-ORD,medium,2025-08-15,4,0,0,0,0.2995,1747,1703,69,0.0405,0
MEM-ORD,medium,2025-08-16,5,1,0,0,0.2941,910,885,37,0.0418,0
MEM-ORD,medium,2025-08-17,6,1,0,0,0.4119,808,791,49,0.0619,0
MEM-ORD,medium,2025-08-18,0,0,0,0,0.2458,1613,1573,71,0.0451,0
MEM-ORD,medium,2025-08-19,1,0,0,0,0.1038,1468,1436,60,0.0418,0
MEM-ORD,medium,2025-08-20,2,0,0,0,0.0548,1539,1516,65,0.0429,0
MEM-ORD,medium,2025-08-21,3,0,0,0,0.196,1750,1701,70,0.0412,0
MEM-ORD,medium,2025-08-22,4,0,0,0,0.3139,1547,1526,75,0.0491,0
MEM-ORD,medium,2025-08-23,5,1,0,0,0.3159,765,744,32,0.043,0
MEM-ORD,medium,2025-08-24,6,1,0,0,0.1935,770,741,39,0.0526,0
MEM-ORD,medium,2025-08-25,0,0,0,0,0.3399,1516,1473,68,0.0462,0
MEM-ORD,medium,2025-08-26,1,0,0,0,0.0628,1866,1842,81,0.044,0
MEM-ORD,medium,2025-08-27,2,0,0,0,0.0,1667,1631,57,0.0349,0
MEM-ORD,medium,2025-08-28,3,0,0,0,0.234,1644,1600,71,0.0444,0
MEM-ORD,medium,2025-08-29,4,0,0,0,0.1097,1669,1633,72,0.0441,0
MEM-ORD,medium,2025-08-30,5,1,0,0,0.4818,913,892,43,0.0482,0
MEM-ORD,medium,2025-08-31,6,1,0,0,0.2784,895,867,64,0.0738,0
MEM-ORD,medium,2025-09-01,0,0,0,0,0.0,1663,1627,65,0.04,0
MEM-ORD,medium,2025-09-02,1,0,0,0,0.03,1528,1487,51,0.0343,0
MEM-ORD,medium,2025-09-03,2,0,0,0,0.0167,1470,1449,48,0.0331,0
MEM-ORD,medium,2025-09-04,3,0,0,0,0.1806,1461,1411,70,0.0496,0
MEM-ORD,medium,2025-09-05,4,0,0,0,0.3646,1808,1769,70,0.0396,0
MEM-ORD,medium,2025-09-06,5,1,0,0,0.1778,926,914,47,0.0514,0
MEM-ORD,medium,2025-09-07,6,1,0,0,0.0933,802,779,33,0.0424,0
MEM-ORD,medium,2025-09-08,0,0,0,0,0.0733,1891,1853,81,0.0437,0
MEM-ORD,medium,2025-09-09,1,0,0,0,0.1257,1660,1634,79,0.0483,0
MEM-ORD,medium,2025-09-10,2,0,0,0,0.354,1541,1509,58,0.0384,0
MEM-ORD,medium,2025-09-11,3,0,0,0,0.2825,1627,1585,69,0.0435,0
MEM-ORD,medium,2025-09-12,4,0,0,0,0.303,1437,1397,52,0.0372,0
MEM-ORD,medium,2025-09-13,5,1,0,0,0.2547,968,955,51,0.0534,0
MEM-ORD,medium,2025-09-14,6,1,0,0,0.0618,1028,1014,62,0.0611,0
MEM-ORD,medium,2025-09-15,0,0,0,0,0.1072,1706,1651,77,0.0466,0
MEM-ORD,medium,2025-09-16,1,0,0,0,0.2354,1779,1728,67,0.0388,0
MEM-ORD,medium,2025-09-17,2,0,0,0,0.4184,1806,1744,76,0.0436,0
MEM-ORD,medium,2025-09-18,3,0,0,0,0.0473,1822,1790,63,0.0352,0
MEM-ORD,medium,2025-09-19,4,0,0,0,0.3142,1660,1626,73,0.0449,0
MEM-ORD,medium,2025-09-20,5,1,0,0,0.2628,814,800,54,0.0675,0
MEM-ORD,medium,2025-09-21,6,1,0,0,0.2351,793,769,49,0.0637,0
MEM-ORD,medium,2025-09-22,0,0,0,0,0.0,1547,1528,60,0.0393,0
MEM-ORD,medium,2025-09-23,1,0,0,0,0.0915,1373,1352,67,0.0496,0
MEM-ORD,medium,2025-09-24,2,0,0,0,0.2204,1496,1454,59,0.0406,0
MEM-ORD,medium,2025-09-25,3,0,0,0,0.2388,1756,1698,67,0.0395,0
MEM-ORD,medium,2025-09-26,4,0,0,0,0.1462,1564,1533,77,0.0502,0
MEM-ORD,medium,2025-09-27,5,1,0,0,0.2996,776,757,52,0.0687,0
MEM-ORD,medium,2025-09-28,6,1,0,0,0.2848,927,894,53,0.0593,0
MEM-ORD,medium,2025-09-29,0,0,0,0,0.1554,1275,1229,51,0.0415,0
MEM-ORD,medium,2025-09-30,1,0,0,0,0.2016,1597,1566,65,0.0415,0
MEM-ORD,medium,2025-10-01,2,0,0,0,0.2273,1504,1455,70,0.0481,0
MEM-ORD,medium,2025-10-02,3,0,0,0,0.1489,1576,1552,62,0.0399,0
MEM-ORD,medium,2025-10-03,4,0,0,0,0.0396,1448,1398,54,0.0386,0
MEM-ORD,medium,2025-10-04,5,1,0,0,0.051,1067,1047,49,0.0468,0
MEM-ORD,medium,2025-10-05,6,1,0,0,0.3261,755,744,40,0.0538,0
MEM-ORD,medium,2025-10-06,0,0,0,0,0.0371,1821,1797,71,0.0395,0
MEM-ORD,medium,2025-10-07,1,0,0,0,0.0,1564,1540,53,0.0344,0
MEM-ORD,medium,2025-10-08,2,0,0,0,0.1467,1637,1608,71,0.0442,0
MEM-ORD,medium,2025-10-09,3,0,0,0,0.2176,1520,1480,66,0.0446,0
MEM-ORD,medium,2025-10-10,4,0,0,0,0.0978,1695,1653,83,0.0502,0
MEM-ORD,medium,2025-10-11,5,1,0,0,0.1722,793,772,25,0.0324,0
MEM-ORD,medium,2025-10-12,6,1,0,0,0.2119,979,943,48,0.0509,0
MEM-ORD,medium,2025-10-13,0,0,0,0,0.1281,1401,1375,54,0.0393,0
MEM-ORD,medium,2025-10-14,1,0,0,0,0.0637,1814,1774,73,0.0411,0
MEM-ORD,medium,2025-10-15,2,0,0,0,0.243,1624,1570,81,0.0516,0
MEM-ORD,medium,2025-10-16,3,0,0,0,0.3117,1571,1519,48,0.0316,0
MEM-ORD,medium,2025-10-17,4,0,0,0,0.6677,1536,1502,161,0.1072,1
MEM-ORD,medium,2025-10-18,5,1,0,0,0.7084,880,852,191,0.2242,1
MEM-ORD,medium,2025-10-19,6,1,0,0,0.8125,851,822,126,0.1533,1
MEM-ORD,medium,2025-10-20,0,0,0,0,0.0159,1481,1457,47,0.0323,0
MEM-ORD,medium,2025-10-21,1,0,0,0,0.1043,1443,1422,53,0.0373,0
MEM-ORD,medium,2025-10-22,2,0,0,0,0.0,1749,1714,58,0.0338,0
MEM-ORD,medium,2025-10-23,3,0,0,0,0.2196,1781,1737,80,0.0461,0
MEM-ORD,medium,2025-10-24,4,0,0,0,0.0616,1627,1567,63,0.0402,0
MEM-ORD,medium,2025-10-25,5,1,0,0,0.291,931,911,66,0.0724,0
MEM-ORD,medium,2025-10-26,6,1,0,0,0.2744,920,904,45,0.0498,0
MEM-ORD,medium,2025-10-27,0,0,0,0,0.0,1552,1502,68,0.0453,0
MEM-ORD,medium,2025-10-28,1,0,0,0,0.0027,1461,1436,53,0.0369,0
MEM-ORD,medium,2025-10-29,2,0,0,0,0.0933,1970,1938,96,0.0495,0
MEM-ORD,medium,2025-10-30,3,0,0,0,0.1239,1545,1508,62,0.0411,0
MEM-ORD,medium,2025-10-31,4,0,0,0,0.1419,1953,1910,83,0.0435,0
MEM-ORD,medium,2025-11-01,5,1,0,0,0.2484,925,902,40,0.0443,0
MEM-ORD,medium,2025-11-02,6,1,0,0,0.3656,861,831,53,0.0638,0
MEM-ORD,medium,2025-11-03,0,0,0,0,0.0294,1542,1496,55,0.0368,0
MEM-ORD,medium,2025-11-04,1,0,0,0,0.394,1581,1535,60,0.0391,0
MEM-ORD,medium,2025-11-05,2,0,0,0,0.3726,1768,1709,67,0.0392,0
MEM-ORD,medium,2025-11-06,3,0,0,0,0.0909,1651,1610,63,0.0391,0
MEM-ORD,medium,2025-11-07,4,0,0,0,0.2211,1773,1737,80,0.0461,0
MEM-ORD,medium,2025-11-08,5,1,0,0,0.3441,889,862,49,0.0568,0
MEM-ORD,medium,2025-11-09,6,1,0,0,0.8235,747,731,145,0.1984,1
MEM-ORD,medium,2025-11-10,0,0,0,0,1.0,1521,1472,214,0.1454,1
MEM-ORD,medium,2025-11-11,1,0,1,0,0.1915,434,423,19,0.0449,0
MEM-ORD,medium,2025-11-12,2,0,0,0,0.0901,1575,1518,67,0.0441,0
MEM-ORD,medium,2025-11-13,3,0,0,0,0.3817,1336,1288,40,0.0311,0
MEM-ORD,medium,2025-11-14,4,0,0,0,0.0084,1771,1719,62,0.0361,0
MEM-ORD,medium,2025-11-15,5,1,0,0,0.2344,700,675,39,0.0578,0
MEM-ORD,medium,2025-11-16,6,1,0,0,0.1148,796,772,45,0.0583,0
MEM-ORD,medium,2025-11-17,0,0,0,0,0.0589,1431,1377,65,0.0472,0
MEM-ORD,medium,2025-11-18,1,0,0,0,0.0967,1722,1699,72,0.0424,0
MEM-ORD,medium,2025-11-19,2,0,0,0,0.1343,1725,1682,78,0.0464,0
MEM-ORD,medium,2025-11-20,3,0,0,1,0.0691,2479,2428,185,0.0762,0
MEM-ORD,medium,2025-11-21,4,0,0,1,0.461,3050,2938,212,0.0722,0
MEM-ORD,medium,2025-11-22,5,1,0,1,0.3307,1435,1417,136,0.096,0
MEM-ORD,medium,2025-11-23,6,1,0,1,0.0,1551,1520,121,0.0796,0
MEM-ORD,medium,2025-11-24,0,0,0,1,0.0546,2484,2432,205,0.0843,0
MEM-ORD,medium,2025-11-25,1,0,0,1,0.0,2602,2559,173,0.0676,0
MEM-ORD,medium,2025-11-26,2,0,0,1,0.1812,2911,2845,175,0.0615,0
MEM-ORD,medium,2025-11-27,3,0,0,1,0.1147,2864,2785,178,0.0639,0
MEM-ORD,medium,2025-11-28,4,0,0,1,0.2942,2690,2628,189,0.0719,0
MEM-ORD,medium,2025-11-29,5,1,0,1,0.0286,1580,1530,142,0.0928,0
MEM-ORD,medium,2025-11-30,6,1,0,1,0.1104,1379,1339,131,0.0978,0
MEM-ORD,medium,2025-12-01,0,0,0,1,0.0582,2529,2479,172,0.0694,0
MEM-ORD,medium,2025-12-02,1,0,0,1,0.1015,2905,2846,197,0.0692,0
MEM-ORD,medium,2025-12-03,2,0,0,1,0.093,2426,2335,168,0.0719,0
MEM-ORD,medium,2025-12-04,3,0,0,1,0.2217,2636,2538,167,0.0658,0
MEM-ORD,medium,2025-12-05,4,0,0,1,0.1969,2743,2671,198,0.0741,0
MEM-ORD,medium,2025-12-06,5,1,0,1,0.1496,1264,1220,99,0.0811,0
MEM-ORD,medium,2025-12-07,6,1,0,1,0.3806,1391,1346,123,0.0914,0
MEM-ORD,medium,2025-12-08,0,0,0,1,0.1669,2584,2494,181,0.0726,0
MEM-ORD,medium,2025-12-09,1,0,0,1,0.041,2653,2582,196,0.0759,0
MEM-ORD,medium,2025-12-10,2,0,0,1,0.0,2509,2453,162,0.066,0
MEM-ORD,medium,2025-12-11,3,0,0,1,0.0606,2742,2683,180,0.0671,0
MEM-ORD,medium,2025-12-12,4,0,0,1,0.0583,2510,2416,147,0.0608,0
MEM-ORD,medium,2025-12-13,5,1,0,1,0.1439,1564,1507,137,0.0909,0
MEM-ORD,medium,2025-12-14,6,1,0,1,0.0899,1385,1357,141,0.1039,0
MEM-ORD,medium,2025-12-15,0,0,0,1,0.2849,2521,2472,168,0.068,0
MEM-ORD,medium,2025-12-16,1,0,0,1,0.1769,2856,2785,183,0.0657,0
MEM-ORD,medium,2025-12-17,2,0,0,1,0.1616,2602,2507,194,0.0774,0
MEM-ORD,medium,2025-12-18,3,0,0,1,0.1086,2334,2265,160,0.0706,0
MEM-ORD,medium,2025-12-19,4,0,0,1,0.2086,2428,2359,154,0.0653,0
MEM-ORD,medium,2025-12-20,5,1,0,1,0.188,1175,1158,103,0.0889,0
MEM-ORD,medium,2025-12-21,6,1,0,1,0.286,1184,1163,104,0.0894,0
MEM-ORD,medium,2025-12-22,0,0,0,1,0.0599,2511,2448,170,0.0694,0
MEM-ORD,medium,2025-12-23,1,0,0,1,0.1929,2597,2518,176,0.0699,0
MEM-ORD,medium,2025-12-24,2,0,0,1,0.1605,2373,2304,165,0.0716,0
MEM-ORD,medium,2025-12-25,3,0,1,1,0.2183,517,503,40,0.0795,0
MEM-ORD,medium,2025-12-26,4,0,0,1,0.3258,3106,3029,225,0.0743,0
MEM-ORD,medium,2025-12-27,5,1,0,0,0.1454,788,776,48,0.0619,0
MEM-ORD,medium,2025-12-28,6,1,0,0,0.0208,747,733,43,0.0587,0
MEM-ORD,medium,2025-12-29,0,0,0,0,0.2019,1420,1388,57,0.0411,0
MEM-ORD,medium,2025-12-30,1,0,0,0,0.1104,1507,1466,54,0.0368,0
MEM-ORD,medium,2025-12-31,2,0,0,0,0.1109,1570,1533,57,0.0372,0
MEM-ORD,medium,2026-01-01,3,0,1,0,0.1599,383,370,22,0.0595,0
MEM-ORD,medium,2026-01-02,4,0,0,0,0.0931,1548,1491,57,0.0382,0
MEM-ORD,medium,2026-01-03,5,1,0,0,0.0,1026,993,40,0.0403,0
MEM-ORD,medium,2026-01-04,6,1,0,0,0.0946,876,864,44,0.0509,0
MEM-ORD,medium,2026-01-05,0,0,0,0,0.3125,1601,1546,54,0.0349,0
MEM-ORD,medium,2026-01-06,1,0,0,0,0.3655,1454,1413,55,0.0389,0
MEM-ORD,medium,2026-01-07,2,0,0,0,0.2154,1493,1459,50,0.0343,0
MEM-ORD,medium,2026-01-08,3,0,0,0,0.0,1841,1790,77,0.043,0
MEM-ORD,medium,2026-01-09,4,0,0,0,0.0,1592,1552,67,0.0432,0
MEM-ORD,medium,2026-01-10,5,1,0,0,0.1525,1022,1006,49,0.0487,0
MEM-ORD,medium,2026-01-11,6,1,0,0,0.0,827,803,54,0.0672,0
MEM-ORD,medium,2026-01-12,0,0,0,0,0.0,1698,1646,74,0.045,0
MEM-ORD,medium,2026-01-13,1,0,0,0,0.0114,1627,1576,47,0.0298,0
MEM-ORD,medium,2026-01-14,2,0,0,0,0.0,1812,1751,78,0.0445,0
MEM-ORD,medium,2026-01-15,3,0,0,0,0.8734,1773,1727,274,0.1587,1
MEM-ORD,medium,2026-01-16,4,0,0,0,0.5722,1416,1370,190,0.1387,1
MEM-ORD,medium,2026-01-17,5,1,0,0,0.7187,712,700,149,0.2129,1
MEM-ORD,medium,2026-01-18,6,1,0,0,0.7342,997,965,179,0.1855,1
MEM-ORD,medium,2026-01-19,0,0,0,0,0.9102,1572,1521,201,0.1321,1
MEM-ORD,medium,2026-01-20,1,0,0,0,0.0961,1804,1749,62,0.0354,0
MEM-ORD,medium,2026-01-21,2,0,0,0,0.0002,1766,1728,76,0.044,0
MEM-ORD,medium,2026-01-22,3,0,0,0,0.1664,1559,1505,54,0.0359,0
MEM-ORD,medium,2026-01-23,4,0,0,0,0.1823,1555,1522,57,0.0375,0
MEM-ORD,medium,2026-01-24,5,1,0,0,0.1108,909,891,36,0.0404,0
MEM-ORD,medium,2026-01-25,6,1,0,0,0.148,831,812,42,0.0517,0
MEM-ORD,medium,2026-01-26,0,0,0,0,0.1761,1580,1534,62,0.0404,0
MEM-ORD,medium,2026-01-27,1,0,0,0,0.277,1585,1564,83,0.0531,0
MEM-ORD,medium,2026-01-28,2,0,0,0,0.0767,1501,1460,62,0.0425,0
MEM-ORD,medium,2026-01-29,3,0,0,0,0.0,1731,1696,67,0.0395,0
MEM-ORD,medium,2026-01-30,4,0,0,0,0.1155,1418,1383,70,0.0506,0
MEM-ORD,medium,2026-01-31,5,1,0,0,0.0726,915,903,59,0.0653,0
MEM-ORD,medium,2026-02-01,6,1,0,0,0.157,696,678,32,0.0472,0
MEM-ORD,medium,2026-02-02,0,0,0,0,0.2766,1662,1602,76,0.0474,0
MEM-ORD,medium,2026-02-03,1,0,0,0,0.2647,1714,1692,84,0.0496,0
MEM-ORD,medium,2026-02-04,2,0,0,0,0.1306,1550,1495,63,0.0421,0
MEM-ORD,medium,2026-02-05,3,0,0,0,0.1156,1789,1748,68,0.0389,0
MEM-ORD,medium,2026-02-06,4,0,0,0,0.0222,1627,1573,59,0.0375,0
MEM-ORD,medium,2026-02-07,5,1,0,0,0.1259,843,815,37,0.0454,0
MEM-ORD,medium,2026-02-08,6,1,0,0,0.1433,910,896,43,0.048,0
MEM-ORD,medium,2026-02-09,0,0,0,0,0.2787,1499,1452,64,0.0441,0
MEM-ORD,medium,2026-02-10,1,0,0,0,0.469,1824,1773,243,0.1371,1
MEM-ORD,medium,2026-02-11,2,0,0,0,0.1989,1427,1376,50,0.0363,0
MEM-ORD,medium,2026-02-12,3,0,0,0,0.1015,1432,1389,60,0.0432,0
MEM-ORD,medium,2026-02-13,4,0,0,0,0.0,1447,1421,69,0.0486,0
MEM-ORD,medium,2026-02-14,5,1,0,0,0.2435,819,792,40,0.0505,0
MEM-ORD,medium,2026-02-15,6,1,0,0,0.3483,867,853,48,0.0563,0
MEM-ORD,medium,2026-02-16,0,0,0,0,0.1682,1302,1274,44,0.0345,0
MEM-ORD,medium,2026-02-17,1,0,0,0,0.0065,1825,1793,78,0.0435,0
MEM-ORD,medium,2026-02-18,2,0,0,0,0.2831,1734,1701,79,0.0464,0
MEM-ORD,medium,2026-02-19,3,0,0,0,0.2311,1458,1419,61,0.043,0
MEM-ORD,medium,2026-02-20,4,0,0,0,0.0798,1666,1624,77,0.0474,0
MEM-ORD,medium,2026-02-21,5,1,0,0,0.1041,975,943,49,0.052,0
MEM-ORD,medium,2026-02-22,6,1,0,0,0.2102,790,764,45,0.0589,0
MEM-ORD,medium,2026-02-23,0,0,0,0,0.0806,1853,1805,86,0.0476,0
MEM-ORD,medium,2026-02-24,1,0,0,0,0.2782,1743,1687,64,0.0379,0
MEM-ORD,medium,2026-02-25,2,0,0,0,0.0999,1589,1534,76,0.0495,0
MEM-ORD,medium,2026-02-26,3,0,0,0,0.2642,1474,1441,57,0.0396,0
MEM-ORD,medium,2026-02-27,4,0,0,0,0.1831,1779,1733,89,0.0514,0
MEM-ORD,medium,2026-02-28,5,1,0,0,0.0988,879,847,44,0.0519,0
MEM-ORD,medium,2026-03-01,6,1,0,0,0.113,899,869,52,0.0598,0
MEM-ORD,medium,2026-03-02,0,0,0,0,0.0726,1578,1528,67,0.0438,0
MEM-ORD,medium,2026-03-03,1,0,0,0,0.2245,1420,1381,66,0.0478,0
MEM-ORD,medium,2026-03-04,2,0,0,0,0.2359,1595,1537,51,0.0332,0
MEM-ORD,medium,2026-03-05,3,0,0,0,0.0548,1503,1474,73,0.0495,0
MEM-ORD,medium,2026-03-06,4,0,0,0,0.2264,1834,1788,84,0.047,0
MEM-ORD,medium,2026-03-07,5,1,0,0,0.2637,954,927,51,0.055,0
MEM-ORD,medium,2026-03-08,6,1,0,0,0.5609,843,829,208,0.2509,1
MEM-ORD,medium,2026-03-09,0,0,0,0,0.7942,1637,1594,216,0.1355,1
MEM-ORD,medium,2026-03-10,1,0,0,0,0.7772,1765,1723,258,0.1497,1
MEM-ORD,medium,2026-03-11,2,0,0,0,0.2573,1388,1346,67,0.0498,0
MEM-ORD,medium,2026-03-12,3,0,0,0,0.2474,1587,1561,73,0.0468,0
MEM-ORD,medium,2026-03-13,4,0,0,0,0.1498,1400,1381,53,0.0384,0
MEM-ORD,medium,2026-03-14,5,1,0,0,0.1236,895,883,53,0.06,0
MEM-ORD,medium,2026-03-15,6,1,0,0,0.0983,983,958,51,0.0532,0
MEM-ORD,medium,2026-03-16,0,0,0,0,0.3265,1909,1848,78,0.0422,0
MEM-ORD,medium,2026-03-17,1,0,0,0,0.0,1397,1376,57,0.0414,0
MEM-ORD,medium,2026-03-18,2,0,0,0,0.0,1430,1407,60,0.0426,0
MEM-ORD,medium,2026-03-19,3,0,0,0,0.1072,1444,1398,55,0.0393,0
MEM-ORD,medium,2026-03-20,4,0,0,0,0.1436,1716,1690,66,0.0391,0
MEM-ORD,medium,2026-03-21,5,1,0,0,0.0874,1073,1033,59,0.0571,0
MEM-ORD,medium,2026-03-22,6,1,0,0,0.0,827,798,44,0.0551,0
MEM-ORD,medium,2026-03-23,0,0,0,0,0.0,1348,1328,57,0.0429,0
MEM-ORD,medium,2026-03-24,1,0,0,0,0.2332,1457,1434,65,0.0453,0
MEM-ORD,medium,2026-03-25,2,0,0,0,0.2197,1958,1895,83,0.0438,0
MEM-ORD,medium,2026-03-26,3,0,0,0,0.2382,1638,1594,58,0.0364,0
MEM-ORD,medium,2026-03-27,4,0,0,0,0.0648,1549,1494,63,0.0422,0
MEM-ORD,medium,2026-03-28,5,1,0,0,0.2897,1016,990,56,0.0566,0
MEM-ORD,medium,2026-03-29,6,1,0,0,0.0,901,887,50,0.0564,0
MEM-ORD,medium,2026-03-30,0,0,0,0,0.0507,1679,1636,49,0.03,0
MEM-ORD,medium,2026-03-31,1,0,0,0,0.7789,1637,1605,211,0.1315,1
MEM-ORD,medium,2026-04-01,2,0,0,0,0.0745,1834,1791,73,0.0408,0
MEM-ORD,medium,2026-04-02,3,0,0,0,0.8429,1505,1472,195,0.1325,1
MEM-ORD,medium,2026-04-03,4,0,0,0,0.4471,1508,1482,222,0.1498,1
MEM-ORD,medium,2026-04-04,5,1,0,0,0.4141,894,867,208,0.2399,1
MEM-ORD,medium,2026-04-05,6,1,0,0,0.1906,816,803,40,0.0498,0
MEM-ORD,medium,2026-04-06,0,0,0,0,0.3589,1571,1527,58,0.038,0
MEM-ORD,medium,2026-04-07,1,0,0,0,0.1294,1699,1666,73,0.0438,0
MEM-ORD,medium,2026-04-08,2,0,0,0,0.3341,1534,1484,60,0.0404,0
MEM-ORD,medium,2026-04-09,3,0,0,0,0.1868,1464,1430,70,0.049,0
MEM-ORD,medium,2026-04-10,4,0,0,0,0.2563,1449,1407,63,0.0448,0
MEM-ORD,medium,2026-04-11,5,1,0,0,0.1681,1049,1013,59,0.0582,0
MEM-ORD,medium,2026-04-12,6,1,0,0,0.289,869,848,38,0.0448,0
MEM-ORD,medium,2026-04-13,0,0,0,0,0.0498,1416,1382,65,0.047,0
MEM-ORD,medium,2026-04-14,1,0,0,0,0.0228,1626,1574,69,0.0438,0
MEM-ORD,medium,2026-04-15,2,0,0,0,0.2036,1826,1784,87,0.0488,0
MEM-ORD,medium,2026-04-16,3,0,0,0,0.154,1361,1317,52,0.0395,0
MEM-ORD,medium,2026-04-17,4,0,0,0,0.0524,1606,1550,65,0.0419,0
MEM-ORD,medium,2026-04-18,5,1,0,0,0.3306,969,936,47,0.0502,0
MEM-ORD,medium,2026-04-19,6,1,0,0,0.4399,922,907,31,0.0342,0
MEM-ORD,medium,2026-04-20,0,0,0,0,0.006,1526,1489,77,0.0517,0
MEM-ORD,medium,2026-04-21,1,0,0,0,0.2003,1691,1645,72,0.0438,0
MEM-ORD,medium,2026-04-22,2,0,0,0,0.2486,1554,1526,64,0.0419,0
MEM-ORD,medium,2026-04-23,3,0,0,0,0.2776,1815,1788,85,0.0475,0
MEM-ORD,medium,2026-04-24,4,0,0,0,0.0,1543,1520,77,0.0507,0
MEM-ORD,medium,2026-04-25,5,1,0,0,0.2794,978,962,38,0.0395,0
MEM-ORD,medium,2026-04-26,6,1,0,0,0.6249,905,884,179,0.2025,1
MEM-ORD,medium,2026-04-27,0,0,0,0,1.0,1698,1647,259,0.1573,1
MEM-ORD,medium,2026-04-28,1,0,0,0,0.8509,1567,1534,261,0.1701,1
MEM-ORD,medium,2026-04-29,2,0,0,0,0.2639,1570,1531,59,0.0385,0
MEM-ORD,medium,2026-04-30,3,0,0,0,0.0222,1495,1441,45,0.0312,0
MEM-ORD,medium,2026-05-01,4,0,0,0,0.1789,1662,1602,69,0.0431,0
MEM-ORD,medium,2026-05-02,5,1,0,0,0.0,822,793,56,0.0706,0
MEM-ORD,medium,2026-05-03,6,1,0,0,0.1778,988,953,50,0.0525,0
MEM-ORD,medium,2026-05-04,0,0,0,0,0.2179,1554,1519,68,0.0448,0
MEM-ORD,medium,2026-05-05,1,0,0,0,0.0,1676,1641,77,0.0469,0
MEM-ORD,medium,2026-05-06,2,0,0,0,0.1491,1764,1722,77,0.0447,0
MEM-ORD,medium,2026-05-07,3,0,0,0,0.1285,1668,1615,67,0.0415,0
MEM-ORD,medium,2026-05-08,4,0,0,0,0.0894,1761,1717,81,0.0472,0
MEM-ORD,medium,2026-05-09,5,1,0,0,0.1924,881,863,55,0.0637,0
MEM-ORD,medium,2026-05-10,6,1,0,0,0.3903,884,862,42,0.0487,0
MEM-ORD,medium,2026-05-11,0,0,0,0,0.2074,1678,1630,63,0.0387,0
MEM-ORD,medium,2026-05-12,1,0,0,0,0.1085,1200,1168,49,0.042,0
MEM-ORD,medium,2026-05-13,2,0,0,0,0.1977,1584,1564,54,0.0345,0
MEM-ORD,medium,2026-05-14,3,0,0,0,0.0155,1680,1638,67,0.0409,0
MEM-ORD,medium,2026-05-15,4,0,0,0,0.2274,1478,1433,58,0.0405,0
MEM-ORD,medium,2026-05-16,5,1,0,0,0.1047,949,933,50,0.0536,0
MEM-ORD,medium,2026-05-17,6,1,0,0,0.0,1011,993,56,0.0564,0
MEM-ORD,medium,2026-05-18,0,0,0,0,0.0647,1700,1658,68,0.041,0
MEM-ORD,medium,2026-05-19,1,0,0,0,0.2224,1476,1452,66,0.0455,0
MEM-ORD,medium,2026-05-20,2,0,0,0,0.0,1802,1770,57,0.0322,0
MEM-ORD,medium,2026-05-21,3,0,0,0,0.1391,1581,1529,52,0.034,0
MEM-ORD,medium,2026-05-22,4,0,0,0,0.3458,1806,1742,88,0.0505,0
MEM-ORD,medium,2026-05-23,5,1,0,0,0.7025,826,811,134,0.1652,1
MEM-ORD,medium,2026-05-24,6,1,0,0,0.7503,927,901,166,0.1842,1
MEM-ORD,medium,2026-05-25,0,0,0,0,0.7694,1253,1229,172,0.14,1
MEM-ORD,medium,2026-05-26,1,0,0,0,0.0548,1450,1412,55,0.039,0
MEM-ORD,medium,2026-05-27,2,0,0,0,0.2609,1496,1463,65,0.0444,0
MEM-ORD,medium,2026-05-28,3,0,0,0,0.131,1785,1762,61,0.0346,0
MEM-ORD,medium,2026-05-29,4,0,0,0,0.0634,1743,1678,60,0.0358,0
MEM-ORD,medium,2026-05-30,5,1,0,0,0.2682,875,844,49,0.0581,0
MEM-ORD,medium,2026-05-31,6,1,0,0,0.0,958,942,56,0.0594,0
MEM-ORD,medium,2026-06-01,0,0,0,0,0.1213,2163,2105,84,0.0399,0
MEM-ORD,medium,2026-06-02,1,0,0,0,0.0988,1401,1368,57,0.0417,0
MEM-ORD,medium,2026-06-03,2,0,0,0,0.0301,1454,1430,62,0.0434,0
MEM-ORD,medium,2026-06-04,3,0,0,0,0.2,1637,1577,74,0.0469,0
MEM-ORD,medium,2026-06-05,4,0,0,0,0.1413,1447,1410,60,0.0426,0
MEM-ORD,medium,2026-06-06,5,1,0,0,0.173,764,736,46,0.0625,0
MEM-ORD,medium,2026-06-07,6,1,0,0,0.0801,867,846,51,0.0603,0
MEM-ORD,medium,2026-06-08,0,0,0,0,0.2792,1550,1505,79,0.0525,0
MEM-ORD,medium,2026-06-09,1,0,0,0,0.0246,1631,1585,69,0.0435,0
MEM-ORD,medium,2026-06-10,2,0,0,0,0.3175,1807,1749,86,0.0492,0
MEM-ORD,medium,2026-06-11,3,0,0,0,0.2583,1414,1374,57,0.0415,0
MEM-ORD,medium,2026-06-12,4,0,0,0,0.057,1596,1545,63,0.0408,0
MEM-ORD,medium,2026-06-13,5,1,0,0,0.3496,855,832,60,0.0721,0
MEM-ORD,medium,2026-06-14,6,1,0,0,0.1375,817,789,42,0.0532,0
MEM-ORD,medium,2026-06-15,0,0,0,0,0.1196,1192,1153,51,0.0442,0
MEM-ORD,medium,2026-06-16,1,0,0,0,0.2495,1420,1368,65,0.0475,0
MEM-ORD,medium,2026-06-17,2,0,0,0,0.3017,1555,1507,64,0.0425,0
MEM-ORD,medium,2026-06-18,3,0,0,0,0.2677,1662,1624,62,0.0382,0
MEM-ORD,medium,2026-06-19,4,0,0,0,0.0533,1515,1464,54,0.0369,0
MEM-ORD,medium,2026-06-20,5,1,0,0,0.0131,882,864,48,0.0556,0
MEM-ORD,medium,2026-06-21,6,1,0,0,0.0548,950,919,51,0.0555,0
MEM-ORD,medium,2026-06-22,0,0,0,0,0.0791,1573,1517,55,0.0363,0
MEM-ORD,medium,2026-06-23,1,0,0,0,0.385,1381,1358,67,0.0493,0
MEM-ORD,medium,2026-06-24,2,0,0,0,0.1137,1430,1395,62,0.0444,0
MEM-ORD,medium,2026-06-25,3,0,0,0,0.2678,1470,1435,73,0.0509,0
MEM-ORD,medium,2026-06-26,4,0,0,0,0.1708,1787,1726,68,0.0394,0
MEM-ORD,medium,2026-06-27,5,1,0,0,0.2235,896,871,53,0.0608,0
MEM-ORD,medium,2026-06-28,6,1,0,0,0.3031,907,874,42,0.0481,0
MEM-ORD,medium,2026-06-29,0,0,0,0,0.3253,1596,1539,59,0.0383,0
MEM-ORD,medium,2026-06-30,1,0,0,0,0.1787,1428,1391,69,0.0496,0
MEM-ORD,medium,2026-07-01,2,0,0,0,0.3301,1784,1762,79,0.0448,0
MEM-ORD,medium,2026-07-02,3,0,0,0,0.0098,1679,1653,71,0.043,0
MEM-ORD,medium,2026-07-03,4,0,0,0,0.0761,1532,1475,59,0.04,0
MEM-ORD,medium,2026-07-04,5,1,1,0,0.0909,230,227,8,0.0352,0
MEM-ORD,medium,2026-07-05,6,1,0,0,0.118,946,920,63,0.0685,0
MEM-ORD,medium,2026-07-06,0,0,0,0,0.1024,1728,1704,73,0.0428,0
MEM-ORD,medium,2026-07-07,1,0,0,0,0.203,1431,1406,58,0.0413,0
MEM-ORD,medium,2026-07-08,2,0,0,0,0.3254,1483,1459,53,0.0363,0
MEM-ORD,medium,2026-07-09,3,0,0,0,0.0765,1805,1759,65,0.037,0
MEM-ORD,medium,2026-07-10,4,0,0,0,0.0839,1510,1462,57,0.039,0
MEM-ORD,medium,2026-07-11,5,1,0,0,0.1345,818,794,51,0.0642,0
MEM-ORD,medium,2026-07-12,6,1,0,0,0.2202,792,770,43,0.0558,0
MEM-ORD,medium,2026-07-13,0,0,0,0,0.2403,1505,1459,50,0.0343,0
MEM-ORD,medium,2026-07-14,1,0,0,0,0.0,1718,1670,62,0.0371,0
MEM-ORD,medium,2026-07-15,2,0,0,0,0.1843,1673,1647,73,0.0443,0
MEM-ORD,medium,2026-07-16,3,0,0,0,0.0678,1411,1384,57,0.0412,0
MEM-ORD,medium,2026-07-17,4,0,0,0,0.3038,1881,1818,71,0.0391,0
MEM-ORD,medium,2026-07-18,5,1,0,0,0.14,924,890,53,0.0596,0
MEM-ORD,medium,2026-07-19,6,1,0,0,0.2282,915,898,54,0.0601,0
MEM-ORD,medium,2026-07-20,0,0,0,0,0.3117,1473,1424,48,0.0337,0
MEM-ORD,medium,2026-07-21,1,0,0,0,0.1182,1646,1599,71,0.0444,0
MEM-ORD,medium,2026-07-22,2,0,0,0,0.191,1827,1764,67,0.038,0
MEM-ORD,medium,2026-07-23,3,0,0,0,0.1764,1713,1671,72,0.0431,0
MEM-ORD,medium,2026-07-24,4,0,0,0,0.0808,1586,1547,73,0.0472,0
MEM-ORD,medium,2026-07-25,5,1,0,0,0.1972,822,793,36,0.0454,0
MEM-ORD,medium,2026-07-26,6,1,0,0,0.0948,1016,987,63,0.0638,0
MEM-ORD,medium,2026-07-27,0,0,0,0,0.0,1629,1573,56,0.0356,0
MEM-ORD,medium,2026-07-28,1,0,0,0,0.0,1394,1361,50,0.0367,0
MEM-ORD,medium,2026-07-29,2,0,0,0,0.1956,1297,1257,64,0.0509,0
MEM-ORD,medium,2026-07-30,3,0,0,0,0.2096,1701,1665,55,0.033,0
MEM-ORD,medium,2026-07-31,4,0,0,0,0.3309,1586,1539,66,0.0429,0
MEM-ORD,medium,2026-08-01,5,1,0,0,0.1587,880,866,45,0.052,0
MEM-ORD,medium,2026-08-02,6,1,0,0,0.1382,817,798,30,0.0376,0
MEM-ORD,medium,2026-08-03,0,0,0,0,0.1391,1677,1636,62,0.0379,0
MEM-ORD,medium,2026-08-04,1,0,0,0,0.2595,1557,1527,49,0.0321,0
MEM-ORD,medium,2026-08-05,2,0,0,0,0.2102,1349,1308,63,0.0482,0
MEM-ORD,medium,2026-08-06,3,0,0,0,0.1772,1657,1609,64,0.0398,0
MEM-ORD,medium,2026-08-07,4,0,0,0,0.0252,1706,1673,77,0.046,0
MEM-ORD,medium,2026-08-08,5,1,0,0,0.0,1024,1005,58,0.0577,0
MEM-ORD,medium,2026-08-09,6,1,0,0,0.0544,868,853,34,0.0399,0
MEM-ORD,medium,2026-08-10,0,0,0,0,0.0,1872,1829,79,0.0432,0
MEM-ORD,medium,2026-08-11,1,0,0,0,0.2267,1362,1344,43,0.032,0
MEM-ORD,medium,2026-08-12,2,0,0,0,0.2071,1640,1608,80,0.0498,0
MEM-ORD,medium,2026-08-13,3,0,0,0,0.0,1917,1893,91,0.0481,0
MEM-ORD,medium,2026-08-14,4,0,0,0,0.1491,1805,1782,88,0.0494,0
MEM-ORD,medium,2026-08-15,5,1,0,0,0.2149,1018,1002,48,0.0479,0
MEM-ORD,medium,2026-08-16,6,1,0,0,0.1296,872,846,38,0.0449,0
MEM-ORD,medium,2026-08-17,0,0,0,0,0.1432,1618,1572,71,0.0452,0
MEM-ORD,medium,2026-08-18,1,0,0,0,0.1281,1700,1649,59,0.0358,0
MEM-ORD,medium,2026-08-19,2,0,0,0,0.1941,1564,1528,66,0.0432,0
MEM-ORD,medium,2026-08-20,3,0,0,0,0.0,1613,1577,72,0.0457,0
MEM-ORD,medium,2026-08-21,4,0,0,0,0.2431,1697,1655,67,0.0405,0
MEM-ORD,medium,2026-08-22,5,1,0,0,0.1606,870,856,42,0.0491,0
MEM-ORD,medium,2026-08-23,6,1,0,0,0.0216,1035,1020,51,0.05,0
MEM-DEN,medium,2023-08-25,4,0,0,0,0.0,863,844,34,0.0403,0
MEM-DEN,medium,2023-08-26,5,1,0,0,0.0909,413,403,20,0.0496,0
MEM-DEN,medium,2023-08-27,6,1,0,0,0.3841,493,482,23,0.0477,0
MEM-DEN,medium,2023-08-28,0,0,0,0,0.3558,889,868,48,0.0553,0
MEM-DEN,medium,2023-08-29,1,0,0,0,0.0159,906,873,48,0.055,0
MEM-DEN,medium,2023-08-30,2,0,0,0,0.1927,848,830,32,0.0386,0
MEM-DEN,medium,2023-08-31,3,0,0,0,0.1143,872,853,42,0.0492,0
MEM-DEN,medium,2023-09-01,4,0,0,0,0.1266,921,892,38,0.0426,0
MEM-DEN,medium,2023-09-02,5,1,0,0,0.0,542,527,29,0.055,0
MEM-DEN,medium,2023-09-03,6,1,0,0,0.2971,542,529,27,0.051,0
MEM-DEN,medium,2023-09-04,0,0,0,0,0.155,980,964,41,0.0425,0
MEM-DEN,medium,2023-09-05,1,0,0,0,0.3588,835,815,36,0.0442,0
MEM-DEN,medium,2023-09-06,2,0,0,0,0.1995,931,907,42,0.0463,0
MEM-DEN,medium,2023-09-07,3,0,0,0,0.0237,897,867,44,0.0507,0
MEM-DEN,medium,2023-09-08,4,0,0,0,0.0,979,948,46,0.0485,0
MEM-DEN,medium,2023-09-09,5,1,0,0,0.0224,479,465,28,0.0602,0
MEM-DEN,medium,2023-09-10,6,1,0,0,0.5885,554,540,133,0.2463,1
MEM-DEN,medium,2023-09-11,0,0,0,0,0.6399,662,640,99,0.1547,1
MEM-DEN,medium,2023-09-12,1,0,0,0,0.8018,861,844,123,0.1457,1
MEM-DEN,medium,2023-09-13,2,0,0,0,0.8775,1010,987,163,0.1651,1
MEM-DEN,medium,2023-09-14,3,0,0,0,0.0144,902,870,36,0.0414,0
MEM-DEN,medium,2023-09-15,4,0,0,0,0.067,983,970,49,0.0505,0
MEM-DEN,medium,2023-09-16,5,1,0,0,0.2463,493,476,25,0.0525,0
MEM-DEN,medium,2023-09-17,6,1,0,0,0.1435,532,515,40,0.0777,0
MEM-DEN,medium,2023-09-18,0,0,0,0,0.1716,1002,974,46,0.0472,0
MEM-DEN,medium,2023-09-19,1,0,0,0,0.0217,939,921,35,0.038,0
MEM-DEN,medium,2023-09-20,2,0,0,0,0.0019,979,943,38,0.0403,0
MEM-DEN,medium,2023-09-21,3,0,0,0,0.1492,1143,1126,49,0.0435,0
MEM-DEN,medium,2023-09-22,4,0,0,0,0.1508,923,911,42,0.0461,0
MEM-DEN,medium,2023-09-23,5,1,0,0,0.171,472,455,27,0.0593,0
MEM-DEN,medium,2023-09-24,6,1,0,0,0.0,443,435,30,0.069,0
MEM-DEN,medium,2023-09-25,0,0,0,0,0.074,887,871,37,0.0425,0
MEM-DEN,medium,2023-09-26,1,0,0,0,0.0905,1007,976,54,0.0553,0
MEM-DEN,medium,2023-09-27,2,0,0,0,0.188,747,722,36,0.0499,0
MEM-DEN,medium,2023-09-28,3,0,0,0,0.1228,828,807,38,0.0471,0
MEM-DEN,medium,2023-09-29,4,0,0,0,0.0715,941,925,32,0.0346,0
MEM-DEN,medium,2023-09-30,5,1,0,0,0.1788,432,423,23,0.0544,0
MEM-DEN,medium,2023-10-01,6,1,0,0,0.1815,479,462,21,0.0455,0
MEM-DEN,medium,2023-10-02,0,0,0,0,0.1239,961,925,47,0.0508,0
MEM-DEN,medium,2023-10-03,1,0,0,0,0.2212,780,763,49,0.0642,0
MEM-DEN,medium,2023-10-04,2,0,0,0,0.1324,789,773,31,0.0401,0
MEM-DEN,medium,2023-10-05,3,0,0,0,0.3549,950,931,43,0.0462,0
MEM-DEN,medium,2023-10-06,4,0,0,0,0.0,1066,1038,43,0.0414,0
MEM-DEN,medium,2023-10-07,5,1,0,0,0.0,462,456,27,0.0592,0
MEM-DEN,medium,2023-10-08,6,1,0,0,0.2304,559,550,28,0.0509,0
MEM-DEN,medium,2023-10-09,0,0,0,0,0.0544,851,826,26,0.0315,0
MEM-DEN,medium,2023-10-10,1,0,0,0,0.2245,767,751,26,0.0346,0
MEM-DEN,medium,2023-10-11,2,0,0,0,0.1573,889,870,49,0.0563,0
MEM-DEN,medium,2023-10-12,3,0,0,0,0.0642,984,960,55,0.0573,0
MEM-DEN,medium,2023-10-13,4,0,0,0,0.0,1024,990,45,0.0455,0
MEM-DEN,medium,2023-10-14,5,1,0,0,0.3057,498,480,26,0.0542,0
MEM-DEN,medium,2023-10-15,6,1,0,0,0.1908,430,422,18,0.0427,0
MEM-DEN,medium,2023-10-16,0,0,0,0,0.349,870,857,32,0.0373,0
MEM-DEN,medium,2023-10-17,1,0,0,0,0.2899,777,758,35,0.0462,0
MEM-DEN,medium,2023-10-18,2,0,0,0,0.0242,868,845,41,0.0485,0
MEM-DEN,medium,2023-10-19,3,0,0,0,0.1811,962,928,47,0.0506,0
MEM-DEN,medium,2023-10-20,4,0,0,0,0.2915,926,910,57,0.0626,0
MEM-DEN,medium,2023-10-21,5,1,0,0,0.1274,536,524,27,0.0515,0
MEM-DEN,medium,2023-10-22,6,1,0,0,0.298,502,486,31,0.0638,0
MEM-DEN,medium,2023-10-23,0,0,0,0,0.301,859,841,33,0.0392,0
MEM-DEN,medium,2023-10-24,1,0,0,0,0.0985,816,802,29,0.0362,0
MEM-DEN,medium,2023-10-25,2,0,0,0,0.0,859,831,28,0.0337,0
MEM-DEN,medium,2023-10-26,3,0,0,0,0.0362,858,832,38,0.0457,0
MEM-DEN,medium,2023-10-27,4,0,0,0,0.093,951,929,41,0.0441,0
MEM-DEN,medium,2023-10-28,5,1,0,0,0.0738,498,492,28,0.0569,0
MEM-DEN,medium,2023-10-29,6,1,0,0,0.1852,433,426,32,0.0751,0
MEM-DEN,medium,2023-10-30,0,0,0,0,0.173,881,868,31,0.0357,0
MEM-DEN,medium,2023-10-31,1,0,0,0,0.3422,948,915,42,0.0459,0
MEM-DEN,medium,2023-11-01,2,0,0,0,0.173,858,830,30,0.0361,0
MEM-DEN,medium,2023-11-02,3,0,0,0,0.2982,877,856,37,0.0432,0
MEM-DEN,medium,2023-11-03,4,0,0,0,0.0871,761,736,26,0.0353,0
MEM-DEN,medium,2023-11-04,5,1,0,0,0.2031,557,539,37,0.0686,0
MEM-DEN,medium,2023-11-05,6,1,0,0,0.0126,480,466,24,0.0515,0
MEM-DEN,medium,2023-11-06,0,0,0,0,0.261,1058,1028,36,0.035,0
MEM-DEN,medium,2023-11-07,1,0,0,0,0.1729,796,780,36,0.0462,0
MEM-DEN,medium,2023-11-08,2,0,0,0,0.3011,852,828,35,0.0423,0
MEM-DEN,medium,2023-11-09,3,0,0,0,0.4559,788,762,35,0.0459,0
MEM-DEN,medium,2023-11-10,4,0,0,0,0.4509,741,717,28,0.0391,0
MEM-DEN,medium,2023-11-11,5,1,1,0,0.3256,133,128,9,0.0703,0
MEM-DEN,medium,2023-11-12,6,1,0,0,0.2132,457,444,30,0.0676,0
MEM-DEN,medium,2023-11-13,0,0,0,0,0.117,1021,1004,44,0.0438,0
MEM-DEN,medium,2023-11-14,1,0,0,0,0.2355,773,762,35,0.0459,0
MEM-DEN,medium,2023-11-15,2,0,0,0,0.0944,932,903,49,0.0543,0
MEM-DEN,medium,2023-11-16,3,0,0,0,0.1985,889,859,39,0.0454,0
MEM-DEN,medium,2023-11-17,4,0,0,0,0.1359,896,868,46,0.053,0
MEM-DEN,medium,2023-11-18,5,1,0,0,0.0538,489,482,20,0.0415,0
MEM-DEN,medium,2023-11-19,6,1,0,0,0.2891,427,418,19,0.0455,0
MEM-DEN,medium,2023-11-20,0,0,0,1,0.0,1569,1543,143,0.0927,0
MEM-DEN,medium,2023-11-21,1,0,0,1,0.0,1550,1521,119,0.0782,0
MEM-DEN,medium,2023-11-22,2,0,0,1,0.3097,1311,1270,107,0.0843,0
MEM-DEN,medium,2023-11-23,3,0,0,1,0.1128,1791,1763,140,0.0794,0
MEM-DEN,medium,2023-11-24,4,0,0,1,0.1413,1173,1136,78,0.0687,0
MEM-DEN,medium,2023-11-25,5,1,0,1,0.21,775,749,68,0.0908,0
MEM-DEN,medium,2023-11-26,6,1,0,1,0.133,723,707,73,0.1033,0
MEM-DEN,medium,2023-11-27,0,0,0,1,0.0,1358,1318,88,0.0668,0
MEM-DEN,medium,2023-11-28,1,0,0,1,0.1742,1278,1246,90,0.0722,0
MEM-DEN,medium,2023-11-29,2,0,0,1,0.0,1606,1577,115,0.0729,0
MEM-DEN,medium,2023-11-30,3,0,0,1,0.1523,1551,1501,121,0.0806,0
MEM-DEN,medium,2023-12-01,4,0,0,1,0.299,1677,1653,132,0.0799,0
MEM-DEN,medium,2023-12-02,5,1,0,1,0.0,699,679,64,0.0943,0
MEM-DEN,medium,2023-12-03,6,1,0,1,0.0954,787,761,90,0.1183,0
MEM-DEN,medium,2023-12-04,0,0,0,1,0.1125,1219,1195,91,0.0762,0
MEM-DEN,medium,2023-12-05,1,0,0,1,0.7005,1721,1694,391,0.2308,1
MEM-DEN,medium,2023-12-06,2,0,0,1,0.7746,1430,1406,306,0.2176,1
MEM-DEN,medium,2023-12-07,3,0,0,1,0.6713,1441,1393,468,0.336,1
MEM-DEN,medium,2023-12-08,4,0,0,1,0.2807,1204,1181,104,0.0881,0
MEM-DEN,medium,2023-12-09,5,1,0,1,0.3057,881,869,78,0.0898,0
MEM-DEN,medium,2023-12-10,6,1,0,1,0.4022,740,715,70,0.0979,0
MEM-DEN,medium,2023-12-11,0,0,0,1,0.259,1535,1508,107,0.071,0
MEM-DEN,medium,2023-12-12,1,0,0,1,0.076,1596,1576,110,0.0698,0
MEM-DEN,medium,2023-12-13,2,0,0,1,0.3616,1284,1250,97,0.0776,0
MEM-DEN,medium,2023-12-14,3,0,0,1,0.0309,1488,1468,113,0.077,0
MEM-DEN,medium,2023-12-15,4,0,0,1,0.087,1181,1143,96,0.084,0
MEM-DEN,medium,2023-12-16,5,1,0,1,0.152,814,794,101,0.1272,0
MEM-DEN,medium,2023-12-17,6,1,0,1,0.1843,711,693,56,0.0808,0
MEM-DEN,medium,2023-12-18,0,0,0,1,0.2404,1404,1356,113,0.0833,0
MEM-DEN,medium,2023-12-19,1,0,0,1,0.0858,1460,1423,115,0.0808,0
MEM-DEN,medium,2023-12-20,2,0,0,1,0.1649,1453,1399,108,0.0772,0
MEM-DEN,medium,2023-12-21,3,0,0,1,0.0832,1550,1505,127,0.0844,0
MEM-DEN,medium,2023-12-22,4,0,0,1,0.2248,1151,1114,75,0.0673,0
MEM-DEN,medium,2023-12-23,5,1,0,1,0.1209,836,823,78,0.0948,0
MEM-DEN,medium,2023-12-24,6,1,0,1,0.1144,785,759,67,0.0883,0
MEM-DEN,medium,2023-12-25,0,0,1,1,0.1504,370,363,37,0.1019,0
MEM-DEN,medium,2023-12-26,1,0,0,1,0.3177,1579,1527,140,0.0917,0
MEM-DEN,medium,2023-12-27,2,0,0,0,0.9056,915,893,177,0.1982,1
MEM-DEN,medium,2023-12-28,3,0,0,0,0.6653,848,823,142,0.1725,1
MEM-DEN,medium,2023-12-29,4,0,0,0,0.211,1003,982,35,0.0356,0
MEM-DEN,medium,2023-12-30,5,1,0,0,0.1887,515,502,28,0.0558,0
MEM-DEN,medium,2023-12-31,6,1,0,0,0.1272,505,494,35,0.0709,0
MEM-DEN,medium,2024-01-01,0,0,1,0,0.3181,211,206,11,0.0534,0
MEM-DEN,medium,2024-01-02,1,0,0,0,0.1935,1056,1020,46,0.0451,0
MEM-DEN,medium,2024-01-03,2,0,0,0,0.1247,817,802,42,0.0524,0
MEM-DEN,medium,2024-01-04,3,0,0,0,0.1484,843,812,40,0.0493,0
MEM-DEN,medium,2024-01-05,4,0,0,0,0.0,763,739,28,0.0379,0
MEM-DEN,medium,2024-01-06,5,1,0,0,0.1563,489,482,26,0.0539,0
MEM-DEN,medium,2024-01-07,6,1,0,0,0.2357,452,443,37,0.0835,0
MEM-DEN,medium,2024-01-08,0,0,0,0,0.0965,866,849,31,0.0365,0
MEM-DEN,medium,2024-01-09,1,0,0,0,0.1068,798,787,43,0.0546,0
MEM-DEN,medium,2024-01-10,2,0,0,0,0.0777,781,768,48,0.0625,0
MEM-DEN,medium,2024-01-11,3,0,0,0,0.0,1024,1002,55,0.0549,0
MEM-DEN,medium,2024-01-12,4,0,0,0,0.0477,962,944,39,0.0413,0
MEM-DEN,medium,2024-01-13,5,1,0,0,0.3145,533,525,32,0.061,0
MEM-DEN,medium,2024-01-14,6,1,0,0,0.1573,496,478,25,0.0523,0
MEM-DEN,medium,2024-01-15,0,0,0,0,0.2106,931,902,38,0.0421,0
MEM-DEN,medium,2024-01-16,1,0,0,0,0.193,1019,981,46,0.0469,0
MEM-DEN,medium,2024-01-17,2,0,0,0,0.1971,777,754,36,0.0477,0
MEM-DEN,medium,2024-01-18,3,0,0,0,0.2893,805,779,41,0.0526,0
MEM-DEN,medium,2024-01-19,4,0,0,0,0.1429,951,922,34,0.0369,0
MEM-DEN,medium,2024-01-20,5,1,0,0,0.3225,457,451,25,0.0554,0
MEM-DEN,medium,2024-01-21,6,1,0,0,0.2101,576,566,26,0.0459,0
MEM-DEN,medium,2024-01-22,0,0,0,0,0.1843,918,896,48,0.0536,0
MEM-DEN,medium,2024-01-23,1,0,0,0,0.0,806,777,35,0.045,0
MEM-DEN,medium,2024-01-24,2,0,0,0,0.2532,878,864,44,0.0509,0
MEM-DEN,medium,2024-01-25,3,0,0,0,0.2389,1006,978,55,0.0562,0
MEM-DEN,medium,2024-01-26,4,0,0,0,0.2685,789,773,22,0.0285,0
MEM-DEN,medium,2024-01-27,5,1,0,0,0.1263,474,468,27,0.0577,0
MEM-DEN,medium,2024-01-28,6,1,0,0,0.4765,486,470,31,0.066,0
MEM-DEN,medium,2024-01-29,0,0,0,0,0.0,897,875,38,0.0434,0
MEM-DEN,medium,2024-01-30,1,0,0,0,0.1449,910,891,33,0.037,0
MEM-DEN,medium,2024-01-31,2,0,0,0,0.0331,979,961,46,0.0479,0
MEM-DEN,medium,2024-02-01,3,0,0,0,0.1001,958,926,41,0.0443,0
MEM-DEN,medium,2024-02-02,4,0,0,0,0.2611,787,759,35,0.0461,0
MEM-DEN,medium,2024-02-03,5,1,0,0,0.053,495,481,32,0.0665,0
MEM-DEN,medium,2024-02-04,6,1,0,0,0.1381,607,587,32,0.0545,0
MEM-DEN,medium,2024-02-05,0,0,0,0,0.0369,1020,1003,46,0.0459,0
MEM-DEN,medium,2024-02-06,1,0,0,0,0.1733,861,849,44,0.0518,0
MEM-DEN,medium,2024-02-07,2,0,0,0,0.3403,805,791,34,0.043,0
MEM-DEN,medium,2024-02-08,3,0,0,0,0.2575,912,881,30,0.0341,0
MEM-DEN,medium,2024-02-09,4,0,0,0,0.0,979,961,49,0.051,0
MEM-DEN,medium,2024-02-10,5,1,0,0,0.0457,487,472,26,0.0551,0
MEM-DEN,medium,2024-02-11,6,1,0,0,0.2612,565,547,36,0.0658,0
MEM-DEN,medium,2024-02-12,0,0,0,0,0.2115,804,780,39,0.05,0
MEM-DEN,medium,2024-02-13,1,0,0,0,0.1002,981,952,46,0.0483,0
MEM-DEN,medium,2024-02-14,2,0,0,0,0.2391,931,919,38,0.0413,0
MEM-DEN,medium,2024-02-15,3,0,0,0,0.0,906,887,51,0.0575,0
MEM-DEN,medium,2024-02-16,4,0,0,0,0.0147,1009,993,48,0.0483,0
MEM-DEN,medium,2024-02-17,5,1,0,0,0.1911,466,456,24,0.0526,0
MEM-DEN,medium,2024-02-18,6,1,0,0,0.0768,490,482,32,0.0664,0
MEM-DEN,medium,2024-02-19,0,0,0,0,0.2284,812,788,42,0.0533,0
MEM-DEN,medium,2024-02-20,1,0,0,0,0.1919,880,867,34,0.0392,0
MEM-DEN,medium,2024-02-21,2,0,0,0,0.2123,911,878,41,0.0467,0
MEM-DEN,medium,2024-02-22,3,0,0,0,0.4345,1020,1006,51,0.0507,0
MEM-DEN,medium,2024-02-23,4,0,0,0,0.2298,838,818,50,0.0611,0
MEM-DEN,medium,2024-02-24,5,1,0,0,0.3129,405,391,22,0.0563,0
MEM-DEN,medium,2024-02-25,6,1,0,0,0.1751,470,460,20,0.0435,0
MEM-DEN,medium,2024-02-26,0,0,0,0,0.0615,940,924,54,0.0584,0
MEM-DEN,medium,2024-02-27,1,0,0,0,0.0938,771,760,33,0.0434,0
MEM-DEN,medium,2024-02-28,2,0,0,0,0.2406,956,938,40,0.0426,0
MEM-DEN,medium,2024-02-29,3,0,0,0,0.11,872,841,39,0.0464,0
MEM-DEN,medium,2024-03-01,4,0,0,0,0.2778,846,835,35,0.0419,0
MEM-DEN,medium,2024-03-02,5,1,0,0,0.2568,466,460,23,0.05,0
MEM-DEN,medium,2024-03-03,6,1,0,0,0.0644,573,558,27,0.0484,0
MEM-DEN,medium,2024-03-04,0,0,0,0,0.1518,857,839,36,0.0429,0
MEM-DEN,medium,2024-03-05,1,0,0,0,0.1827,781,760,31,0.0408,0
MEM-DEN,medium,2024-03-06,2,0,0,0,0.1561,928,915,49,0.0536,0
MEM-DEN,medium,2024-03-07,3,0,0,0,0.0843,865,838,38,0.0453,0
MEM-DEN,medium,2024-03-08,4,0,0,0,0.291,846,828,30,0.0362,0
MEM-DEN,medium,2024-03-09,5,1,0,0,0.2314,508,497,21,0.0423,0
MEM-DEN,medium,2024-03-10,6,1,0,0,0.3834,479,472,28,0.0593,0
MEM-DEN,medium,2024-03-11,0,0,0,0,0.1178,921,896,33,0.0368,0
MEM-DEN,medium,2024-03-12,1,0,0,0,0.1292,910,896,37,0.0413,0
MEM-DEN,medium,2024-03-13,2,0,0,0,0.0,861,844,31,0.0367,0
MEM-DEN,medium,2024-03-14,3,0,0,0,0.3711,976,946,43,0.0455,0
MEM-DEN,medium,2024-03-15,4,0,0,0,0.0024,967,937,41,0.0438,0
MEM-DEN,medium,2024-03-16,5,1,0,0,0.1566,490,472,23,0.0487,0
MEM-DEN,medium,2024-03-17,6,1,0,0,0.2686,514,497,31,0.0624,0
MEM-DEN,medium,2024-03-18,0,0,0,0,0.0,815,802,38,0.0474,0
MEM-DEN,medium,2024-03-19,1,0,0,0,0.3171,832,812,50,0.0616,0
MEM-DEN,medium,2024-03-20,2,0,0,0,0.4913,780,753,90,0.1195,1
MEM-DEN,medium,2024-03-21,3,0,0,0,0.9363,1158,1137,240,0.2111,1
MEM-DEN,medium,2024-03-22,4,0,0,0,0.7221,763,745,118,0.1584,1
MEM-DEN,medium,2024-03-23,5,1,0,0,0.0,530,517,24,0.0464,0
MEM-DEN,medium,2024-03-24,6,1,0,0,0.0467,498,487,29,0.0595,0
MEM-DEN,medium,2024-03-25,0,0,0,0,0.2856,944,919,42,0.0457,0
MEM-DEN,medium,2024-03-26,1,0,0,0,0.3001,958,945,41,0.0434,0
MEM-DEN,medium,2024-03-27,2,0,0,0,0.2099,955,933,46,0.0493,0
MEM-DEN,medium,2024-03-28,3,0,0,0,0.3072,873,849,42,0.0495,0
MEM-DEN,medium,2024-03-29,4,0,0,0,0.3748,901,869,41,0.0472,0
MEM-DEN,medium,2024-03-30,5,1,0,0,0.2926,447,432,20,0.0463,0
MEM-DEN,medium,2024-03-31,6,1,0,0,0.1665,430,418,24,0.0574,0
MEM-DEN,medium,2024-04-01,0,0,0,0,0.0258,1013,980,43,0.0439,0
MEM-DEN,medium,2024-04-02,1,0,0,0,0.0967,883,854,38,0.0445,0
MEM-DEN,medium,2024-04-03,2,0,0,0,0.0408,1020,988,40,0.0405,0
MEM-DEN,medium,2024-04-04,3,0,0,0,0.2151,883,869,25,0.0288,0
MEM-DEN,medium,2024-04-05,4,0,0,0,0.0172,1064,1025,44,0.0429,0
MEM-DEN,medium,2024-04-06,5,1,0,0,0.3678,515,505,26,0.0515,0
MEM-DEN,medium,2024-04-07,6,1,0,0,0.132,623,610,39,0.0639,0
MEM-DEN,medium,2024-04-08,0,0,0,0,0.2237,989,966,38,0.0393,0
MEM-DEN,medium,2024-04-09,1,0,0,0,0.1644,944,927,34,0.0367,0
MEM-DEN,medium,2024-04-10,2,0,0,0,0.39,1013,991,47,0.0474,0
MEM-DEN,medium,2024-04-11,3,0,0,0,0.3917,911,898,45,0.0501,0
MEM-DEN,medium,2024-04-12,4,0,0,0,0.2589,767,755,35,0.0464,0
MEM-DEN,medium,2024-04-13,5,1,0,0,0.139,523,507,26,0.0513,0
MEM-DEN,medium,2024-04-14,6,1,0,0,0.0047,420,409,20,0.0489,0
MEM-DEN,medium,2024-04-15,0,0,0,0,0.3777,935,913,39,0.0427,0
MEM-DEN,medium,2024-04-16,1,0,0,0,0.0376,829,814,32,0.0393,0
MEM-DEN,medium,2024-04-17,2,0,0,0,0.2333,893,880,41,0.0466,0
MEM-DEN,medium,2024-04-18,3,0,0,0,0.0261,883,869,36,0.0414,0
MEM-DEN,medium,2024-04-19,4,0,0,0,0.2105,947,913,45,0.0493,0
MEM-DEN,medium,2024-04-20,5,1,0,0,0.1708,479,467,23,0.0493,0
MEM-DEN,medium,2024-04-21,6,1,0,0,0.1853,459,449,16,0.0356,0
MEM-DEN,medium,2024-04-22,0,0,0,0,0.2323,1091,1056,42,0.0398,0
MEM-DEN,medium,2024-04-23,1,0,0,0,0.0908,810,798,32,0.0401,0
MEM-DEN,medium,2024-04-24,2,0,0,0,0.2685,947,931,44,0.0473,0
MEM-DEN,medium,2024-04-25,3,0,0,0,0.1482,956,943,29,0.0308,0
MEM-DEN,medium,2024-04-26,4,0,0,0,0.1393,789,762,36,0.0472,0
MEM-DEN,medium,2024-04-27,5,1,0,0,0.0,440,434,35,0.0806,0
MEM-DEN,medium,2024-04-28,6,1,0,0,0.1542,493,478,24,0.0502,0
MEM-DEN,medium,2024-04-29,0,0,0,0,0.1111,910,892,38,0.0426,0
MEM-DEN,medium,2024-04-30,1,0,0,0,0.1995,883,856,38,0.0444,0
MEM-DEN,medium,2024-05-01,2,0,0,0,0.1992,878,865,41,0.0474,0
MEM-DEN,medium,2024-05-02,3,0,0,0,0.0,868,843,36,0.0427,0
MEM-DEN,medium,2024-05-03,4,0,0,0,0.0,675,656,37,0.0564,0
MEM-DEN,medium,2024-05-04,5,1,0,0,0.2899,448,439,32,0.0729,0
MEM-DEN,medium,2024-05-05,6,1,0,0,0.1676,499,482,17,0.0353,0
MEM-DEN,medium,2024-05-06,0,0,0,0,0.7561,1032,1018,153,0.1503,1
MEM-DEN,medium,2024-05-07,1,0,0,0,0.5422,807,779,145,0.1861,1
MEM-DEN,medium,2024-05-08,2,0,0,0,0.6035,813,803,117,0.1457,1
MEM-DEN,medium,2024-05-09,3,0,0,0,0.0191,1005,976,41,0.042,0
MEM-DEN,medium,2024-05-10,4,0,0,0,0.0507,798,788,28,0.0355,0
MEM-DEN,medium,2024-05-11,5,1,0,0,0.0627,459,447,33,0.0738,0
MEM-DEN,medium,2024-05-12,6,1,0,0,0.203,510,503,26,0.0517,0
MEM-DEN,medium,2024-05-13,0,0,0,0,0.1082,762,742,23,0.031,0
MEM-DEN,medium,2024-05-14,1,0,0,0,0.36,890,868,31,0.0357,0
MEM-DEN,medium,2024-05-15,2,0,0,0,0.0,857,842,31,0.0368,0
MEM-DEN,medium,2024-05-16,3,0,0,0,0.1082,941,906,45,0.0497,0
MEM-DEN,medium,2024-05-17,4,0,0,0,0.0,980,944,46,0.0487,0
MEM-DEN,medium,2024-05-18,5,1,0,0,0.2823,491,473,30,0.0634,0
MEM-DEN,medium,2024-05-19,6,1,0,0,0.2943,594,582,42,0.0722,0
MEM-DEN,medium,2024-05-20,0,0,0,0,0.2647,825,801,34,0.0424,0
MEM-DEN,medium,2024-05-21,1,0,0,0,0.1944,789,768,32,0.0417,0
MEM-DEN,medium,2024-05-22,2,0,0,0,0.3589,890,878,38,0.0433,0
MEM-DEN,medium,2024-05-23,3,0,0,0,0.1229,871,848,30,0.0354,0
MEM-DEN,medium,2024-05-24,4,0,0,0,0.2065,882,870,43,0.0494,0
MEM-DEN,medium,2024-05-25,5,1,0,0,0.043,455,448,24,0.0536,0
MEM-DEN,medium,2024-05-26,6,1,0,0,0.4171,528,515,38,0.0738,0
MEM-DEN,medium,2024-05-27,0,0,0,0,0.1088,875,861,31,0.036,0
MEM-DEN,medium,2024-05-28,1,0,0,0,0.6895,832,818,159,0.1944,1
MEM-DEN,medium,2024-05-29,2,0,0,0,0.9001,954,939,160,0.1704,1
MEM-DEN,medium,2024-05-30,3,0,0,0,0.1239,949,937,34,0.0363,0
MEM-DEN,medium,2024-05-31,4,0,0,0,0.2154,772,750,33,0.044,0
MEM-DEN,medium,2024-06-01,5,1,0,0,0.3115,483,475,22,0.0463,0
MEM-DEN,medium,2024-06-02,6,1,0,0,0.1982,518,505,22,0.0436,0
MEM-DEN,medium,2024-06-03,0,0,0,0,0.2588,827,812,38,0.0468,0
MEM-DEN,medium,2024-06-04,1,0,0,0,1.0,847,836,108,0.1292,1
MEM-DEN,medium,2024-06-05,2,0,0,0,0.5891,1031,1018,106,0.1041,1
MEM-DEN,medium,2024-06-06,3,0,0,0,0.0739,943,929,31,0.0334,0
MEM-DEN,medium,2024-06-07,4,0,0,0,0.1599,931,905,48,0.053,0
MEM-DEN,medium,2024-06-08,5,1,0,0,0.4206,515,498,36,0.0723,0
MEM-DEN,medium,2024-06-09,6,1,0,0,0.3159,527,517,33,0.0638,0
MEM-DEN,medium,2024-06-10,0,0,0,0,0.2175,846,825,37,0.0448,0
MEM-DEN,medium,2024-06-11,1,0,0,0,0.1788,911,888,35,0.0394,0
MEM-DEN,medium,2024-06-12,2,0,0,0,0.3121,841,827,46,0.0556,0
MEM-DEN,medium,2024-06-13,3,0,0,0,0.0,1027,1007,42,0.0417,0
MEM-DEN,medium,2024-06-14,4,0,0,0,0.1756,884,855,35,0.0409,0
MEM-DEN,medium,2024-06-15,5,1,0,0,0.2094,393,388,29,0.0747,0
MEM-DEN,medium,2024-06-16,6,1,0,0,0.1802,528,510,29,0.0569,0
MEM-DEN,medium,2024-06-17,0,0,0,0,0.5719,885,857,147,0.1715,1
MEM-DEN,medium,2024-06-18,1,0,0,0,0.5997,858,840,157,0.1869,1
MEM-DEN,medium,2024-06-19,2,0,0,0,0.2629,1122,1091,46,0.0422,0
MEM-DEN,medium,2024-06-20,3,0,0,0,0.3323,930,913,41,0.0449,0
MEM-DEN,medium,2024-06-21,4,0,0,0,0.1947,914,884,50,0.0566,0
MEM-DEN,medium,2024-06-22,5,1,0,0,0.0327,433,420,27,0.0643,0
MEM-DEN,medium,2024-06-23,6,1,0,0,0.2348,532,521,30,0.0576,0
MEM-DEN,medium,2024-06-24,0,0,0,0,0.1359,984,960,44,0.0458,0
MEM-DEN,medium,2024-06-25,1,0,0,0,0.2657,892,872,34,0.039,0
MEM-DEN,medium,2024-06-26,2,0,0,0,0.1092,829,808,30,0.0371,0
MEM-DEN,medium,2024-06-27,3,0,0,0,0.1261,943,924,41,0.0444,0
MEM-DEN,medium,2024-06-28,4,0,0,0,0.0,1005,972,45,0.0463,0
MEM-DEN,medium,2024-06-29,5,1,0,0,0.1025,540,530,34,0.0642,0
MEM-DEN,medium,2024-06-30,6,1,0,0,0.1926,487,472,29,0.0614,0
MEM-DEN,medium,2024-07-01,0,0,0,0,0.0024,783,769,33,0.0429,0
MEM-DEN,medium,2024-07-02,1,0,0,0,0.0835,815,792,32,0.0404,0
MEM-DEN,medium,2024-07-03,2,0,0,0,0.0,944,931,39,0.0419,0
MEM-DEN,medium,2024-07-04,3,0,1,0,0.2785,244,235,13,0.0553,0
MEM-DEN,medium,2024-07-05,4,0,0,0,0.0,952,928,47,0.0506,0
MEM-DEN,medium,2024-07-06,5,1,0,0,0.0,422,415,21,0.0506,0
MEM-DEN,medium,2024-07-07,6,1,0,0,0.2062,526,517,28,0.0542,0
MEM-DEN,medium,2024-07-08,0,0,0,0,0.4874,850,829,38,0.0458,0
MEM-DEN,medium,2024-07-09,1,0,0,0,0.0,915,890,41,0.0461,0
MEM-DEN,medium,2024-07-10,2,0,0,0,0.0236,931,919,50,0.0544,0
MEM-DEN,medium,2024-07-11,3,0,0,0,0.0452,936,916,40,0.0437,0
MEM-DEN,medium,2024-07-12,4,0,0,0,0.3004,844,813,34,0.0418,0
MEM-DEN,medium,2024-07-13,5,1,0,0,0.2498,464,449,20,0.0445,0
MEM-DEN,medium,2024-07-14,6,1,0,0,0.1661,434,419,28,0.0668,0
MEM-DEN,medium,2024-07-15,0,0,0,0,0.0,909,882,33,0.0374,0
MEM-DEN,medium,2024-07-16,1,0,0,0,0.0807,1005,981,39,0.0398,0
MEM-DEN,medium,2024-07-17,2,0,0,0,0.3221,846,815,40,0.0491,0
MEM-DEN,medium,2024-07-18,3,0,0,0,0.1056,772,744,40,0.0538,0
MEM-DEN,medium,2024-07-19,4,0,0,0,0.0,848,832,38,0.0457,0
MEM-DEN,medium,2024-07-20,5,1,0,0,0.0132,516,497,20,0.0402,0
MEM-DEN,medium,2024-07-21,6,1,0,0,0.3118,523,513,22,0.0429,0
MEM-DEN,medium,2024-07-22,0,0,0,0,0.3548,836,815,31,0.038,0
MEM-DEN,medium,2024-07-23,1,0,0,0,0.0,1013,983,37,0.0376,0
MEM-DEN,medium,2024-07-24,2,0,0,0,0.1982,964,946,36,0.0381,0
MEM-DEN,medium,2024-07-25,3,0,0,0,0.3006,805,783,36,0.046,0
MEM-DEN,medium,2024-07-26,4,0,0,0,0.046,861,844,34,0.0403,0
MEM-DEN,medium,2024-07-27,5,1,0,0,0.2059,494,478,28,0.0586,0
MEM-DEN,medium,2024-07-28,6,1,0,0,0.1026,446,434,25,0.0576,0
MEM-DEN,medium,2024-07-29,0,0,0,0,0.0216,688,667,31,0.0465,0
MEM-DEN,medium,2024-07-30,1,0,0,0,0.1725,1024,994,36,0.0362,0
MEM-DEN,medium,2024-07-31,2,0,0,0,0.2877,668,657,28,0.0426,0
MEM-DEN,medium,2024-08-01,3,0,0,0,0.0449,962,927,44,0.0475,0
MEM-DEN,medium,2024-08-02,4,0,0,0,0.1807,867,852,49,0.0575,0
MEM-DEN,medium,2024-08-03,5,1,0,0,0.0249,496,484,26,0.0537,0
MEM-DEN,medium,2024-08-04,6,1,0,0,0.2749,511,503,27,0.0537,0
MEM-DEN,medium,2024-08-05,0,0,0,0,0.2424,960,925,31,0.0335,0
MEM-DEN,medium,2024-08-06,1,0,0,0,0.5083,1036,1018,44,0.0432,0
MEM-DEN,medium,2024-08-07,2,0,0,0,0.4226,962,950,54,0.0568,0
MEM-DEN,medium,2024-08-08,3,0,0,0,0.0115,845,815,33,0.0405,0
MEM-DEN,medium,2024-08-09,4,0,0,0,0.1443,883,861,43,0.0499,0
MEM-DEN,medium,2024-08-10,5,1,0,0,0.1351,620,601,30,0.0499,0
MEM-DEN,medium,2024-08-11,6,1,0,0,0.2025,539,530,43,0.0811,0
MEM-DEN,medium,2024-08-12,0,0,0,0,0.0468,897,884,41,0.0464,0
MEM-DEN,medium,2024-08-13,1,0,0,0,0.0,1025,1000,46,0.046,0
MEM-DEN,medium,2024-08-14,2,0,0,0,0.3544,918,888,33,0.0372,0
MEM-DEN,medium,2024-08-15,3,0,0,0,0.0,922,908,40,0.0441,0
MEM-DEN,medium,2024-08-16,4,0,0,0,0.1596,1129,1098,48,0.0437,0
MEM-DEN,medium,2024-08-17,5,1,0,0,0.2921,505,494,31,0.0628,0
MEM-DEN,medium,2024-08-18,6,1,0,0,0.2932,467,458,23,0.0502,0
MEM-DEN,medium,2024-08-19,0,0,0,0,0.2525,869,837,57,0.0681,0
MEM-DEN,medium,2024-08-20,1,0,0,0,0.2954,922,902,51,0.0565,0
MEM-DEN,medium,2024-08-21,2,0,0,0,0.1168,965,936,51,0.0545,0
MEM-DEN,medium,2024-08-22,3,0,0,0,0.3395,906,879,39,0.0444,0
MEM-DEN,medium,2024-08-23,4,0,0,0,0.0,1016,996,45,0.0452,0
MEM-DEN,medium,2024-08-24,5,1,0,0,0.2852,506,496,29,0.0585,0
MEM-DEN,medium,2024-08-25,6,1,0,0,0.2752,491,480,27,0.0563,0
MEM-DEN,medium,2024-08-26,0,0,0,0,0.0609,851,826,36,0.0436,0
MEM-DEN,medium,2024-08-27,1,0,0,0,0.098,823,801,30,0.0375,0
MEM-DEN,medium,2024-08-28,2,0,0,0,0.3351,958,946,35,0.037,0
MEM-DEN,medium,2024-08-29,3,0,0,0,0.2798,921,888,36,0.0405,0
MEM-DEN,medium,2024-08-30,4,0,0,0,0.0,739,729,32,0.0439,0
MEM-DEN,medium,2024-08-31,5,1,0,0,0.1598,505,492,30,0.061,0
MEM-DEN,medium,2024-09-01,6,1,0,0,0.0,476,470,23,0.0489,0
MEM-DEN,medium,2024-09-02,0,0,0,0,0.857,918,890,114,0.1281,1
MEM-DEN,medium,2024-09-03,1,0,0,0,0.0,988,968,57,0.0589,0
MEM-DEN,medium,2024-09-04,2,0,0,0,0.391,824,811,39,0.0481,0
MEM-DEN,medium,2024-09-05,3,0,0,0,0.3486,916,893,43,0.0482,0
MEM-DEN,medium,2024-09-06,4,0,0,0,0.1646,885,874,43,0.0492,0
MEM-DEN,medium,2024-09-07,5,1,0,0,0.0877,457,444,35,0.0788,0
MEM-DEN,medium,2024-09-08,6,1,0,0,0.0775,513,500,29,0.058,0
MEM-DEN,medium,2024-09-09,0,0,0,0,0.0284,777,755,38,0.0503,0
MEM-DEN,medium,2024-09-10,1,0,0,0,0.0589,1022,993,48,0.0483,0
MEM-DEN,medium,2024-09-11,2,0,0,0,0.0678,868,847,46,0.0543,0
MEM-DEN,medium,2024-09-12,3,0,0,0,0.4999,885,857,43,0.0502,0
MEM-DEN,medium,2024-09-13,4,0,0,0,0.2095,1001,977,39,0.0399,0
MEM-DEN,medium,2024-09-14,5,1,0,0,0.2461,571,564,34,0.0603,0
MEM-DEN,medium,2024-09-15,6,1,0,0,0.3336,421,405,18,0.0444,0
MEM-DEN,medium,2024-09-16,0,0,0,0,0.1261,873,855,38,0.0444,0
MEM-DEN,medium,2024-09-17,1,0,0,0,0.2772,1014,1000,40,0.04,0
MEM-DEN,medium,2024-09-18,2,0,0,0,0.1792,1050,1018,40,0.0393,0
MEM-DEN,medium,2024-09-19,3,0,0,0,0.0457,773,758,40,0.0528,0
MEM-DEN,medium,2024-09-20,4,0,0,0,0.0,1006,984,38,0.0386,0
MEM-DEN,medium,2024-09-21,5,1,0,0,0.1369,534,519,21,0.0405,0
MEM-DEN,medium,2024-09-22,6,1,0,0,0.3522,538,528,32,0.0606,0
MEM-DEN,medium,2024-09-23,0,0,0,0,0.0858,785,760,27,0.0355,0
MEM-DEN,medium,2024-09-24,1,0,0,0,0.311,967,952,44,0.0462,0
MEM-DEN,medium,2024-09-25,2,0,0,0,0.2307,957,935,44,0.0471,0
MEM-DEN,medium,2024-09-26,3,0,0,0,0.2168,907,888,38,0.0428,0
MEM-DEN,medium,2024-09-27,4,0,0,0,0.2205,882,851,47,0.0552,0
MEM-DEN,medium,2024-09-28,5,1,0,0,0.3211,410,403,31,0.0769,0
MEM-DEN,medium,2024-09-29,6,1,0,0,0.3951,514,501,33,0.0659,0
MEM-DEN,medium,2024-09-30,0,0,0,0,0.0211,890,870,40,0.046,0
MEM-DEN,medium,2024-10-01,1,0,0,0,0.1299,849,834,41,0.0492,0
MEM-DEN,medium,2024-10-02,2,0,0,0,0.2286,723,702,32,0.0456,0
MEM-DEN,medium,2024-10-03,3,0,0,0,0.3151,796,768,28,0.0365,0
MEM-DEN,medium,2024-10-04,4,0,0,0,0.3551,909,890,45,0.0506,0
MEM-DEN,medium,2024-10-05,5,1,0,0,0.025,544,537,29,0.054,0
MEM-DEN,medium,2024-10-06,6,1,0,0,0.0,518,511,27,0.0528,0
MEM-DEN,medium,2024-10-07,0,0,0,0,0.2225,886,861,55,0.0639,0
MEM-DEN,medium,2024-10-08,1,0,0,0,0.1851,822,795,24,0.0302,0
MEM-DEN,medium,2024-10-09,2,0,0,0,0.1962,916,901,34,0.0377,0
MEM-DEN,medium,2024-10-10,3,0,0,0,0.1764,1062,1039,40,0.0385,0
MEM-DEN,medium,2024-10-11,4,0,0,0,0.0779,950,935,37,0.0396,0
MEM-DEN,medium,2024-10-12,5,1,0,0,0.2133,469,457,26,0.0569,0
MEM-DEN,medium,2024-10-13,6,1,0,0,0.4736,546,526,32,0.0608,0
MEM-DEN,medium,2024-10-14,0,0,0,0,0.0446,942,918,39,0.0425,0
MEM-DEN,medium,2024-10-15,1,0,0,0,0.0753,834,804,37,0.046,0
MEM-DEN,medium,2024-10-16,2,0,0,0,0.2043,903,871,31,0.0356,0
MEM-DEN,medium,2024-10-17,3,0,0,0,0.1595,1014,990,50,0.0505,0
MEM-DEN,medium,2024-10-18,4,0,0,0,0.0717,825,808,36,0.0446,0
MEM-DEN,medium,2024-10-19,5,1,0,0,0.2227,550,532,36,0.0677,0
MEM-DEN,medium,2024-10-20,6,1,0,0,0.1849,549,536,29,0.0541,0
MEM-DEN,medium,2024-10-21,0,0,0,0,0.1107,885,857,42,0.049,0
MEM-DEN,medium,2024-10-22,1,0,0,0,0.187,988,956,36,0.0377,0
MEM-DEN,medium,2024-10-23,2,0,0,0,0.208,879,854,45,0.0527,0
MEM-DEN,medium,2024-10-24,3,0,0,0,0.32,885,863,43,0.0498,0
MEM-DEN,medium,2024-10-25,4,0,0,0,0.0858,852,826,47,0.0569,0
MEM-DEN,medium,2024-10-26,5,1,0,0,0.1622,466,455,21,0.0462,0
MEM-DEN,medium,2024-10-27,6,1,0,0,0.0143,476,461,34,0.0738,0
MEM-DEN,medium,2024-10-28,0,0,0,0,0.4015,1030,1000,45,0.045,0
MEM-DEN,medium,2024-10-29,1,0,0,0,0.196,807,786,47,0.0598,0
MEM-DEN,medium,2024-10-30,2,0,0,0,0.2879,947,914,55,0.0602,0
MEM-DEN,medium,2024-10-31,3,0,0,0,0.2043,800,786,31,0.0394,0
MEM-DEN,medium,2024-11-01,4,0,0,0,0.011,878,849,42,0.0495,0
MEM-DEN,medium,2024-11-02,5,1,0,0,0.0491,587,565,36,0.0637,0
MEM-DEN,medium,2024-11-03,6,1,0,0,0.2449,559,546,31,0.0568,0
MEM-DEN,medium,2024-11-04,0,0,0,0,0.0648,900,872,39,0.0447,0
MEM-DEN,medium,2024-11-05,1,0,0,0,0.0662,910,894,37,0.0414,0
MEM-DEN,medium,2024-11-06,2,0,0,0,0.1815,907,891,41,0.046,0
MEM-DEN,medium,2024-11-07,3,0,0,0,0.0,763,737,32,0.0434,0
MEM-DEN,medium,2024-11-08,4,0,0,0,0.12,930,904,44,0.0487,0
MEM-DEN,medium,2024-11-09,5,1,0,0,0.264,469,455,28,0.0615,0
MEM-DEN,medium,2024-11-10,6,1,0,0,0.0803,515,499,38,0.0762,0
MEM-DEN,medium,2024-11-11,0,0,1,0,0.1524,234,227,13,0.0573,0
MEM-DEN,medium,2024-11-12,1,0,0,0,0.2116,932,911,43,0.0472,0
MEM-DEN,medium,2024-11-13,2,0,0,0,0.1872,936,921,41,0.0445,0
MEM-DEN,medium,2024-11-14,3,0,0,0,0.249,941,921,44,0.0478,0
MEM-DEN,medium,2024-11-15,4,0,0,0,0.0,1066,1050,54,0.0514,0
MEM-DEN,medium,2024-11-16,5,1,0,0,0.2487,497,483,26,0.0538,0
MEM-DEN,medium,2024-11-17,6,1,0,0,0.323,497,486,25,0.0514,0
MEM-DEN,medium,2024-11-18,0,0,0,0,0.065,982,959,48,0.0501,0
MEM-DEN,medium,2024-11-19,1,0,0,0,0.1882,995,969,49,0.0506,0
MEM-DEN,medium,2024-11-20,2,0,0,1,0.1871,1564,1506,108,0.0717,0
MEM-DEN,medium,2024-11-21,3,0,0,1,0.0,1577,1551,109,0.0703,0
MEM-DEN,medium,2024-11-22,4,0,0,1,0.1031,1436,1414,117,0.0827,0
MEM-DEN,medium,2024-11-23,5,1,0,1,0.0892,730,720,66,0.0917,0
MEM-DEN,medium,2024-11-24,6,1,0,1,0.2796,673,652,71,0.1089,0
MEM-DEN,medium,2024-11-25,0,0,0,1,0.101,1360,1324,114,0.0861,0
MEM-DEN,medium,2024-11-26,1,0,0,1,0.3217,1483,1444,91,0.063,0
MEM-DEN,medium,2024-11-27,2,0,0,1,0.0,1682,1632,131,0.0803,0
MEM-DEN,medium,2024-11-28,3,0,0,1,0.2724,1387,1361,108,0.0794,0
MEM-DEN,medium,2024-11-29,4,0,0,1,0.0727,1462,1442,97,0.0673,0
MEM-DEN,medium,2024-11-30,5,1,0,1,0.0597,837,821,82,0.0999,0
MEM-DEN,medium,2024-12-01,6,1,0,1,0.1306,843,821,83,0.1011,0
MEM-DEN,medium,2024-12-02,0,0,0,1,0.2166,1406,1379,110,0.0798,0
MEM-DEN,medium,2024-12-03,1,0,0,1,0.17,1458,1435,96,0.0669,0
MEM-DEN,medium,2024-12-04,2,0,0,1,0.0159,1548,1514,120,0.0793,0
MEM-DEN,medium,2024-12-05,3,0,0,1,0.0,1530,1496,116,0.0775,0
MEM-DEN,medium,2024-12-06,4,0,0,1,0.1883,1413,1395,111,0.0796,0
MEM-DEN,medium,2024-12-07,5,1,0,1,0.1526,725,713,83,0.1164,0
MEM-DEN,medium,2024-12-08,6,1,0,1,0.1211,742,715,56,0.0783,0
MEM-DEN,medium,2024-12-09,0,0,0,1,0.2936,1534,1494,130,0.087,0
MEM-DEN,medium,2024-12-10,1,0,0,1,0.2642,1241,1212,105,0.0866,0
MEM-DEN,medium,2024-12-11,2,0,0,1,0.1628,1394,1352,91,0.0673,0
MEM-DEN,medium,2024-12-12,3,0,0,1,0.2074,1314,1273,98,0.077,0
MEM-DEN,medium,2024-12-13,4,0,0,1,0.0964,1337,1289,117,0.0908,0
MEM-DEN,medium,2024-12-14,5,1,0,1,0.2466,747,734,72,0.0981,0
MEM-DEN,medium,2024-12-15,6,1,0,1,0.057,731,721,67,0.0929,0
MEM-DEN,medium,2024-12-16,0,0,0,1,0.0539,1526,1479,129,0.0872,0
MEM-DEN,medium,2024-12-17,1,0,0,1,0.6324,1268,1233,316,0.2563,1
MEM-DEN,medium,2024-12-18,2,0,0,1,0.0881,1271,1244,104,0.0836,0
MEM-DEN,medium,2024-12-19,3,0,0,1,0.0798,1583,1553,110,0.0708,0
MEM-DEN,medium,2024-12-20,4,0,0,1,0.1837,1380,1336,114,0.0853,0
MEM-DEN,medium,2024-12-21,5,1,0,1,0.0193,813,783,77,0.0983,0
MEM-DEN,medium,2024-12-22,6,1,0,1,0.2953,833,816,89,0.1091,0
MEM-DEN,medium,2024-12-23,0,0,0,1,0.3338,1400,1369,100,0.073,0
MEM-DEN,medium,2024-12-24,1,0,0,1,0.1682,1595,1540,122,0.0792,0
MEM-DEN,medium,2024-12-25,2,0,1,1,0.1598,367,356,30,0.0843,0
MEM-DEN,medium,2024-12-26,3,0,0,1,0.2604,1325,1276,97,0.076,0
MEM-DEN,medium,2024-12-27,4,0,0,0,0.2731,912,898,42,0.0468,0
MEM-DEN,medium,2024-12-28,5,1,0,0,0.0,459,446,17,0.0381,0
MEM-DEN,medium,2024-12-29,6,1,0,0,0.2665,539,523,30,0.0574,0
MEM-DEN,medium,2024-12-30,0,0,0,0,0.3698,932,911,49,0.0538,0
MEM-DEN,medium,2024-12-31,1,0,0,0,0.0899,903,879,38,0.0432,0
MEM-DEN,medium,2025-01-01,2,0,1,0,0.1243,201,194,13,0.067,0
MEM-DEN,medium,2025-01-02,3,0,0,0,0.0998,842,826,30,0.0363,0
MEM-DEN,medium,2025-01-03,4,0,0,0,0.1718,849,837,29,0.0346,0
MEM-DEN,medium,2025-01-04,5,1,0,0,0.0387,542,531,35,0.0659,0
MEM-DEN,medium,2025-01-05,6,1,0,0,0.0936,520,510,36,0.0706,0
MEM-DEN,medium,2025-01-06,0,0,0,0,0.134,938,924,35,0.0379,0
MEM-DEN,medium,2025-01-07,1,0,0,0,0.185,983,959,36,0.0375,0
MEM-DEN,medium,2025-01-08,2,0,0,0,0.5343,1039,1001,43,0.043,0
MEM-DEN,medium,2025-01-09,3,0,0,0,0.7483,945,932,159,0.1706,1
MEM-DEN,medium,2025-01-10,4,0,0,0,0.0,896,872,43,0.0493,0
MEM-DEN,medium,2025-01-11,5,1,0,0,0.1048,414,402,33,0.0821,0
MEM-DEN,medium,2025-01-12,6,1,0,0,0.1591,492,478,30,0.0628,0
MEM-DEN,medium,2025-01-13,0,0,0,0,0.053,856,838,24,0.0286,0
MEM-DEN,medium,2025-01-14,1,0,0,0,0.0177,1030,996,54,0.0542,0
MEM-DEN,medium,2025-01-15,2,0,0,0,0.1339,790,764,30,0.0393,0
MEM-DEN,medium,2025-01-16,3,0,0,0,0.0911,866,841,34,0.0404,0
MEM-DEN,medium,2025-01-17,4,0,0,0,0.0,878,847,30,0.0354,0
MEM-DEN,medium,2025-01-18,5,1,0,0,0.1305,592,571,28,0.049,0
MEM-DEN,medium,2025-01-19,6,1,0,0,0.0,622,602,43,0.0714,0
MEM-DEN,medium,2025-01-20,0,0,0,0,0.2411,992,974,46,0.0472,0
MEM-DEN,medium,2025-01-21,1,0,0,0,0.0956,867,849,48,0.0565,0
MEM-DEN,medium,2025-01-22,2,0,0,0,0.2789,1020,984,42,0.0427,0
MEM-DEN,medium,2025-01-23,3,0,0,0,0.3791,799,780,36,0.0462,0
MEM-DEN,medium,2025-01-24,4,0,0,0,0.1902,818,797,40,0.0502,0
MEM-DEN,medium,2025-01-25,5,1,0,0,0.2465,486,473,27,0.0571,0
MEM-DEN,medium,2025-01-26,6,1,0,0,0.0654,489,482,30,0.0622,0
MEM-DEN,medium,2025-01-27,0,0,0,0,0.1803,888,875,38,0.0434,0
MEM-DEN,medium,2025-01-28,1,0,0,0,0.751,1012,981,160,0.1631,1
MEM-DEN,medium,2025-01-29,2,0,0,0,0.254,1057,1041,49,0.0471,0
MEM-DEN,medium,2025-01-30,3,0,0,0,0.1989,837,821,44,0.0536,0
MEM-DEN,medium,2025-01-31,4,0,0,0,0.1907,916,889,40,0.045,0
MEM-DEN,medium,2025-02-01,5,1,0,0,0.069,501,492,32,0.065,0
MEM-DEN,medium,2025-02-02,6,1,0,0,0.313,536,526,34,0.0646,0
MEM-DEN,medium,2025-02-03,0,0,0,0,0.0,820,790,45,0.057,0
MEM-DEN,medium,2025-02-04,1,0,0,0,0.2518,925,909,53,0.0583,0
MEM-DEN,medium,2025-02-05,2,0,0,0,0.3484,967,936,36,0.0385,0
MEM-DEN,medium,2025-02-06,3,0,0,0,0.2074,693,680,27,0.0397,0
MEM-DEN,medium,2025-02-07,4,0,0,0,0.2374,872,844,38,0.045,0
MEM-DEN,medium,2025-02-08,5,1,0,0,0.1164,600,587,38,0.0647,0
MEM-DEN,medium,2025-02-09,6,1,0,0,0.1146,497,491,28,0.057,0
MEM-DEN,medium,2025-02-10,0,0,0,0,0.1181,877,863,43,0.0498,0
MEM-DEN,medium,2025-02-11,1,0,0,0,0.2564,968,941,50,0.0531,0
MEM-DEN,medium,2025-02-12,2,0,0,0,0.2607,927,893,41,0.0459,0
MEM-DEN,medium,2025-02-13,3,0,0,0,0.0,997,971,37,0.0381,0
MEM-DEN,medium,2025-02-14,4,0,0,0,0.0448,1056,1031,51,0.0495,0
MEM-DEN,medium,2025-02-15,5,1,0,0,0.1142,482,473,34,0.0719,0
MEM-DEN,medium,2025-02-16,6,1,0,0,0.0,442,431,23,0.0534,0
MEM-DEN,medium,2025-02-17,0,0,0,0,0.2244,760,735,32,0.0435,0
MEM-DEN,medium,2025-02-18,1,0,0,0,0.1958,1027,1000,31,0.031,0
MEM-DEN,medium,2025-02-19,2,0,0,0,0.1072,968,954,41,0.043,0
MEM-DEN,medium,2025-02-20,3,0,0,0,0.7823,949,934,145,0.1552,1
MEM-DEN,medium,2025-02-21,4,0,0,0,0.7148,751,736,129,0.1753,1
MEM-DEN,medium,2025-02-22,5,1,0,0,0.1311,468,452,24,0.0531,0
MEM-DEN,medium,2025-02-23,6,1,0,0,0.1485,440,430,21,0.0488,0
MEM-DEN,medium,2025-02-24,0,0,0,0,0.1545,1055,1024,58,0.0566,0
MEM-DEN,medium,2025-02-25,1,0,0,0,0.2226,900,883,45,0.051,0
MEM-DEN,medium,2025-02-26,2,0,0,0,0.0,881,861,44,0.0511,0
MEM-DEN,medium,2025-02-27,3,0,0,0,0.1668,954,932,36,0.0386,0
MEM-DEN,medium,2025-02-28,4,0,0,0,0.0,892,875,45,0.0514,0
MEM-DEN,medium,2025-03-01,5,1,0,0,0.0535,482,476,22,0.0462,0
MEM-DEN,medium,2025-03-02,6,1,0,0,0.1024,472,465,21,0.0452,0
MEM-DEN,medium,2025-03-03,0,0,0,0,0.0154,1049,1028,46,0.0447,0
MEM-DEN,medium,2025-03-04,1,0,0,0,0.1615,933,906,50,0.0552,0
MEM-DEN,medium,2025-03-05,2,0,0,0,0.4008,1029,1007,42,0.0417,0
MEM-DEN,medium,2025-03-06,3,0,0,0,0.0015,1018,992,41,0.0413,0
MEM-DEN,medium,2025-03-07,4,0,0,0,0.1539,866,842,37,0.0439,0
MEM-DEN,medium,2025-03-08,5,1,0,0,0.1737,575,561,30,0.0535,0
MEM-DEN,medium,2025-03-09,6,1,0,0,0.1321,437,423,25,0.0591,0
MEM-DEN,medium,2025-03-10,0,0,0,0,0.1684,894,880,48,0.0545,0
MEM-DEN,medium,2025-03-11,1,0,0,0,0.2111,856,829,41,0.0495,0
MEM-DEN,medium,2025-03-12,2,0,0,0,0.0437,973,956,53,0.0554,0
MEM-DEN,medium,2025-03-13,3,0,0,0,0.2568,885,870,43,0.0494,0
MEM-DEN,medium,2025-03-14,4,0,0,0,0.2151,1070,1034,51,0.0493,0
MEM-DEN,medium,2025-03-15,5,1,0,0,0.1318,554,541,32,0.0591,0
MEM-DEN,medium,2025-03-16,6,1,0,0,0.0516,434,418,26,0.0622,0
MEM-DEN,medium,2025-03-17,0,0,0,0,0.1864,794,778,31,0.0398,0
MEM-DEN,medium,2025-03-18,1,0,0,0,0.871,872,849,112,0.1319,1
MEM-DEN,medium,2025-03-19,2,0,0,0,0.0,935,911,35,0.0384,0
MEM-DEN,medium,2025-03-20,3,0,0,0,0.3537,946,911,29,0.0318,0
MEM-DEN,medium,2025-03-21,4,0,0,0,0.1214,998,974,42,0.0431,0
MEM-DEN,medium,2025-03-22,5,1,0,0,0.1246,506,495,33,0.0667,0
MEM-DEN,medium,2025-03-23,6,1,0,0,0.1317,409,396,26,0.0657,0
MEM-DEN,medium,2025-03-24,0,0,0,0,0.276,803,787,28,0.0356,0
MEM-DEN,medium,2025-03-25,1,0,0,0,0.3043,837,812,49,0.0603,0
MEM-DEN,medium,2025-03-26,2,0,0,0,0.0,826,815,31,0.038,0
MEM-DEN,medium,2025-03-27,3,0,0,0,0.0,873,846,40,0.0473,0
MEM-DEN,medium,2025-03-28,4,0,0,0,0.0252,951,939,50,0.0532,0
MEM-DEN,medium,2025-03-29,5,1,0,0,0.3088,433,424,24,0.0566,0
MEM-DEN,medium,2025-03-30,6,1,0,0,0.2247,440,434,25,0.0576,0
MEM-DEN,medium,2025-03-31,0,0,0,0,0.225,857,828,25,0.0302,0
MEM-DEN,medium,2025-04-01,1,0,0,0,0.2011,944,920,42,0.0457,0
MEM-DEN,medium,2025-04-02,2,0,0,0,0.0646,942,926,45,0.0486,0
MEM-DEN,medium,2025-04-03,3,0,0,0,0.276,753,727,25,0.0344,0
MEM-DEN,medium,2025-04-04,4,0,0,0,0.3051,1002,969,47,0.0485,0
MEM-DEN,medium,2025-04-05,5,1,0,0,0.3206,507,496,28,0.0565,0
MEM-DEN,medium,2025-04-06,6,1,0,0,0.1375,510,497,16,0.0322,0
MEM-DEN,medium,2025-04-07,0,0,0,0,0.1573,970,950,36,0.0379,0
MEM-DEN,medium,2025-04-08,1,0,0,0,0.1572,937,905,53,0.0586,0
MEM-DEN,medium,2025-04-09,2,0,0,0,0.1623,894,866,46,0.0531,0
MEM-DEN,medium,2025-04-10,3,0,0,0,0.1321,953,930,31,0.0333,0
MEM-DEN,medium,2025-04-11,4,0,0,0,0.0484,1022,992,48,0.0484,0
MEM-DEN,medium,2025-04-12,5,1,0,0,0.1244,576,556,28,0.0504,0
MEM-DEN,medium,2025-04-13,6,1,0,0,0.4943,493,475,28,0.0589,0
MEM-DEN,medium,2025-04-14,0,0,0,0,0.0167,984,956,47,0.0492,0
MEM-DEN,medium,2025-04-15,1,0,0,0,0.1129,907,887,47,0.053,0
MEM-DEN,medium,2025-04-16,2,0,0,0,0.2652,943,927,40,0.0431,0
MEM-DEN,medium,2025-04-17,3,0,0,0,0.1803,830,810,51,0.063,0
MEM-DEN,medium,2025-04-18,4,0,0,0,0.2899,766,740,23,0.0311,0
MEM-DEN,medium,2025-04-19,5,1,0,0,0.0429,521,506,35,0.0692,0
MEM-DEN,medium,2025-04-20,6,1,0,0,0.1399,522,507,23,0.0454,0
MEM-DEN,medium,2025-04-21,0,0,0,0,0.0727,1060,1033,38,0.0368,0
MEM-DEN,medium,2025-04-22,1,0,0,0,0.0,926,914,46,0.0503,0
MEM-DEN,medium,2025-04-23,2,0,0,0,0.0473,703,680,39,0.0574,0
MEM-DEN,medium,2025-04-24,3,0,0,0,0.0,905,881,48,0.0545,0
MEM-DEN,medium,2025-04-25,4,0,0,0,0.1189,901,870,44,0.0506,0
MEM-DEN,medium,2025-04-26,5,1,0,0,0.0,522,513,29,0.0565,0
MEM-DEN,medium,2025-04-27,6,1,0,0,0.0842,483,473,32,0.0677,0
MEM-DEN,medium,2025-04-28,0,0,0,0,0.1204,724,701,24,0.0342,0
MEM-DEN,medium,2025-04-29,1,0,0,0,0.2924,838,811,39,0.0481,0
MEM-DEN,medium,2025-04-30,2,0,0,0,0.2825,962,942,30,0.0318,0
MEM-DEN,medium,2025-05-01,3,0,0,0,0.3603,1050,1032,42,0.0407,0
MEM-DEN,medium,2025-05-02,4,0,0,0,0.0,1054,1015,49,0.0483,0
MEM-DEN,medium,2025-05-03,5,1,0,0,0.1078,509,502,40,0.0797,0
MEM-DEN,medium,2025-05-04,6,1,0,0,0.0,521,512,21,0.041,0
MEM-DEN,medium,2025-05-05,0,0,0,0,0.0524,968,945,37,0.0392,0
MEM-DEN,medium,2025-05-06,1,0,0,0,0.2632,837,815,38,0.0466,0
MEM-DEN,medium,2025-05-07,2,0,0,0,0.109,954,921,46,0.0499,0
MEM-DEN,medium,2025-05-08,3,0,0,0,0.3752,931,896,40,0.0446,0
MEM-DEN,medium,2025-05-09,4,0,0,0,0.0613,839,818,41,0.0501,0
MEM-DEN,medium,2025-05-10,5,1,0,0,0.0958,532,519,28,0.0539,0
MEM-DEN,medium,2025-05-11,6,1,0,0,0.0151,596,583,20,0.0343,0
MEM-DEN,medium,2025-05-12,0,0,0,0,0.1673,760,749,31,0.0414,0
MEM-DEN,medium,2025-05-13,1,0,0,0,0.1748,1091,1056,55,0.0521,0
MEM-DEN,medium,2025-05-14,2,0,0,0,0.3043,753,741,40,0.054,0
MEM-DEN,medium,2025-05-15,3,0,0,0,0.277,808,778,32,0.0411,0
MEM-DEN,medium,2025-05-16,4,0,0,0,0.333,909,876,42,0.0479,0
MEM-DEN,medium,2025-05-17,5,1,0,0,0.0772,463,456,30,0.0658,0
MEM-DEN,medium,2025-05-18,6,1,0,0,0.0,478,466,34,0.073,0
MEM-DEN,medium,2025-05-19,0,0,0,0,0.0015,880,866,45,0.052,0
MEM-DEN,medium,2025-05-20,1,0,0,0,0.1381,1095,1060,37,0.0349,0
MEM-DEN,medium,2025-05-21,2,0,0,0,0.0118,910,892,44,0.0493,0
MEM-DEN,medium,2025-05-22,3,0,0,0,0.1281,850,824,35,0.0425,0
MEM-DEN,medium,2025-05-23,4,0,0,0,0.0826,853,826,39,0.0472,0
MEM-DEN,medium,2025-05-24,5,1,0,0,0.1256,559,538,37,0.0688,0
MEM-DEN,medium,2025-05-25,6,1,0,0,0.2657,534,519,29,0.0559,0
MEM-DEN,medium,2025-05-26,0,0,0,0,0.1916,824,794,32,0.0403,0
MEM-DEN,medium,2025-05-27,1,0,0,0,0.1854,742,725,32,0.0441,0
MEM-DEN,medium,2025-05-28,2,0,0,0,0.0143,871,842,32,0.038,0
MEM-DEN,medium,2025-05-29,3,0,0,0,0.1881,860,832,37,0.0445,0
MEM-DEN,medium,2025-05-30,4,0,0,0,0.196,1010,987,39,0.0395,0
MEM-DEN,medium,2025-05-31,5,1,0,0,0.1243,496,489,30,0.0613,0
MEM-DEN,medium,2025-06-01,6,1,0,0,0.0,539,530,41,0.0774,0
MEM-DEN,medium,2025-06-02,0,0,0,0,0.088,871,850,39,0.0459,0
MEM-DEN,medium,2025-06-03,1,0,0,0,0.2671,872,853,30,0.0352,0
MEM-DEN,medium,2025-06-04,2,0,0,0,0.1989,1142,1127,40,0.0355,0
MEM-DEN,medium,2025-06-05,3,0,0,0,0.0689,686,668,23,0.0344,0
MEM-DEN,medium,2025-06-06,4,0,0,0,0.2114,1065,1048,55,0.0525,0
MEM-DEN,medium,2025-06-07,5,1,0,0,0.1686,550,537,26,0.0484,0
MEM-DEN,medium,2025-06-08,6,1,0,0,0.2123,538,531,25,0.0471,0
MEM-DEN,medium,2025-06-09,0,0,0,0,0.4629,873,857,34,0.0397,0
MEM-DEN,medium,2025-06-10,1,0,0,0,0.1867,840,817,35,0.0428,0
MEM-DEN,medium,2025-06-11,2,0,0,0,0.2252,817,794,38,0.0479,0
MEM-DEN,medium,2025-06-12,3,0,0,0,0.195,762,746,25,0.0335,0
MEM-DEN,medium,2025-06-13,4,0,0,0,0.2546,853,833,29,0.0348,0
MEM-DEN,medium,2025-06-14,5,1,0,0,0.2806,528,516,29,0.0562,0
MEM-DEN,medium,2025-06-15,6,1,0,0,0.0252,470,462,23,0.0498,0
MEM-DEN,medium,2025-06-16,0,0,0,0,0.2308,932,900,38,0.0422,0
MEM-DEN,medium,2025-06-17,1,0,0,0,0.7203,915,886,145,0.1637,1
MEM-DEN,medium,2025-06-18,2,0,0,0,0.1772,734,711,19,0.0267,0
MEM-DEN,medium,2025-06-19,3,0,0,0,0.0967,966,943,47,0.0498,0
MEM-DEN,medium,2025-06-20,4,0,0,0,0.0736,825,796,29,0.0364,0
MEM-DEN,medium,2025-06-21,5,1,0,0,0.0,536,529,34,0.0643,0
MEM-DEN,medium,2025-06-22,6,1,0,0,0.0462,500,482,33,0.0685,0
MEM-DEN,medium,2025-06-23,0,0,0,0,0.1331,838,823,49,0.0595,0
MEM-DEN,medium,2025-06-24,1,0,0,0,0.2615,877,844,32,0.0379,0
MEM-DEN,medium,2025-06-25,2,0,0,0,0.2476,928,903,39,0.0432,0
MEM-DEN,medium,2025-06-26,3,0,0,0,0.2839,773,749,29,0.0387,0
MEM-DEN,medium,2025-06-27,4,0,0,0,0.2056,988,958,45,0.047,0
MEM-DEN,medium,2025-06-28,5,1,0,0,0.1422,483,467,26,0.0557,0
MEM-DEN,medium,2025-06-29,6,1,0,0,0.2725,526,507,26,0.0513,0
MEM-DEN,medium,2025-06-30,0,0,0,0,0.1807,1002,973,51,0.0524,0
MEM-DEN,medium,2025-07-01,1,0,0,0,0.299,1021,999,47,0.047,0
MEM-DEN,medium,2025-07-02,2,0,0,0,0.1983,894,879,35,0.0398,0
MEM-DEN,medium,2025-07-03,3,0,0,0,0.0,974,946,41,0.0433,0
MEM-DEN,medium,2025-07-04,4,0,1,0,0.3698,241,234,5,0.0214,0
MEM-DEN,medium,2025-07-05,5,1,0,0,0.2175,459,443,22,0.0497,0
MEM-DEN,medium,2025-07-06,6,1,0,0,0.2815,444,433,24,0.0554,0
MEM-DEN,medium,2025-07-07,0,0,0,0,0.409,868,853,49,0.0574,0
MEM-DEN,medium,2025-07-08,1,0,0,0,0.0833,985,960,48,0.05,0
MEM-DEN,medium,2025-07-09,2,0,0,0,0.2348,803,788,34,0.0431,0
MEM-DEN,medium,2025-07-10,3,0,0,0,0.0436,1011,975,53,0.0544,0
MEM-DEN,medium,2025-07-11,4,0,0,0,0.0994,985,954,42,0.044,0
MEM-DEN,medium,2025-07-12,5,1,0,0,0.0,520,507,44,0.0868,0
MEM-DEN,medium,2025-07-13,6,1,0,0,0.0,488,477,24,0.0503,0
MEM-DEN,medium,2025-07-14,0,0,0,0,0.0027,862,843,29,0.0344,0
MEM-DEN,medium,2025-07-15,1,0,0,0,0.017,1018,990,53,0.0535,0
MEM-DEN,medium,2025-07-16,2,0,0,0,0.0,1086,1072,40,0.0373,0
MEM-DEN,medium,2025-07-17,3,0,0,0,0.1482,895,875,49,0.056,0
MEM-DEN,medium,2025-07-18,4,0,0,0,0.0058,831,810,36,0.0444,0
MEM-DEN,medium,2025-07-19,5,1,0,0,0.1848,607,586,30,0.0512,0
MEM-DEN,medium,2025-07-20,6,1,0,0,0.2528,607,594,39,0.0657,0
MEM-DEN,medium,2025-07-21,0,0,0,0,0.2002,755,729,33,0.0453,0
MEM-DEN,medium,2025-07-22,1,0,0,0,0.0,982,946,43,0.0455,0
MEM-DEN,medium,2025-07-23,2,0,0,0,0.0,1071,1033,53,0.0513,0
MEM-DEN,medium,2025-07-24,3,0,0,0,0.0,884,868,32,0.0369,0
MEM-DEN,medium,2025-07-25,4,0,0,0,0.1379,877,847,45,0.0531,0
MEM-DEN,medium,2025-07-26,5,1,0,0,0.2714,561,550,23,0.0418,0
MEM-DEN,medium,2025-07-27,6,1,0,0,0.0,476,462,25,0.0541,0
MEM-DEN,medium,2025-07-28,0,0,0,0,0.4336,788,774,40,0.0517,0
MEM-DEN,medium,2025-07-29,1,0,0,0,0.0947,1047,1030,42,0.0408,0
MEM-DEN,medium,2025-07-30,2,0,0,0,0.0923,992,969,57,0.0588,0
MEM-DEN,medium,2025-07-31,3,0,0,0,0.4066,1076,1046,47,0.0449,0
MEM-DEN,medium,2025-08-01,4,0,0,0,0.0,829,801,42,0.0524,0
MEM-DEN,medium,2025-08-02,5,1,0,0,0.1965,496,488,21,0.043,0
MEM-DEN,medium,2025-08-03,6,1,0,0,0.2845,507,496,35,0.0706,0
MEM-DEN,medium,2025-08-04,0,0,0,0,0.299,803,791,32,0.0405,0
MEM-DEN,medium,2025-08-05,1,0,0,0,0.2223,807,789,30,0.038,0
MEM-DEN,medium,2025-08-06,2,0,0,0,0.0893,953,921,45,0.0489,0
MEM-DEN,medium,2025-08-07,3,0,0,0,0.0624,805,780,39,0.05,0
MEM-DEN,medium,2025-08-08,4,0,0,0,0.0,819,797,39,0.0489,0
MEM-DEN,medium,2025-08-09,5,1,0,0,0.2112,506,494,33,0.0668,0
MEM-DEN,medium,2025-08-10,6,1,0,0,0.2266,500,488,32,0.0656,0
MEM-DEN,medium,2025-08-11,0,0,0,0,0.0,902,875,33,0.0377,0
MEM-DEN,medium,2025-08-12,1,0,0,0,0.1872,831,819,38,0.0464,0
MEM-DEN,medium,2025-08-13,2,0,0,0,0.1133,815,784,32,0.0408,0
MEM-DEN,medium,2025-08-14,3,0,0,0,0.12,1078,1050,48,0.0457,0
MEM-DEN,medium,2025-08-15,4,0,0,0,0.2406,732,717,36,0.0502,0
MEM-DEN,medium,2025-08-16,5,1,0,0,0.0226,538,524,20,0.0382,0
MEM-DEN,medium,2025-08-17,6,1,0,0,0.0,482,471,26,0.0552,0
MEM-DEN,medium,2025-08-18,0,0,0,0,0.1561,881,863,35,0.0406,0
MEM-DEN,medium,2025-08-19,1,0,0,0,0.0,937,925,47,0.0508,0
MEM-DEN,medium,2025-08-20,2,0,0,0,0.0,932,915,43,0.047,0
MEM-DEN,medium,2025-08-21,3,0,0,0,0.0539,830,805,29,0.036,0
MEM-DEN,medium,2025-08-22,4,0,0,0,0.1543,837,816,28,0.0343,0
MEM-DEN,medium,2025-08-23,5,1,0,0,0.1006,492,479,30,0.0626,0
MEM-DEN,medium,2025-08-24,6,1,0,0,0.1581,506,494,31,0.0628,0
MEM-DEN,medium,2025-08-25,0,0,0,0,0.2428,995,967,39,0.0403,0
MEM-DEN,medium,2025-08-26,1,0,0,0,0.234,882,871,29,0.0333,0
MEM-DEN,medium,2025-08-27,2,0,0,0,0.3398,1073,1036,49,0.0473,0
MEM-DEN,medium,2025-08-28,3,0,0,0,0.3306,817,787,33,0.0419,0
MEM-DEN,medium,2025-08-29,4,0,0,0,0.0666,900,876,26,0.0297,0
MEM-DEN,medium,2025-08-30,5,1,0,0,0.1305,466,459,30,0.0654,0
MEM-DEN,medium,2025-08-31,6,1,0,0,0.1741,490,472,32,0.0678,0
MEM-DEN,medium,2025-09-01,0,0,0,0,0.0561,923,890,39,0.0438,0
MEM-DEN,medium,2025-09-02,1,0,0,0,0.111,944,914,44,0.0481,0
MEM-DEN,medium,2025-09-03,2,0,0,0,0.2577,873,843,34,0.0403,0
MEM-DEN,medium,2025-09-04,3,0,0,0,0.0,882,869,36,0.0414,0
MEM-DEN,medium,2025-09-05,4,0,0,0,0.27,921,907,53,0.0584,0
MEM-DEN,medium,2025-09-06,5,1,0,0,0.1161,511,501,21,0.0419,0
MEM-DEN,medium,2025-09-07,6,1,0,0,0.1123,512,495,28,0.0566,0
MEM-DEN,medium,2025-09-08,0,0,0,0,0.3979,881,869,38,0.0437,0
MEM-DEN,medium,2025-09-09,1,0,0,0,0.0178,934,901,45,0.0499,0
MEM-DEN,medium,2025-09-10,2,0,0,0,0.1043,984,950,35,0.0368,0
MEM-DEN,medium,2025-09-11,3,0,0,0,0.0,782,763,35,0.0459,0
MEM-DEN,medium,2025-09-12,4,0,0,0,0.0,888,871,43,0.0494,0
MEM-DEN,medium,2025-09-13,5,1,0,0,0.1916,494,479,24,0.0501,0
MEM-DEN,medium,2025-09-14,6,1,0,0,0.4336,479,466,28,0.0601,0
MEM-DEN,medium,2025-09-15,0,0,0,0,0.0321,1004,969,37,0.0382,0
MEM-DEN,medium,2025-09-16,1,0,0,0,0.153,879,853,31,0.0363,0
MEM-DEN,medium,2025-09-17,2,0,0,0,0.1043,1065,1029,45,0.0437,0
MEM-DEN,medium,2025-09-18,3,0,0,0,0.2685,681,664,22,0.0331,0
MEM-DEN,medium,2025-09-19,4,0,0,0,0.0643,655,644,20,0.0311,0
MEM-DEN,medium,2025-09-20,5,1,0,0,0.2052,508,492,23,0.0467,0
MEM-DEN,medium,2025-09-21,6,1,0,0,0.3851,441,425,27,0.0635,0
MEM-DEN,medium,2025-09-22,0,0,0,0,0.7562,805,780,81,0.1038,1
MEM-DEN,medium,2025-09-23,1,0,0,0,0.7393,1161,1134,236,0.2081,1
MEM-DEN,medium,2025-09-24,2,0,0,0,0.9989,848,827,102,0.1233,1
MEM-DEN,medium,2025-09-25,3,0,0,0,0.1796,1074,1041,54,0.0519,0
MEM-DEN,medium,2025-09-26,4,0,0,0,0.1819,815,786,35,0.0445,0
MEM-DEN,medium,2025-09-27,5,1,0,0,0.0,493,481,27,0.0561,0
MEM-DEN,medium,2025-09-28,6,1,0,0,0.0,423,410,24,0.0585,0
MEM-DEN,medium,2025-09-29,0,0,0,0,0.3538,925,897,34,0.0379,0
MEM-DEN,medium,2025-09-30,1,0,0,0,0.2494,809,795,29,0.0365,0
MEM-DEN,medium,2025-10-01,2,0,0,0,0.3798,894,882,40,0.0454,0
MEM-DEN,medium,2025-10-02,3,0,0,0,0.1797,917,893,44,0.0493,0
MEM-DEN,medium,2025-10-03,4,0,0,0,0.2516,994,964,48,0.0498,0
MEM-DEN,medium,2025-10-04,5,1,0,0,0.1351,502,488,18,0.0369,0
MEM-DEN,medium,2025-10-05,6,1,0,0,0.0667,397,389,20,0.0514,0
MEM-DEN,medium,2025-10-06,0,0,0,0,0.0684,887,867,40,0.0461,0
MEM-DEN,medium,2025-10-07,1,0,0,0,0.3729,1045,1019,38,0.0373,0
MEM-DEN,medium,2025-10-08,2,0,0,0,0.2496,979,953,40,0.042,0
MEM-DEN,medium,2025-10-09,3,0,0,0,0.0,1135,1094,51,0.0466,0
MEM-DEN,medium,2025-10-10,4,0,0,0,0.4143,933,917,42,0.0458,0
MEM-DEN,medium,2025-10-11,5,1,0,0,0.1602,399,393,15,0.0382,0
MEM-DEN,medium,2025-10-12,6,1,0,0,0.1389,522,513,35,0.0682,0
MEM-DEN,medium,2025-10-13,0,0,0,0,0.1594,889,866,44,0.0508,0
MEM-DEN,medium,2025-10-14,1,0,0,0,0.2126,777,752,37,0.0492,0
MEM-DEN,medium,2025-10-15,2,0,0,0,0.0264,769,741,36,0.0486,0
MEM-DEN,medium,2025-10-16,3,0,0,0,0.0,962,931,50,0.0537,0
MEM-DEN,medium,2025-10-17,4,0,0,0,0.1764,897,873,38,0.0435,0
MEM-DEN,medium,2025-10-18,5,1,0,0,0.2392,494,484,27,0.0558,0
MEM-DEN,medium,2025-10-19,6,1,0,0,0.2001,494,478,25,0.0523,0
MEM-DEN,medium,2025-10-20,0,0,0,0,0.0568,1065,1026,46,0.0448,0
MEM-DEN,medium,2025-10-21,1,0,0,0,0.2005,932,911,31,0.034,0
MEM-DEN,medium,2025-10-22,2,0,0,0,0.202,837,824,25,0.0303,0
MEM-DEN,medium,2025-10-23,3,0,0,0,0.2166,885,866,51,0.0589,0
MEM-DEN,medium,2025-10-24,4,0,0,0,0.167,879,846,39,0.0461,0
MEM-DEN,medium,2025-10-25,5,1,0,0,0.3352,583,572,36,0.0629,0
MEM-DEN,medium,2025-10-26,6,1,0,0,0.4025,512,495,40,0.0808,0
MEM-DEN,medium,2025-10-27,0,0,0,0,0.2579,983,964,49,0.0508,0
MEM-DEN,medium,2025-10-28,1,0,0,0,0.2735,894,882,34,0.0385,0
MEM-DEN,medium,2025-10-29,2,0,0,0,0.2367,808,781,29,0.0371,0
MEM-DEN,medium,2025-10-30,3,0,0,0,0.2712,853,823,43,0.0522,0
MEM-DEN,medium,2025-10-31,4,0,0,0,0.2757,936,905,45,0.0497,0
MEM-DEN,medium,2025-11-01,5,1,0,0,0.0182,500,484,27,0.0558,0
MEM-DEN,medium,2025-11-02,6,1,0,0,0.0,465,457,25,0.0547,0
MEM-DEN,medium,2025-11-03,0,0,0,0,0.2928,880,867,38,0.0438,0
MEM-DEN,medium,2025-11-04,1,0,0,0,0.2614,1068,1047,44,0.042,0
MEM-DEN,medium,2025-11-05,2,0,0,0,0.1509,831,816,36,0.0441,0
MEM-DEN,medium,2025-11-06,3,0,0,0,0.2416,1021,1002,28,0.0279,0
MEM-DEN,medium,2025-11-07,4,0,0,0,0.1185,1007,988,51,0.0516,0
MEM-DEN,medium,2025-11-08,5,1,0,0,0.1313,478,460,27,0.0587,0
MEM-DEN,medium,2025-11-09,6,1,0,0,0.0,502,485,33,0.068,0
MEM-DEN,medium,2025-11-10,0,0,0,0,0.1944,896,879,40,0.0455,0
MEM-DEN,medium,2025-11-11,1,0,1,0,0.09,246,240,4,0.0167,0
MEM-DEN,medium,2025-11-12,2,0,0,0,0.1682,788,759,38,0.0501,0
MEM-DEN,medium,2025-11-13,3,0,0,0,0.1335,744,723,41,0.0567,0
MEM-DEN,medium,2025-11-14,4,0,0,0,0.0815,920,893,47,0.0526,0
MEM-DEN,medium,2025-11-15,5,1,0,0,0.2272,556,535,39,0.0729,0
MEM-DEN,medium,2025-11-16,6,1,0,0,0.2039,401,396,25,0.0631,0
MEM-DEN,medium,2025-11-17,0,0,0,0,0.1204,962,948,39,0.0411,0
MEM-DEN,medium,2025-11-18,1,0,0,0,0.062,852,837,40,0.0478,0
MEM-DEN,medium,2025-11-19,2,0,0,0,0.1292,1047,1033,39,0.0378,0
MEM-DEN,medium,2025-11-20,3,0,0,1,0.1783,1432,1399,102,0.0729,0
MEM-DEN,medium,2025-11-21,4,0,0,1,0.111,1361,1320,86,0.0652,0
MEM-DEN,medium,2025-11-22,5,1,0,1,0.1012,712,695,72,0.1036,0
MEM-DEN,medium,2025-11-23,6,1,0,1,0.4013,833,811,77,0.0949,0
MEM-DEN,medium,2025-11-24,0,0,0,1,0.2214,1232,1199,105,0.0876,0
MEM-DEN,medium,2025-11-25,1,0,0,1,0.0771,1359,1328,103,0.0776,0
MEM-DEN,medium,2025-11-26,2,0,0,1,0.2657,1613,1572,111,0.0706,0
MEM-DEN,medium,2025-11-27,3,0,0,1,0.5884,1377,1329,282,0.2122,1
MEM-DEN,medium,2025-11-28,4,0,0,1,0.648,1661,1613,341,0.2114,1
MEM-DEN,medium,2025-11-29,5,1,0,1,0.1946,746,734,81,0.1104,0
MEM-DEN,medium,2025-11-30,6,1,0,1,0.2308,829,815,87,0.1067,0
MEM-DEN,medium,2025-12-01,0,0,0,1,0.0,1421,1383,106,0.0766,0
MEM-DEN,medium,2025-12-02,1,0,0,1,0.3976,1489,1460,114,0.0781,0
MEM-DEN,medium,2025-12-03,2,0,0,1,0.0436,1129,1109,63,0.0568,0
MEM-DEN,medium,2025-12-04,3,0,0,1,0.001,1259,1236,92,0.0744,0
MEM-DEN,medium,2025-12-05,4,0,0,1,0.1772,1403,1352,91,0.0673,0
MEM-DEN,medium,2025-12-06,5,1,0,1,0.2379,746,727,76,0.1045,0
MEM-DEN,medium,2025-12-07,6,1,0,1,0.0,762,740,80,0.1081,0
MEM-DEN,medium,2025-12-08,0,0,0,1,0.1345,1445,1424,114,0.0801,0
MEM-DEN,medium,2025-12-09,1,0,0,1,0.1487,1485,1441,105,0.0729,0
MEM-DEN,medium,2025-12-10,2,0,0,1,0.1141,1487,1443,120,0.0832,0
MEM-DEN,medium,2025-12-11,3,0,0,1,0.6462,1680,1623,492,0.3031,1
MEM-DEN,medium,2025-12-12,4,0,0,1,0.7209,1395,1377,267,0.1939,1
MEM-DEN,medium,2025-12-13,5,1,0,1,0.7235,849,820,320,0.3902,1
MEM-DEN,medium,2025-12-14,6,1,0,1,0.6652,983,957,336,0.3511,1
MEM-DEN,medium,2025-12-15,0,0,0,1,0.6925,1231,1200,351,0.2925,1
MEM-DEN,medium,2025-12-16,1,0,0,1,0.6141,1307,1278,418,0.3271,1
MEM-DEN,medium,2025-12-17,2,0,0,1,0.0,1555,1527,122,0.0799,0
MEM-DEN,medium,2025-12-18,3,0,0,1,0.2338,1440,1420,99,0.0697,0
MEM-DEN,medium,2025-12-19,4,0,0,1,0.0706,1692,1644,145,0.0882,0
MEM-DEN,medium,2025-12-20,5,1,0,1,0.16,747,728,74,0.1016,0
MEM-DEN,medium,2025-12-21,6,1,0,1,0.0007,661,649,54,0.0832,0
MEM-DEN,medium,2025-12-22,0,0,0,1,0.1575,1113,1077,76,0.0706,0
MEM-DEN,medium,2025-12-23,1,0,0,1,0.0,1263,1231,91,0.0739,0
MEM-DEN,medium,2025-12-24,2,0,0,1,0.1263,1647,1588,124,0.0781,0
MEM-DEN,medium,2025-12-25,3,0,1,1,0.2288,297,289,21,0.0727,0
MEM-DEN,medium,2025-12-26,4,0,0,1,0.1863,1329,1295,105,0.0811,0
MEM-DEN,medium,2025-12-27,5,1,0,0,0.0,443,430,29,0.0674,0
MEM-DEN,medium,2025-12-28,6,1,0,0,0.5518,494,487,33,0.0678,0
MEM-DEN,medium,2025-12-29,0,0,0,0,0.1657,923,895,38,0.0425,0
MEM-DEN,medium,2025-12-30,1,0,0,0,0.6052,861,844,153,0.1813,1
MEM-DEN,medium,2025-12-31,2,0,0,0,0.6875,795,784,131,0.1671,1
MEM-DEN,medium,2026-01-01,3,0,1,0,0.7573,275,268,42,0.1567,1
MEM-DEN,medium,2026-01-02,4,0,0,0,0.0172,854,839,50,0.0596,0
MEM-DEN,medium,2026-01-03,5,1,0,0,0.1055,399,385,30,0.0779,0
MEM-DEN,medium,2026-01-04,6,1,0,0,0.0,584,571,37,0.0648,0
MEM-DEN,medium,2026-01-05,0,0,0,0,0.4465,1009,986,44,0.0446,0
MEM-DEN,medium,2026-01-06,1,0,0,0,0.18,968,935,44,0.0471,0
MEM-DEN,medium,2026-01-07,2,0,0,0,0.2009,816,801,33,0.0412,0
MEM-DEN,medium,2026-01-08,3,0,0,0,0.223,921,895,44,0.0492,0
MEM-DEN,medium,2026-01-09,4,0,0,0,0.1569,993,956,38,0.0397,0
MEM-DEN,medium,2026-01-10,5,1,0,0,0.0972,496,485,35,0.0722,0
MEM-DEN,medium,2026-01-11,6,1,0,0,0.0504,639,626,33,0.0527,0
MEM-DEN,medium,2026-01-12,0,0,0,0,0.4044,883,852,43,0.0505,0
MEM-DEN,medium,2026-01-13,1,0,0,0,0.1522,860,835,36,0.0431,0
MEM-DEN,medium,2026-01-14,2,0,0,0,0.0599,858,838,38,0.0453,0
MEM-DEN,medium,2026-01-15,3,0,0,0,0.1175,1061,1026,44,0.0429,0
MEM-DEN,medium,2026-01-16,4,0,0,0,0.2357,1139,1120,50,0.0446,0
MEM-DEN,medium,2026-01-17,5,1,0,0,0.0,503,487,24,0.0493,0
MEM-DEN,medium,2026-01-18,6,1,0,0,0.1563,525,508,25,0.0492,0
MEM-DEN,medium,2026-01-19,0,0,0,0,0.0887,732,708,33,0.0466,0
MEM-DEN,medium,2026-01-20,1,0,0,0,0.0462,952,936,48,0.0513,0
MEM-DEN,medium,2026-01-21,2,0,0,0,0.2576,983,965,55,0.057,0
MEM-DEN,medium,2026-01-22,3,0,0,0,0.6149,934,912,178,0.1952,1
MEM-DEN,medium,2026-01-23,4,0,0,0,0.0,873,858,42,0.049,0
MEM-DEN,medium,2026-01-24,5,1,0,0,0.1007,504,485,20,0.0412,0
MEM-DEN,medium,2026-01-25,6,1,0,0,0.2448,459,448,31,0.0692,0
MEM-DEN,medium,2026-01-26,0,0,0,0,0.1723,770,752,40,0.0532,0
MEM-DEN,medium,2026-01-27,1,0,0,0,0.1819,1066,1036,37,0.0357,0
MEM-DEN,medium,2026-01-28,2,0,0,0,0.1244,809,784,38,0.0485,0
MEM-DEN,medium,2026-01-29,3,0,0,0,0.127,886,858,39,0.0455,0
MEM-DEN,medium,2026-01-30,4,0,0,0,0.1125,1004,979,48,0.049,0
MEM-DEN,medium,2026-01-31,5,1,0,0,0.3419,533,520,26,0.05,0
MEM-DEN,medium,2026-02-01,6,1,0,0,0.229,512,496,22,0.0444,0
MEM-DEN,medium,2026-02-02,0,0,0,0,0.261,832,814,40,0.0491,0
MEM-DEN,medium,2026-02-03,1,0,0,0,0.1537,926,911,49,0.0538,0
MEM-DEN,medium,2026-02-04,2,0,0,0,0.149,1018,997,51,0.0512,0
MEM-DEN,medium,2026-02-05,3,0,0,0,0.3279,846,821,47,0.0572,0
MEM-DEN,medium,2026-02-06,4,0,0,0,0.2562,799,781,37,0.0474,0
MEM-DEN,medium,2026-02-07,5,1,0,0,0.1637,390,379,27,0.0712,0
MEM-DEN,medium,2026-02-08,6,1,0,0,0.1106,495,482,22,0.0456,0
MEM-DEN,medium,2026-02-09,0,0,0,0,0.1139,818,789,45,0.057,0
MEM-DEN,medium,2026-02-10,1,0,0,0,0.1681,932,902,39,0.0432,0
MEM-DEN,medium,2026-02-11,2,0,0,0,0.1846,823,798,32,0.0401,0
MEM-DEN,medium,2026-02-12,3,0,0,0,0.2049,931,903,38,0.0421,0
MEM-DEN,medium,2026-02-13,4,0,0,0,0.0,895,880,37,0.042,0
MEM-DEN,medium,2026-02-14,5,1,0,0,0.3045,481,472,28,0.0593,0
MEM-DEN,medium,2026-02-15,6,1,0,0,0.2655,457,445,38,0.0854,0
MEM-DEN,medium,2026-02-16,0,0,0,0,0.0924,726,704,38,0.054,0
MEM-DEN,medium,2026-02-17,1,0,0,0,0.0,928,908,45,0.0496,0
MEM-DEN,medium,2026-02-18,2,0,0,0,0.1249,849,821,35,0.0426,0
MEM-DEN,medium,2026-02-19,3,0,0,0,0.2062,951,939,46,0.049,0
MEM-DEN,medium,2026-02-20,4,0,0,0,0.0421,964,945,42,0.0444,0
MEM-DEN,medium,2026-02-21,5,1,0,0,0.4856,470,455,29,0.0637,0
MEM-DEN,medium,2026-02-22,6,1,0,0,0.2574,484,476,25,0.0525,0
MEM-DEN,medium,2026-02-23,0,0,0,0,0.2991,918,891,49,0.055,0
MEM-DEN,medium,2026-02-24,1,0,0,0,0.1039,913,900,41,0.0456,0
MEM-DEN,medium,2026-02-25,2,0,0,0,0.3051,851,837,44,0.0526,0
MEM-DEN,medium,2026-02-26,3,0,0,0,0.3441,749,721,29,0.0402,0
MEM-DEN,medium,2026-02-27,4,0,0,0,0.1908,848,828,28,0.0338,0
MEM-DEN,medium,2026-02-28,5,1,0,0,0.0625,418,412,23,0.0558,0
MEM-DEN,medium,2026-03-01,6,1,0,0,0.2574,477,465,24,0.0516,0
MEM-DEN,medium,2026-03-02,0,0,0,0,0.1663,848,831,31,0.0373,0
MEM-DEN,medium,2026-03-03,1,0,0,0,0.121,893,880,33,0.0375,0
MEM-DEN,medium,2026-03-04,2,0,0,0,0.3074,967,935,38,0.0406,0
MEM-DEN,medium,2026-03-05,3,0,0,0,0.2165,963,934,30,0.0321,0
MEM-DEN,medium,2026-03-06,4,0,0,0,0.0916,943,921,30,0.0326,0
MEM-DEN,medium,2026-03-07,5,1,0,0,0.135,450,440,28,0.0636,0
MEM-DEN,medium,2026-03-08,6,1,0,0,0.0889,452,441,32,0.0726,0
MEM-DEN,medium,2026-03-09,0,0,0,0,0.179,1000,969,43,0.0444,0
MEM-DEN,medium,2026-03-10,1,0,0,0,0.163,930,903,46,0.0509,0
MEM-DEN,medium,2026-03-11,2,0,0,0,0.1778,879,858,30,0.035,0
MEM-DEN,medium,2026-03-12,3,0,0,0,0.1328,1035,1015,43,0.0424,0
MEM-DEN,medium,2026-03-13,4,0,0,0,0.0261,922,890,35,0.0393,0
MEM-DEN,medium,2026-03-14,5,1,0,0,0.0564,451,439,21,0.0478,0
MEM-DEN,medium,2026-03-15,6,1,0,0,0.1483,459,446,22,0.0493,0
MEM-DEN,medium,2026-03-16,0,0,0,0,0.3303,908,879,43,0.0489,0
MEM-DEN,medium,2026-03-17,1,0,0,0,0.0628,924,894,42,0.047,0
MEM-DEN,medium,2026-03-18,2,0,0,0,0.0492,845,816,40,0.049,0
MEM-DEN,medium,2026-03-19,3,0,0,0,0.1172,822,794,41,0.0516,0
MEM-DEN,medium,2026-03-20,4,0,0,0,0.0133,780,761,33,0.0434,0
MEM-DEN,medium,2026-03-21,5,1,0,0,0.1939,400,390,28,0.0718,0
MEM-DEN,medium,2026-03-22,6,1,0,0,0.2937,487,480,29,0.0604,0
MEM-DEN,medium,2026-03-23,0,0,0,0,0.4624,741,730,31,0.0425,0
MEM-DEN,medium,2026-03-24,1,0,0,0,0.1108,826,801,39,0.0487,0
MEM-DEN,medium,2026-03-25,2,0,0,0,0.0,751,729,33,0.0453,0
MEM-DEN,medium,2026-03-26,3,0,0,0,0.1059,831,807,35,0.0434,0
MEM-DEN,medium,2026-03-27,4,0,0,0,0.0,917,891,45,0.0505,0
MEM-DEN,medium,2026-03-28,5,1,0,0,0.1312,513,503,25,0.0497,0
MEM-DEN,medium,2026-03-29,6,1,0,0,0.2018,418,408,18,0.0441,0
MEM-DEN,medium,2026-03-30,0,0,0,0,0.0414,1001,974,40,0.0411,0
MEM-DEN,medium,2026-03-31,1,0,0,0,0.102,893,872,37,0.0424,0
MEM-DEN,medium,2026-04-01,2,0,0,0,0.2255,946,922,38,0.0412,0
MEM-DEN,medium,2026-04-02,3,0,0,0,0.4362,975,962,57,0.0593,0
MEM-DEN,medium,2026-04-03,4,0,0,0,0.0,874,847,42,0.0496,0
MEM-DEN,medium,2026-04-04,5,1,0,0,0.0,534,526,34,0.0646,0
MEM-DEN,medium,2026-04-05,6,1,0,0,0.186,438,428,23,0.0537,0
MEM-DEN,medium,2026-04-06,0,0,0,0,0.2492,1006,982,46,0.0468,0
MEM-DEN,medium,2026-04-07,1,0,0,0,0.1332,891,870,38,0.0437,0
MEM-DEN,medium,2026-04-08,2,0,0,0,0.0,861,849,34,0.04,0
MEM-DEN,medium,2026-04-09,3,0,0,0,0.2445,797,777,24,0.0309,0
MEM-DEN,medium,2026-04-10,4,0,0,0,0.0618,857,837,41,0.049,0
MEM-DEN,medium,2026-04-11,5,1,0,0,0.1116,526,519,36,0.0694,0
MEM-DEN,medium,2026-04-12,6,1,0,0,0.1562,456,450,21,0.0467,0
MEM-DEN,medium,2026-04-13,0,0,0,0,0.2116,870,844,32,0.0379,0
MEM-DEN,medium,2026-04-14,1,0,0,0,0.2639,1024,996,38,0.0382,0
MEM-DEN,medium,2026-04-15,2,0,0,0,0.2082,925,911,45,0.0494,0
MEM-DEN,medium,2026-04-16,3,0,0,0,0.0554,925,902,39,0.0432,0
MEM-DEN,medium,2026-04-17,4,0,0,0,0.204,877,845,30,0.0355,0
MEM-DEN,medium,2026-04-18,5,1,0,0,0.2409,479,469,26,0.0554,0
MEM-DEN,medium,2026-04-19,6,1,0,0,0.0228,524,514,38,0.0739,0
MEM-DEN,medium,2026-04-20,0,0,0,0,0.1497,826,814,30,0.0369,0
MEM-DEN,medium,2026-04-21,1,0,0,0,0.305,786,776,36,0.0464,0
MEM-DEN,medium,2026-04-22,2,0,0,0,0.0131,878,861,41,0.0476,0
MEM-DEN,medium,2026-04-23,3,0,0,0,0.1685,827,804,34,0.0423,0
MEM-DEN,medium,2026-04-24,4,0,0,0,0.2123,909,887,36,0.0406,0
MEM-DEN,medium,2026-04-25,5,1,0,0,0.02,507,494,28,0.0567,0
MEM-DEN,medium,2026-04-26,6,1,0,0,0.0,527,511,26,0.0509,0
MEM-DEN,medium,2026-04-27,0,0,0,0,0.0703,845,829,39,0.047,0
MEM-DEN,medium,2026-04-28,1,0,0,0,0.0,805,778,33,0.0424,0
MEM-DEN,medium,2026-04-29,2,0,0,0,0.1139,942,921,44,0.0478,0
MEM-DEN,medium,2026-04-30,3,0,0,0,0.2251,1020,1006,40,0.0398,0
MEM-DEN,medium,2026-05-01,4,0,0,0,0.243,891,871,39,0.0448,0
MEM-DEN,medium,2026-05-02,5,1,0,0,0.0591,413,407,22,0.0541,0
MEM-DEN,medium,2026-05-03,6,1,0,0,0.0886,545,532,26,0.0489,0
MEM-DEN,medium,2026-05-04,0,0,0,0,0.0,848,827,33,0.0399,0
MEM-DEN,medium,2026-05-05,1,0,0,0,0.2221,865,837,37,0.0442,0
MEM-DEN,medium,2026-05-06,2,0,0,0,0.1731,912,897,40,0.0446,0
MEM-DEN,medium,2026-05-07,3,0,0,0,0.2571,921,904,43,0.0476,0
MEM-DEN,medium,2026-05-08,4,0,0,0,0.4083,754,739,32,0.0433,0
MEM-DEN,medium,2026-05-09,5,1,0,0,0.0056,369,357,23,0.0644,0
MEM-DEN,medium,2026-05-10,6,1,0,0,0.1701,450,434,31,0.0714,0
MEM-DEN,medium,2026-05-11,0,0,0,0,0.105,825,804,44,0.0547,0
MEM-DEN,medium,2026-05-12,1,0,0,0,0.0546,1017,994,45,0.0453,0
MEM-DEN,medium,2026-05-13,2,0,0,0,0.1294,1009,981,42,0.0428,0
MEM-DEN,medium,2026-05-14,3,0,0,0,0.1533,816,799,41,0.0513,0
MEM-DEN,medium,2026-05-15,4,0,0,0,0.3876,995,972,42,0.0432,0
MEM-DEN,medium,2026-05-16,5,1,0,0,0.0,560,548,31,0.0566,0
MEM-DEN,medium,2026-05-17,6,1,0,0,0.0773,543,527,33,0.0626,0
MEM-DEN,medium,2026-05-18,0,0,0,0,0.0,845,826,54,0.0654,0
MEM-DEN,medium,2026-05-19,1,0,0,0,0.1619,803,790,35,0.0443,0
MEM-DEN,medium,2026-05-20,2,0,0,0,0.058,1086,1051,58,0.0552,0
MEM-DEN,medium,2026-05-21,3,0,0,0,0.0523,1114,1084,41,0.0378,0
MEM-DEN,medium,2026-05-22,4,0,0,0,0.1514,910,887,31,0.0349,0
MEM-DEN,medium,2026-05-23,5,1,0,0,0.337,424,418,25,0.0598,0
MEM-DEN,medium,2026-05-24,6,1,0,0,0.1216,551,542,29,0.0535,0
MEM-DEN,medium,2026-05-25,0,0,0,0,0.1814,754,726,33,0.0455,0
MEM-DEN,medium,2026-05-26,1,0,0,0,0.3043,755,728,38,0.0522,0
MEM-DEN,medium,2026-05-27,2,0,0,0,0.4817,883,851,31,0.0364,0
MEM-DEN,medium,2026-05-28,3,0,0,0,0.0,996,962,60,0.0624,0
MEM-DEN,medium,2026-05-29,4,0,0,0,0.0,967,945,45,0.0476,0
MEM-DEN,medium,2026-05-30,5,1,0,0,0.1252,445,433,26,0.06,0
MEM-DEN,medium,2026-05-31,6,1,0,0,0.1156,463,454,24,0.0529,0
MEM-DEN,medium,2026-06-01,0,0,0,0,0.2639,866,834,38,0.0456,0
MEM-DEN,medium,2026-06-02,1,0,0,0,0.2028,960,939,47,0.0501,0
MEM-DEN,medium,2026-06-03,2,0,0,0,0.2039,879,868,49,0.0565,0
MEM-DEN,medium,2026-06-04,3,0,0,0,0.0416,935,907,35,0.0386,0
MEM-DEN,medium,2026-06-05,4,0,0,0,0.1842,748,726,30,0.0413,0
MEM-DEN,medium,2026-06-06,5,1,0,0,0.0594,450,442,26,0.0588,0
MEM-DEN,medium,2026-06-07,6,1,0,0,0.0881,522,506,20,0.0395,0
MEM-DEN,medium,2026-06-08,0,0,0,0,0.3039,820,801,34,0.0424,0
MEM-DEN,medium,2026-06-09,1,0,0,0,0.0782,954,926,45,0.0486,0
MEM-DEN,medium,2026-06-10,2,0,0,0,0.2415,848,824,37,0.0449,0
MEM-DEN,medium,2026-06-11,3,0,0,0,0.0273,880,854,39,0.0457,0
MEM-DEN,medium,2026-06-12,4,0,0,0,0.1367,991,976,52,0.0533,0
MEM-DEN,medium,2026-06-13,5,1,0,0,0.0869,485,478,43,0.09,0
MEM-DEN,medium,2026-06-14,6,1,0,0,0.0731,431,415,22,0.053,0
MEM-DEN,medium,2026-06-15,0,0,0,0,0.0358,780,759,34,0.0448,0
MEM-DEN,medium,2026-06-16,1,0,0,0,0.1136,887,867,33,0.0381,0
MEM-DEN,medium,2026-06-17,2,0,0,0,0.0,955,924,36,0.039,0
MEM-DEN,medium,2026-06-18,3,0,0,0,0.0634,880,861,41,0.0476,0
MEM-DEN,medium,2026-06-19,4,0,0,0,0.0904,814,802,43,0.0536,0
MEM-DEN,medium,2026-06-20,5,1,0,0,0.1383,484,468,35,0.0748,0
MEM-DEN,medium,2026-06-21,6,1,0,0,0.2681,432,423,23,0.0544,0
MEM-DEN,medium,2026-06-22,0,0,0,0,0.1651,887,873,44,0.0504,0
MEM-DEN,medium,2026-06-23,1,0,0,0,0.2491,876,848,41,0.0483,0
MEM-DEN,medium,2026-06-24,2,0,0,0,0.0,789,761,28,0.0368,0
MEM-DEN,medium,2026-06-25,3,0,0,0,0.1024,872,841,32,0.038,0
MEM-DEN,medium,2026-06-26,4,0,0,0,0.0651,820,797,31,0.0389,0
MEM-DEN,medium,2026-06-27,5,1,0,0,0.1738,443,433,22,0.0508,0
MEM-DEN,medium,2026-06-28,6,1,0,0,0.2647,588,574,19,0.0331,0
MEM-DEN,medium,2026-06-29,0,0,0,0,0.2382,897,880,29,0.033,0
MEM-DEN,medium,2026-06-30,1,0,0,0,0.2878,814,792,34,0.0429,0
MEM-DEN,medium,2026-07-01,2,0,0,0,0.1137,971,937,48,0.0512,0
MEM-DEN,medium,2026-07-02,3,0,0,0,0.0798,885,868,44,0.0507,0
MEM-DEN,medium,2026-07-03,4,0,0,0,0.108,847,817,40,0.049,0
MEM-DEN,medium,2026-07-04,5,1,1,0,0.2217,146,141,9,0.0638,0
MEM-DEN,medium,2026-07-05,6,1,0,0,0.0009,512,497,22,0.0443,0
MEM-DEN,medium,2026-07-06,0,0,0,0,0.1058,733,722,35,0.0485,0
MEM-DEN,medium,2026-07-07,1,0,0,0,0.245,990,969,48,0.0495,0
MEM-DEN,medium,2026-07-08,2,0,0,0,0.003,883,866,36,0.0416,0
MEM-DEN,medium,2026-07-09,3,0,0,0,0.2841,818,795,44,0.0553,0
MEM-DEN,medium,2026-07-10,4,0,0,0,0.1084,1123,1103,52,0.0471,0
MEM-DEN,medium,2026-07-11,5,1,0,0,0.0462,473,457,32,0.07,0
MEM-DEN,medium,2026-07-12,6,1,0,0,0.1694,455,449,30,0.0668,0
MEM-DEN,medium,2026-07-13,0,0,0,0,0.2006,923,893,25,0.028,0
MEM-DEN,medium,2026-07-14,1,0,0,0,0.1381,872,850,29,0.0341,0
MEM-DEN,medium,2026-07-15,2,0,0,0,0.1472,758,730,36,0.0493,0
MEM-DEN,medium,2026-07-16,3,0,0,0,0.0463,874,852,44,0.0516,0
MEM-DEN,medium,2026-07-17,4,0,0,0,0.0966,752,740,34,0.0459,0
MEM-DEN,medium,2026-07-18,5,1,0,0,0.078,541,521,27,0.0518,0
MEM-DEN,medium,2026-07-19,6,1,0,0,0.1951,479,469,22,0.0469,0
MEM-DEN,medium,2026-07-20,0,0,0,0,0.2297,836,823,23,0.0279,0
MEM-DEN,medium,2026-07-21,1,0,0,0,0.0,912,882,46,0.0522,0
MEM-DEN,medium,2026-07-22,2,0,0,0,0.3084,864,832,30,0.0361,0
MEM-DEN,medium,2026-07-23,3,0,0,0,0.2208,957,921,44,0.0478,0
MEM-DEN,medium,2026-07-24,4,0,0,0,0.1766,720,701,22,0.0314,0
MEM-DEN,medium,2026-07-25,5,1,0,0,0.2148,478,464,26,0.056,0
MEM-DEN,medium,2026-07-26,6,1,0,0,0.1539,463,455,26,0.0571,0
MEM-DEN,medium,2026-07-27,0,0,0,0,0.0803,970,937,35,0.0374,0
MEM-DEN,medium,2026-07-28,1,0,0,0,0.088,785,760,29,0.0382,0
MEM-DEN,medium,2026-07-29,2,0,0,0,0.018,831,819,38,0.0464,0
MEM-DEN,medium,2026-07-30,3,0,0,0,0.0008,951,920,39,0.0424,0
MEM-DEN,medium,2026-07-31,4,0,0,0,0.1486,991,964,29,0.0301,0
MEM-DEN,medium,2026-08-01,5,1,0,0,0.1023,567,546,26,0.0476,0
MEM-DEN,medium,2026-08-02,6,1,0,0,0.3305,477,464,27,0.0582,0
MEM-DEN,medium,2026-08-03,0,0,0,0,0.0,846,818,33,0.0403,0
MEM-DEN,medium,2026-08-04,1,0,0,0,0.5535,981,960,173,0.1802,1
MEM-DEN,medium,2026-08-05,2,0,0,0,0.4134,904,877,158,0.1802,1
MEM-DEN,medium,2026-08-06,3,0,0,0,0.0,992,976,46,0.0471,0
MEM-DEN,medium,2026-08-07,4,0,0,0,0.2184,835,818,39,0.0477,0
MEM-DEN,medium,2026-08-08,5,1,0,0,0.222,438,430,22,0.0512,0
MEM-DEN,medium,2026-08-09,6,1,0,0,0.3138,449,436,20,0.0459,0
MEM-DEN,medium,2026-08-10,0,0,0,0,0.0,773,763,42,0.055,0
MEM-DEN,medium,2026-08-11,1,0,0,0,0.0307,1045,1010,47,0.0465,0
MEM-DEN,medium,2026-08-12,2,0,0,0,0.2736,993,970,34,0.0351,0
MEM-DEN,medium,2026-08-13,3,0,0,0,0.0658,877,856,41,0.0479,0
MEM-DEN,medium,2026-08-14,4,0,0,0,0.3027,840,814,32,0.0393,0
MEM-DEN,medium,2026-08-15,5,1,0,0,0.0,558,548,41,0.0748,0
MEM-DEN,medium,2026-08-16,6,1,0,0,0.0,482,466,18,0.0386,0
MEM-DEN,medium,2026-08-17,0,0,0,0,0.1525,856,830,48,0.0578,0
MEM-DEN,medium,2026-08-18,1,0,0,0,0.1666,793,768,32,0.0417,0
MEM-DEN,medium,2026-08-19,2,0,0,0,0.0017,955,933,44,0.0472,0
MEM-DEN,medium,2026-08-20,3,0,0,0,0.0876,1005,992,50,0.0504,0
MEM-DEN,medium,2026-08-21,4,0,0,0,0.1083,778,767,42,0.0548,0
MEM-DEN,medium,2026-08-22,5,1,0,0,0.1436,500,489,29,0.0593,0
MEM-DEN,medium,2026-08-23,6,1,0,0,0.0543,474,464,26,0.056,0
MEM-LAX,long,2023-08-25,4,0,0,0,0.1769,1200,1177,80,0.068,0
MEM-LAX,long,2023-08-26,5,1,0,0,0.1123,707,687,48,0.0699,0
MEM-LAX,long,2023-08-27,6,1,0,0,0.0548,719,693,47,0.0678,0
MEM-LAX,long,2023-08-28,0,0,0,0,0.3914,1136,1094,54,0.0494,0
MEM-LAX,long,2023-08-29,1,0,0,0,0.9445,1097,1072,194,0.181,1
MEM-LAX,long,2023-08-30,2,0,0,0,0.8012,1312,1275,195,0.1529,1
MEM-LAX,long,2023-08-31,3,0,0,0,0.7003,1261,1223,246,0.2011,1
MEM-LAX,long,2023-09-01,4,0,0,0,0.2735,1036,1003,55,0.0548,0
MEM-LAX,long,2023-09-02,5,1,0,0,0.2473,654,638,33,0.0517,0
MEM-LAX,long,2023-09-03,6,1,0,0,0.0,719,701,50,0.0713,0
MEM-LAX,long,2023-09-04,0,0,0,0,0.1696,1296,1259,58,0.0461,0
MEM-LAX,long,2023-09-05,1,0,0,0,0.1958,1216,1178,47,0.0399,0
MEM-LAX,long,2023-09-06,2,0,0,0,0.2724,1394,1349,64,0.0474,0
MEM-LAX,long,2023-09-07,3,0,0,0,0.3284,1240,1199,50,0.0417,0
MEM-LAX,long,2023-09-08,4,0,0,0,0.2062,1015,992,45,0.0454,0
MEM-LAX,long,2023-09-09,5,1,0,0,0.0976,653,633,47,0.0742,0
MEM-LAX,long,2023-09-10,6,1,0,0,0.2099,597,586,37,0.0631,0
MEM-LAX,long,2023-09-11,0,0,0,0,0.3013,1204,1175,62,0.0528,0
MEM-LAX,long,2023-09-12,1,0,0,0,0.0,967,944,57,0.0604,0
MEM-LAX,long,2023-09-13,2,0,0,0,0.1641,1535,1486,85,0.0572,0
MEM-LAX,long,2023-09-14,3,0,0,0,0.1007,1195,1160,50,0.0431,0
MEM-LAX,long,2023-09-15,4,0,0,0,0.2993,1231,1211,58,0.0479,0
MEM-LAX,long,2023-09-16,5,1,0,0,0.1312,685,662,34,0.0514,0
MEM-LAX,long,2023-09-17,6,1,0,0,0.2128,642,622,41,0.0659,0
MEM-LAX,long,2023-09-18,0,0,0,0,0.2057,1234,1211,54,0.0446,0
MEM-LAX,long,2023-09-19,1,0,0,0,0.4558,1042,1025,57,0.0556,0
MEM-LAX,long,2023-09-20,2,0,0,0,0.2713,1102,1077,46,0.0427,0
MEM-LAX,long,2023-09-21,3,0,0,0,0.235,1109,1079,46,0.0426,0
MEM-LAX,long,2023-09-22,4,0,0,0,0.0339,1038,1025,46,0.0449,0
MEM-LAX,long,2023-09-23,5,1,0,0,0.1339,747,733,45,0.0614,0
MEM-LAX,long,2023-09-24,6,1,0,0,0.0786,787,762,59,0.0774,0
MEM-LAX,long,2023-09-25,0,0,0,0,0.1076,917,904,37,0.0409,0
MEM-LAX,long,2023-09-26,1,0,0,0,0.3129,1276,1238,50,0.0404,0
MEM-LAX,long,2023-09-27,2,0,0,0,0.0,1211,1194,60,0.0503,0
MEM-LAX,long,2023-09-28,3,0,0,0,0.003,1150,1124,51,0.0454,0
MEM-LAX,long,2023-09-29,4,0,0,0,0.1001,981,969,39,0.0402,0
MEM-LAX,long,2023-09-30,5,1,0,0,0.1767,579,570,39,0.0684,0
MEM-LAX,long,2023-10-01,6,1,0,0,0.3227,718,692,37,0.0535,0
MEM-LAX,long,2023-10-02,0,0,0,0,0.0456,1226,1192,63,0.0529,0
MEM-LAX,long,2023-10-03,1,0,0,0,0.186,1246,1225,63,0.0514,0
MEM-LAX,long,2023-10-04,2,0,0,0,0.0,1268,1244,57,0.0458,0
MEM-LAX,long,2023-10-05,3,0,0,0,0.2889,1246,1225,59,0.0482,0
MEM-LAX,long,2023-10-06,4,0,0,0,0.0,1225,1188,48,0.0404,0
MEM-LAX,long,2023-10-07,5,1,0,0,0.3943,717,701,45,0.0642,0
MEM-LAX,long,2023-10-08,6,1,0,0,0.2952,698,687,33,0.048,0
MEM-LAX,long,2023-10-09,0,0,0,0,0.1857,1402,1352,65,0.0481,0
MEM-LAX,long,2023-10-10,1,0,0,0,0.1447,1117,1081,54,0.05,0
MEM-LAX,long,2023-10-11,2,0,0,0,0.2449,1212,1192,68,0.057,0
MEM-LAX,long,2023-10-12,3,0,0,0,0.0,1108,1081,41,0.0379,0
MEM-LAX,long,2023-10-13,4,0,0,0,0.2426,1153,1116,60,0.0538,0
MEM-LAX,long,2023-10-14,5,1,0,0,0.1571,596,587,42,0.0716,0
MEM-LAX,long,2023-10-15,6,1,0,0,0.0948,587,573,29,0.0506,0
MEM-LAX,long,2023-10-16,0,0,0,0,0.0705,1576,1530,61,0.0399,0
MEM-LAX,long,2023-10-17,1,0,0,0,0.0475,1252,1214,76,0.0626,0
MEM-LAX,long,2023-10-18,2,0,0,0,0.2476,1100,1073,51,0.0475,0
MEM-LAX,long,2023-10-19,3,0,0,0,0.2675,1166,1123,58,0.0516,0
MEM-LAX,long,2023-10-20,4,0,0,0,0.2364,1153,1122,60,0.0535,0
MEM-LAX,long,2023-10-21,5,1,0,0,0.4119,654,636,32,0.0503,0
MEM-LAX,long,2023-10-22,6,1,0,0,0.2455,614,599,48,0.0801,0
MEM-LAX,long,2023-10-23,0,0,0,0,0.2687,1312,1278,56,0.0438,0
MEM-LAX,long,2023-10-24,1,0,0,0,0.4807,1165,1147,53,0.0462,0
MEM-LAX,long,2023-10-25,2,0,0,0,0.2281,1125,1085,49,0.0452,0
MEM-LAX,long,2023-10-26,3,0,0,0,0.1616,1186,1170,53,0.0453,0
MEM-LAX,long,2023-10-27,4,0,0,0,0.1372,1033,1013,37,0.0365,0
MEM-LAX,long,2023-10-28,5,1,0,0,0.081,667,652,45,0.069,0
MEM-LAX,long,2023-10-29,6,1,0,0,0.2261,663,639,47,0.0736,0
MEM-LAX,long,2023-10-30,0,0,0,0,0.0743,1152,1111,44,0.0396,0
MEM-LAX,long,2023-10-31,1,0,0,0,0.0,1316,1295,64,0.0494,0
MEM-LAX,long,2023-11-01,2,0,0,0,0.0381,1105,1071,49,0.0458,0
MEM-LAX,long,2023-11-02,3,0,0,0,0.1654,1176,1142,48,0.042,0
MEM-LAX,long,2023-11-03,4,0,0,0,0.0349,1222,1183,74,0.0626,0
MEM-LAX,long,2023-11-04,5,1,0,0,0.112,622,607,51,0.084,0
MEM-LAX,long,2023-11-05,6,1,0,0,0.2705,618,609,39,0.064,0
MEM-LAX,long,2023-11-06,0,0,0,0,0.1899,1217,1197,48,0.0401,0
MEM-LAX,long,2023-11-07,1,0,0,0,0.2163,1246,1217,55,0.0452,0
MEM-LAX,long,2023-11-08,2,0,0,0,0.0,1041,1026,42,0.0409,0
MEM-LAX,long,2023-11-09,3,0,0,0,0.2002,1409,1387,66,0.0476,0
MEM-LAX,long,2023-11-10,4,0,0,0,0.0,1422,1374,69,0.0502,0
MEM-LAX,long,2023-11-11,5,1,1,0,0.0803,153,150,10,0.0667,0
MEM-LAX,long,2023-11-12,6,1,0,0,0.1891,617,596,39,0.0654,0
MEM-LAX,long,2023-11-13,0,0,0,0,0.2302,892,876,41,0.0468,0
MEM-LAX,long,2023-11-14,1,0,0,0,0.0742,1281,1234,60,0.0486,0
MEM-LAX,long,2023-11-15,2,0,0,0,0.0397,1232,1187,50,0.0421,0
MEM-LAX,long,2023-11-16,3,0,0,0,0.1377,1138,1120,56,0.05,0
MEM-LAX,long,2023-11-17,4,0,0,0,0.1304,1266,1250,84,0.0672,0
MEM-LAX,long,2023-11-18,5,1,0,0,0.0028,686,669,43,0.0643,0
MEM-LAX,long,2023-11-19,6,1,0,0,0.1195,584,570,45,0.0789,0
MEM-LAX,long,2023-11-20,0,0,0,1,0.173,1738,1696,167,0.0985,0
MEM-LAX,long,2023-11-21,1,0,0,1,0.0975,1964,1895,174,0.0918,0
MEM-LAX,long,2023-11-22,2,0,0,1,0.0401,1882,1821,182,0.0999,0
MEM-LAX,long,2023-11-23,3,0,0,1,0.0,2009,1951,166,0.0851,0
MEM-LAX,long,2023-11-24,4,0,0,1,0.1146,1871,1838,162,0.0881,0
MEM-LAX,long,2023-11-25,5,1,0,1,0.2857,1036,1004,114,0.1135,0
MEM-LAX,long,2023-11-26,6,1,0,1,0.1596,1117,1084,114,0.1052,0
MEM-LAX,long,2023-11-27,0,0,0,1,0.0312,2135,2072,198,0.0956,0
MEM-LAX,long,2023-11-28,1,0,0,1,0.3312,2252,2174,209,0.0961,0
MEM-LAX,long,2023-11-29,2,0,0,1,0.0065,2237,2197,166,0.0756,0
MEM-LAX,long,2023-11-30,3,0,0,1,0.2007,2428,2383,200,0.0839,0
MEM-LAX,long,2023-12-01,4,0,0,1,0.2178,1873,1831,159,0.0868,0
MEM-LAX,long,2023-12-02,5,1,0,1,0.2029,1242,1205,143,0.1187,0
MEM-LAX,long,2023-12-03,6,1,0,1,0.1259,995,969,110,0.1135,0
MEM-LAX,long,2023-12-04,0,0,0,1,0.0705,1927,1866,162,0.0868,0
MEM-LAX,long,2023-12-05,1,0,0,1,0.1213,1963,1899,161,0.0848,0
MEM-LAX,long,2023-12-06,2,0,0,1,0.3137,1959,1923,157,0.0816,0
MEM-LAX,long,2023-12-07,3,0,0,1,0.3181,1563,1521,143,0.094,0
MEM-LAX,long,2023-12-08,4,0,0,1,0.3687,1974,1939,135,0.0696,0
MEM-LAX,long,2023-12-09,5,1,0,1,0.0,992,956,98,0.1025,0
MEM-LAX,long,2023-12-10,6,1,0,1,0.0,1060,1027,124,0.1207,0
MEM-LAX,long,2023-12-11,0,0,0,1,0.0,1587,1541,142,0.0921,0
MEM-LAX,long,2023-12-12,1,0,0,1,0.0684,1566,1525,121,0.0793,0
MEM-LAX,long,2023-12-13,2,0,0,1,0.166,2050,1984,161,0.0811,0
MEM-LAX,long,2023-12-14,3,0,0,1,0.0515,1804,1768,153,0.0865,0
MEM-LAX,long,2023-12-15,4,0,0,1,0.1522,2263,2208,197,0.0892,0
MEM-LAX,long,2023-12-16,5,1,0,1,0.0,1074,1047,109,0.1041,0
MEM-LAX,long,2023-12-17,6,1,0,1,0.0138,1079,1060,110,0.1038,0
MEM-LAX,long,2023-12-18,0,0,0,1,0.1269,1891,1825,173,0.0948,0
MEM-LAX,long,2023-12-19,1,0,0,1,0.2379,1808,1775,165,0.093,0
MEM-LAX,long,2023-12-20,2,0,0,1,0.0435,2090,2057,176,0.0856,0
MEM-LAX,long,2023-12-21,3,0,0,1,0.0735,1621,1561,152,0.0974,0
MEM-LAX,long,2023-12-22,4,0,0,1,0.2656,1796,1762,141,0.08,0
MEM-LAX,long,2023-12-23,5,1,0,1,0.3413,1126,1090,129,0.1183,0
MEM-LAX,long,2023-12-24,6,1,0,1,0.1615,1066,1031,121,0.1174,0
MEM-LAX,long,2023-12-25,0,0,1,1,0.0148,495,478,40,0.0837,0
MEM-LAX,long,2023-12-26,1,0,0,1,0.3448,1694,1643,496,0.3019,1
MEM-LAX,long,2023-12-27,2,0,0,0,0.8679,1190,1152,190,0.1649,1
MEM-LAX,long,2023-12-28,3,0,0,0,0.597,1175,1139,249,0.2186,1
MEM-LAX,long,2023-12-29,4,0,0,0,0.081,998,973,48,0.0493,0
MEM-LAX,long,2023-12-30,5,1,0,0,0.1272,791,774,46,0.0594,0
MEM-LAX,long,2023-12-31,6,1,0,0,0.0,685,675,43,0.0637,0
MEM-LAX,long,2024-01-01,0,0,1,0,0.1125,295,284,9,0.0317,0
MEM-LAX,long,2024-01-02,1,0,0,0,0.1027,1187,1145,53,0.0463,0
MEM-LAX,long,2024-01-03,2,0,0,0,0.1857,1343,1317,57,0.0433,0
MEM-LAX,long,2024-01-04,3,0,0,0,0.2473,1191,1176,58,0.0493,0
MEM-LAX,long,2024-01-05,4,0,0,0,0.2292,1178,1160,62,0.0534,0
MEM-LAX,long,2024-01-06,5,1,0,0,0.1673,615,604,32,0.053,0
MEM-LAX,long,2024-01-07,6,1,0,0,0.1278,700,674,45,0.0668,0
MEM-LAX,long,2024-01-08,0,0,0,0,0.0623,1355,1316,63,0.0479,0
MEM-LAX,long,2024-01-09,1,0,0,0,0.4367,1074,1036,56,0.0541,0
MEM-LAX,long,2024-01-10,2,0,0,0,0.2974,1023,987,46,0.0466,0
MEM-LAX,long,2024-01-11,3,0,0,0,0.6029,1200,1157,133,0.115,1
MEM-LAX,long,2024-01-12,4,0,0,0,0.829,1107,1084,148,0.1365,1
MEM-LAX,long,2024-01-13,5,1,0,0,0.0016,661,645,50,0.0775,0
MEM-LAX,long,2024-01-14,6,1,0,0,0.0,601,579,25,0.0432,0
MEM-LAX,long,2024-01-15,0,0,0,0,0.1114,1237,1218,68,0.0558,0
MEM-LAX,long,2024-01-16,1,0,0,0,0.0766,1265,1220,68,0.0557,0
MEM-LAX,long,2024-01-17,2,0,0,0,0.0,1234,1216,53,0.0436,0
MEM-LAX,long,2024-01-18,3,0,0,0,0.2865,1233,1195,61,0.051,0
MEM-LAX,long,2024-01-19,4,0,0,0,0.3183,1182,1154,56,0.0485,0
MEM-LAX,long,2024-01-20,5,1,0,0,0.2377,532,516,32,0.062,0
MEM-LAX,long,2024-01-21,6,1,0,0,0.2026,684,673,44,0.0654,0
MEM-LAX,long,2024-01-22,0,0,0,0,0.3488,1205,1177,57,0.0484,0
MEM-LAX,long,2024-01-23,1,0,0,0,0.1352,1320,1299,64,0.0493,0
MEM-LAX,long,2024-01-24,2,0,0,0,0.3578,1222,1183,65,0.0549,0
MEM-LAX,long,2024-01-25,3,0,0,0,0.0795,1426,1375,68,0.0495,0
MEM-LAX,long,2024-01-26,4,0,0,0,0.0319,1164,1128,57,0.0505,0
MEM-LAX,long,2024-01-27,5,1,0,0,0.0774,642,634,42,0.0662,0
MEM-LAX,long,2024-01-28,6,1,0,0,0.1726,710,685,40,0.0584,0
MEM-LAX,long,2024-01-29,0,0,0,0,0.3091,1300,1270,65,0.0512,0
MEM-LAX,long,2024-01-30,1,0,0,0,0.1482,1114,1074,50,0.0466,0
MEM-LAX,long,2024-01-31,2,0,0,0,0.089,1224,1184,74,0.0625,0
MEM-LAX,long,2024-02-01,3,0,0,0,0.1484,1208,1179,72,0.0611,0
MEM-LAX,long,2024-02-02,4,0,0,0,0.0,1216,1175,71,0.0604,0
MEM-LAX,long,2024-02-03,5,1,0,0,0.2902,620,601,39,0.0649,0
MEM-LAX,long,2024-02-04,6,1,0,0,0.0,615,605,36,0.0595,0
MEM-LAX,long,2024-02-05,0,0,0,0,0.1387,1299,1274,63,0.0495,0
MEM-LAX,long,2024-02-06,1,0,0,0,0.2289,1308,1280,48,0.0375,0
MEM-LAX,long,2024-02-07,2,0,0,0,0.2124,1084,1054,54,0.0512,0
MEM-LAX,long,2024-02-08,3,0,0,0,0.1092,997,966,52,0.0538,0
MEM-LAX,long,2024-02-09,4,0,0,0,0.0716,1022,992,53,0.0534,0
MEM-LAX,long,2024-02-10,5,1,0,0,0.3647,666,647,49,0.0757,0
MEM-LAX,long,2024-02-11,6,1,0,0,0.0,548,538,42,0.0781,0
MEM-LAX,long,2024-02-12,0,0,0,0,0.1248,1174,1155,60,0.0519,0
MEM-LAX,long,2024-02-13,1,0,0,0,0.2472,1218,1180,46,0.039,0
MEM-LAX,long,2024-02-14,2,0,0,0,0.1886,1207,1184,65,0.0549,0
MEM-LAX,long,2024-02-15,3,0,0,0,0.2497,1144,1128,60,0.0532,0
MEM-LAX,long,2024-02-16,4,0,0,0,0.175,1213,1196,61,0.051,0
MEM-LAX,long,2024-02-17,5,1,0,0,0.2879,737,714,51,0.0714,0
MEM-LAX,long,2024-02-18,6,1,0,0,0.3388,683,665,48,0.0722,0
MEM-LAX,long,2024-02-19,0,0,0,0,0.0,1130,1105,62,0.0561,0
MEM-LAX,long,2024-02-20,1,0,0,0,0.0218,1144,1122,44,0.0392,0
MEM-LAX,long,2024-02-21,2,0,0,0,0.3028,1031,1004,51,0.0508,0
MEM-LAX,long,2024-02-22,3,0,0,0,0.0953,1233,1196,64,0.0535,0
MEM-LAX,long,2024-02-23,4,0,0,0,0.136,1301,1263,47,0.0372,0
MEM-LAX,long,2024-02-24,5,1,0,0,0.326,634,625,35,0.056,0
MEM-LAX,long,2024-02-25,6,1,0,0,0.1785,650,641,45,0.0702,0
MEM-LAX,long,2024-02-26,0,0,0,0,0.284,1296,1256,69,0.0549,0
MEM-LAX,long,2024-02-27,1,0,0,0,0.1167,1054,1028,51,0.0496,0
MEM-LAX,long,2024-02-28,2,0,0,0,0.0,1294,1256,79,0.0629,0
MEM-LAX,long,2024-02-29,3,0,0,0,0.2287,1138,1123,56,0.0499,0
MEM-LAX,long,2024-03-01,4,0,0,0,0.2755,1278,1241,56,0.0451,0
MEM-LAX,long,2024-03-02,5,1,0,0,0.0957,888,858,68,0.0793,0
MEM-LAX,long,2024-03-03,6,1,0,0,0.0977,580,570,34,0.0596,0
MEM-LAX,long,2024-03-04,0,0,0,0,0.1139,1261,1216,64,0.0526,0
MEM-LAX,long,2024-03-05,1,0,0,0,0.6578,1540,1495,264,0.1766,1
MEM-LAX,long,2024-03-06,2,0,0,0,0.6849,1132,1112,202,0.1817,1
MEM-LAX,long,2024-03-07,3,0,0,0,0.6769,1092,1053,134,0.1273,1
MEM-LAX,long,2024-03-08,4,0,0,0,0.0468,1351,1321,73,0.0553,0
MEM-LAX,long,2024-03-09,5,1,0,0,0.2818,579,567,42,0.0741,0
MEM-LAX,long,2024-03-10,6,1,0,0,0.1439,630,617,44,0.0713,0
MEM-LAX,long,2024-03-11,0,0,0,0,0.1659,1226,1185,64,0.054,0
MEM-LAX,long,2024-03-12,1,0,0,0,0.2017,1149,1106,59,0.0533,0
MEM-LAX,long,2024-03-13,2,0,0,0,0.0361,1070,1036,50,0.0483,0
MEM-LAX,long,2024-03-14,3,0,0,0,0.3705,1013,977,52,0.0532,0
MEM-LAX,long,2024-03-15,4,0,0,0,0.3573,1172,1154,57,0.0494,0
MEM-LAX,long,2024-03-16,5,1,0,0,0.3039,703,691,42,0.0608,0
MEM-LAX,long,2024-03-17,6,1,0,0,0.2728,622,606,46,0.0759,0
MEM-LAX,long,2024-03-18,0,0,0,0,0.0805,1232,1216,60,0.0493,0
MEM-LAX,long,2024-03-19,1,0,0,0,0.2048,1139,1102,53,0.0481,0
MEM-LAX,long,2024-03-20,2,0,0,0,0.0166,1215,1199,56,0.0467,0
MEM-LAX,long,2024-03-21,3,0,0,0,0.2601,1107,1081,53,0.049,0
MEM-LAX,long,2024-03-22,4,0,0,0,0.0494,1095,1080,64,0.0593,0
MEM-LAX,long,2024-03-23,5,1,0,0,0.0,676,667,47,0.0705,0
MEM-LAX,long,2024-03-24,6,1,0,0,0.3171,693,668,39,0.0584,0
MEM-LAX,long,2024-03-25,0,0,0,0,0.32,1142,1116,54,0.0484,0
MEM-LAX,long,2024-03-26,1,0,0,0,0.1251,1378,1342,76,0.0566,0
MEM-LAX,long,2024-03-27,2,0,0,0,0.0,1310,1293,65,0.0503,0
MEM-LAX,long,2024-03-28,3,0,0,0,0.0852,1151,1118,65,0.0581,0
MEM-LAX,long,2024-03-29,4,0,0,0,0.1427,1230,1193,60,0.0503,0
MEM-LAX,long,2024-03-30,5,1,0,0,0.1488,672,656,48,0.0732,0
MEM-LAX,long,2024-03-31,6,1,0,0,0.1444,537,519,28,0.0539,0
MEM-LAX,long,2024-04-01,0,0,0,0,0.3837,1262,1241,60,0.0483,0
MEM-LAX,long,2024-04-02,1,0,0,0,0.0044,976,955,48,0.0503,0
MEM-LAX,long,2024-04-03,2,0,0,0,0.2327,1164,1142,61,0.0534,0
MEM-LAX,long,2024-04-04,3,0,0,0,0.0842,1288,1262,62,0.0491,0
MEM-LAX,long,2024-04-05,4,0,0,0,0.0,1236,1204,78,0.0648,0
MEM-LAX,long,2024-04-06,5,1,0,0,0.2608,551,533,42,0.0788,0
MEM-LAX,long,2024-04-07,6,1,0,0,0.0185,758,743,51,0.0686,0
MEM-LAX,long,2024-04-08,0,0,0,0,0.3357,1303,1258,67,0.0533,0
MEM-LAX,long,2024-04-09,1,0,0,0,0.1613,1361,1319,70,0.0531,0
MEM-LAX,long,2024-04-10,2,0,0,0,0.1496,859,841,53,0.063,0
MEM-LAX,long,2024-04-11,3,0,0,0,0.2944,1260,1216,62,0.051,0
MEM-LAX,long,2024-04-12,4,0,0,0,0.2208,1262,1236,72,0.0583,0
MEM-LAX,long,2024-04-13,5,1,0,0,0.18,646,622,38,0.0611,0
MEM-LAX,long,2024-04-14,6,1,0,0,0.1953,698,682,34,0.0499,0
MEM-LAX,long,2024-04-15,0,0,0,0,0.0859,1337,1313,58,0.0442,0
MEM-LAX,long,2024-04-16,1,0,0,0,0.0804,1187,1162,63,0.0542,0
MEM-LAX,long,2024-04-17,2,0,0,0,0.1638,1113,1074,46,0.0428,0
MEM-LAX,long,2024-04-18,3,0,0,0,0.0222,1290,1242,64,0.0515,0
MEM-LAX,long,2024-04-19,4,0,0,0,0.1743,1061,1047,56,0.0535,0
MEM-LAX,long,2024-04-20,5,1,0,0,0.0,610,598,37,0.0619,0
MEM-LAX,long,2024-04-21,6,1,0,0,0.1806,574,558,39,0.0699,0
MEM-LAX,long,2024-04-22,0,0,0,0,0.1803,1394,1357,66,0.0486,0
MEM-LAX,long,2024-04-23,1,0,0,0,0.0651,1198,1176,63,0.0536,0
MEM-LAX,long,2024-04-24,2,0,0,0,0.1238,1122,1094,56,0.0512,0
MEM-LAX,long,2024-04-25,3,0,0,0,0.0,1280,1252,74,0.0591,0
MEM-LAX,long,2024-04-26,4,0,0,0,0.0,1233,1214,48,0.0395,0
MEM-LAX,long,2024-04-27,5,1,0,0,0.0,730,718,53,0.0738,0
MEM-LAX,long,2024-04-28,6,1,0,0,0.2673,668,653,40,0.0613,0
MEM-LAX,long,2024-04-29,0,0,0,0,0.1461,1226,1205,76,0.0631,0
MEM-LAX,long,2024-04-30,1,0,0,0,0.2199,1104,1074,57,0.0531,0
MEM-LAX,long,2024-05-01,2,0,0,0,0.0,1076,1038,51,0.0491,0
MEM-LAX,long,2024-05-02,3,0,0,0,0.1455,1156,1136,59,0.0519,0
MEM-LAX,long,2024-05-03,4,0,0,0,0.0115,1224,1179,72,0.0611,0
MEM-LAX,long,2024-05-04,5,1,0,0,0.1394,592,583,31,0.0532,0
MEM-LAX,long,2024-05-05,6,1,0,0,0.1953,662,651,42,0.0645,0
MEM-LAX,long,2024-05-06,0,0,0,0,0.3313,1350,1323,71,0.0537,0
MEM-LAX,long,2024-05-07,1,0,0,0,0.1067,1140,1101,51,0.0463,0
MEM-LAX,long,2024-05-08,2,0,0,0,0.1206,1312,1268,53,0.0418,0
MEM-LAX,long,2024-05-09,3,0,0,0,0.1328,1109,1079,65,0.0602,0
MEM-LAX,long,2024-05-10,4,0,0,0,0.0239,1117,1095,60,0.0548,0
MEM-LAX,long,2024-05-11,5,1,0,0,0.1065,757,736,57,0.0774,0
MEM-LAX,long,2024-05-12,6,1,0,0,0.2718,597,575,36,0.0626,0
MEM-LAX,long,2024-05-13,0,0,0,0,0.2407,1118,1097,71,0.0647,0
MEM-LAX,long,2024-05-14,1,0,0,0,0.0148,1322,1287,63,0.049,0
MEM-LAX,long,2024-05-15,2,0,0,0,0.0,1173,1146,67,0.0585,0
MEM-LAX,long,2024-05-16,3,0,0,0,0.134,1250,1207,63,0.0522,0
MEM-LAX,long,2024-05-17,4,0,0,0,0.3706,1060,1025,49,0.0478,0
MEM-LAX,long,2024-05-18,5,1,0,0,0.7266,684,665,136,0.2045,1
MEM-LAX,long,2024-05-19,6,1,0,0,0.9548,686,675,175,0.2593,1
MEM-LAX,long,2024-05-20,0,0,0,0,0.9118,1259,1212,171,0.1411,1
MEM-LAX,long,2024-05-21,1,0,0,0,0.0,1372,1350,46,0.0341,0
MEM-LAX,long,2024-05-22,2,0,0,0,0.0,1376,1356,87,0.0642,0
MEM-LAX,long,2024-05-23,3,0,0,0,0.2062,1081,1058,49,0.0463,0
MEM-LAX,long,2024-05-24,4,0,0,0,0.2017,1264,1231,65,0.0528,0
MEM-LAX,long,2024-05-25,5,1,0,0,0.0034,672,663,41,0.0618,0
MEM-LAX,long,2024-05-26,6,1,0,0,0.0357,709,695,37,0.0532,0
MEM-LAX,long,2024-05-27,0,0,0,0,0.0,1131,1115,42,0.0377,0
MEM-LAX,long,2024-05-28,1,0,0,0,0.3552,1009,988,47,0.0476,0
MEM-LAX,long,2024-05-29,2,0,0,0,0.1521,1301,1281,58,0.0453,0
MEM-LAX,long,2024-05-30,3,0,0,0,0.2727,1022,992,56,0.0565,0
MEM-LAX,long,2024-05-31,4,0,0,0,0.1135,1073,1036,52,0.0502,0
MEM-LAX,long,2024-06-01,5,1,0,0,0.0,691,682,50,0.0733,0
MEM-LAX,long,2024-06-02,6,1,0,0,0.1649,612,593,44,0.0742,0
MEM-LAX,long,2024-06-03,0,0,0,0,0.1817,1313,1295,67,0.0517,0
MEM-LAX,long,2024-06-04,1,0,0,0,0.0,882,868,44,0.0507,0
MEM-LAX,long,2024-06-05,2,0,0,0,0.3174,1269,1230,65,0.0528,0
MEM-LAX,long,2024-06-06,3,0,0,0,0.2484,1268,1222,51,0.0417,0
MEM-LAX,long,2024-06-07,4,0,0,0,0.266,1208,1185,53,0.0447,0
MEM-LAX,long,2024-06-08,5,1,0,0,0.0078,595,580,31,0.0534,0
MEM-LAX,long,2024-06-09,6,1,0,0,0.0,646,625,44,0.0704,0
MEM-LAX,long,2024-06-10,0,0,0,0,0.3115,1224,1188,61,0.0513,0
MEM-LAX,long,2024-06-11,1,0,0,0,0.1675,1011,985,44,0.0447,0
MEM-LAX,long,2024-06-12,2,0,0,0,0.304,1271,1236,57,0.0461,0
MEM-LAX,long,2024-06-13,3,0,0,0,0.0639,1252,1206,72,0.0597,0
MEM-LAX,long,2024-06-14,4,0,0,0,0.0008,1247,1203,64,0.0532,0
MEM-LAX,long,2024-06-15,5,1,0,0,0.0118,603,590,37,0.0627,0
MEM-LAX,long,2024-06-16,6,1,0,0,0.1687,652,634,45,0.071,0
MEM-LAX,long,2024-06-17,0,0,0,0,0.1121,1118,1087,46,0.0423,0
MEM-LAX,long,2024-06-18,1,0,0,0,0.1989,1417,1371,76,0.0554,0
MEM-LAX,long,2024-06-19,2,0,0,0,0.2083,1084,1052,50,0.0475,0
MEM-LAX,long,2024-06-20,3,0,0,0,0.154,1055,1036,52,0.0502,0
MEM-LAX,long,2024-06-21,4,0,0,0,0.0817,1283,1244,56,0.045,0
MEM-LAX,long,2024-06-22,5,1,0,0,0.145,622,607,30,0.0494,0
MEM-LAX,long,2024-06-23,6,1,0,0,0.0,695,682,33,0.0484,0
MEM-LAX,long,2024-06-24,0,0,0,0,0.056,1074,1038,55,0.053,0
MEM-LAX,long,2024-06-25,1,0,0,0,0.0787,925,901,53,0.0588,0
MEM-LAX,long,2024-06-26,2,0,0,0,0.2467,1173,1139,58,0.0509,0
MEM-LAX,long,2024-06-27,3,0,0,0,0.0461,1393,1347,61,0.0453,0
MEM-LAX,long,2024-06-28,4,0,0,0,0.6686,1222,1184,230,0.1943,1
MEM-LAX,long,2024-06-29,5,1,0,0,0.1658,632,622,39,0.0627,0
MEM-LAX,long,2024-06-30,6,1,0,0,0.0,592,577,42,0.0728,0
MEM-LAX,long,2024-07-01,0,0,0,0,0.1555,1126,1092,46,0.0421,0
MEM-LAX,long,2024-07-02,1,0,0,0,0.2114,1150,1129,63,0.0558,0
MEM-LAX,long,2024-07-03,2,0,0,0,0.1007,1107,1087,54,0.0497,0
MEM-LAX,long,2024-07-04,3,0,1,0,0.1565,342,334,15,0.0449,0
MEM-LAX,long,2024-07-05,4,0,0,0,0.1953,1137,1111,47,0.0423,0
MEM-LAX,long,2024-07-06,5,1,0,0,0.3007,622,606,43,0.071,0
MEM-LAX,long,2024-07-07,6,1,0,0,0.0074,728,717,50,0.0697,0
MEM-LAX,long,2024-07-08,0,0,0,0,0.0,1266,1231,54,0.0439,0
MEM-LAX,long,2024-07-09,1,0,0,0,0.1555,1171,1140,50,0.0439,0
MEM-LAX,long,2024-07-10,2,0,0,0,0.0824,1352,1334,79,0.0592,0
MEM-LAX,long,2024-07-11,3,0,0,0,0.1245,1197,1168,47,0.0402,0
MEM-LAX,long,2024-07-12,4,0,0,0,0.0,1214,1194,68,0.057,0
MEM-LAX,long,2024-07-13,5,1,0,0,0.2695,503,494,27,0.0547,0
MEM-LAX,long,2024-07-14,6,1,0,0,0.3571,691,675,41,0.0607,0
MEM-LAX,long,2024-07-15,0,0,0,0,0.2141,1347,1305,68,0.0521,0
MEM-LAX,long,2024-07-16,1,0,0,0,0.2799,1224,1195,55,0.046,0
MEM-LAX,long,2024-07-17,2,0,0,0,0.4339,1306,1280,68,0.0531,0
MEM-LAX,long,2024-07-18,3,0,0,0,0.1366,1209,1167,56,0.048,0
MEM-LAX,long,2024-07-19,4,0,0,0,0.0542,1032,994,66,0.0664,0
MEM-LAX,long,2024-07-20,5,1,0,0,0.2649,686,672,55,0.0818,0
MEM-LAX,long,2024-07-21,6,1,0,0,0.0,514,506,22,0.0435,0
MEM-LAX,long,2024-07-22,0,0,0,0,0.2134,1113,1094,63,0.0576,0
MEM-LAX,long,2024-07-23,1,0,0,0,0.2985,1328,1285,73,0.0568,0
MEM-LAX,long,2024-07-24,2,0,0,0,0.0363,1199,1176,66,0.0561,0
MEM-LAX,long,2024-07-25,3,0,0,0,0.1307,1277,1242,63,0.0507,0
MEM-LAX,long,2024-07-26,4,0,0,0,0.0404,1081,1065,65,0.061,0
MEM-LAX,long,2024-07-27,5,1,0,0,0.0665,616,605,38,0.0628,0
MEM-LAX,long,2024-07-28,6,1,0,0,0.0688,740,726,47,0.0647,0
MEM-LAX,long,2024-07-29,0,0,0,0,0.1587,1277,1239,62,0.05,0
MEM-LAX,long,2024-07-30,1,0,0,0,0.1494,1113,1093,52,0.0476,0
MEM-LAX,long,2024-07-31,2,0,0,0,0.0857,918,887,45,0.0507,0
MEM-LAX,long,2024-08-01,3,0,0,0,0.0929,1089,1065,50,0.0469,0
MEM-LAX,long,2024-08-02,4,0,0,0,0.1912,1239,1200,78,0.065,0
MEM-LAX,long,2024-08-03,5,1,0,0,0.1451,779,767,51,0.0665,0
MEM-LAX,long,2024-08-04,6,1,0,0,0.2279,638,618,38,0.0615,0
MEM-LAX,long,2024-08-05,0,0,0,0,0.165,1219,1199,84,0.0701,0
MEM-LAX,long,2024-08-06,1,0,0,0,0.1345,1192,1162,70,0.0602,0
MEM-LAX,long,2024-08-07,2,0,0,0,0.2539,1224,1184,74,0.0625,0
MEM-LAX,long,2024-08-08,3,0,0,0,0.2354,1215,1195,66,0.0552,0
MEM-LAX,long,2024-08-09,4,0,0,0,0.1187,1054,1025,56,0.0546,0
MEM-LAX,long,2024-08-10,5,1,0,0,0.2999,606,587,36,0.0613,0
MEM-LAX,long,2024-08-11,6,1,0,0,0.0,619,602,40,0.0664,0
MEM-LAX,long,2024-08-12,0,0,0,0,0.0243,1424,1402,73,0.0521,0
MEM-LAX,long,2024-08-13,1,0,0,0,0.251,1221,1194,64,0.0536,0
MEM-LAX,long,2024-08-14,2,0,0,0,0.2684,1136,1121,50,0.0446,0
MEM-LAX,long,2024-08-15,3,0,0,0,0.2072,1140,1116,57,0.0511,0
MEM-LAX,long,2024-08-16,4,0,0,0,0.119,1258,1238,71,0.0574,0
MEM-LAX,long,2024-08-17,5,1,0,0,0.2158,713,696,48,0.069,0
MEM-LAX,long,2024-08-18,6,1,0,0,0.098,626,615,40,0.065,0
MEM-LAX,long,2024-08-19,0,0,0,0,0.0698,1222,1204,67,0.0556,0
MEM-LAX,long,2024-08-20,1,0,0,0,0.3141,1345,1302,63,0.0484,0
MEM-LAX,long,2024-08-21,2,0,0,0,0.1768,1135,1104,56,0.0507,0
MEM-LAX,long,2024-08-22,3,0,0,0,0.0249,1065,1050,54,0.0514,0
MEM-LAX,long,2024-08-23,4,0,0,0,0.1993,1165,1150,63,0.0548,0
MEM-LAX,long,2024-08-24,5,1,0,0,0.2527,703,683,44,0.0644,0
MEM-LAX,long,2024-08-25,6,1,0,0,0.1553,772,751,50,0.0666,0
MEM-LAX,long,2024-08-26,0,0,0,0,0.246,1205,1162,71,0.0611,0
MEM-LAX,long,2024-08-27,1,0,0,0,0.0344,1091,1054,62,0.0588,0
MEM-LAX,long,2024-08-28,2,0,0,0,0.1314,1331,1304,64,0.0491,0
MEM-LAX,long,2024-08-29,3,0,0,0,0.197,1171,1154,53,0.0459,0
MEM-LAX,long,2024-08-30,4,0,0,0,0.2159,1330,1296,64,0.0494,0
MEM-LAX,long,2024-08-31,5,1,0,0,0.1105,617,608,47,0.0773,0
MEM-LAX,long,2024-09-01,6,1,0,0,0.3506,607,588,41,0.0697,0
MEM-LAX,long,2024-09-02,0,0,0,0,0.2345,1164,1143,53,0.0464,0
MEM-LAX,long,2024-09-03,1,0,0,0,0.1093,1091,1077,50,0.0464,0
MEM-LAX,long,2024-09-04,2,0,0,0,0.0536,1183,1148,59,0.0514,0
MEM-LAX,long,2024-09-05,3,0,0,0,0.2267,1504,1455,66,0.0454,0
MEM-LAX,long,2024-09-06,4,0,0,0,0.0068,929,917,51,0.0556,0
MEM-LAX,long,2024-09-07,5,1,0,0,0.1151,644,622,34,0.0547,0
MEM-LAX,long,2024-09-08,6,1,0,0,0.1709,574,559,49,0.0877,0
MEM-LAX,long,2024-09-09,0,0,0,0,0.1666,974,942,45,0.0478,0
MEM-LAX,long,2024-09-10,1,0,0,0,0.5079,1184,1166,49,0.042,0
MEM-LAX,long,2024-09-11,2,0,0,0,0.2174,1213,1189,63,0.053,0
MEM-LAX,long,2024-09-12,3,0,0,0,0.1705,979,956,51,0.0533,0
MEM-LAX,long,2024-09-13,4,0,0,0,0.1966,1101,1064,52,0.0489,0
MEM-LAX,long,2024-09-14,5,1,0,0,0.2144,625,603,41,0.068,0
MEM-LAX,long,2024-09-15,6,1,0,0,0.0,640,628,50,0.0796,0
MEM-LAX,long,2024-09-16,0,0,0,0,0.0722,1186,1143,50,0.0437,0
MEM-LAX,long,2024-09-17,1,0,0,0,0.2139,1009,989,66,0.0667,0
MEM-LAX,long,2024-09-18,2,0,0,0,0.0,1166,1151,60,0.0521,0
MEM-LAX,long,2024-09-19,3,0,0,0,0.0727,1075,1043,46,0.0441,0
MEM-LAX,long,2024-09-20,4,0,0,0,0.1322,1180,1163,64,0.055,0
MEM-LAX,long,2024-09-21,5,1,0,0,0.1647,644,635,37,0.0583,0
MEM-LAX,long,2024-09-22,6,1,0,0,0.0086,593,585,36,0.0615,0
MEM-LAX,long,2024-09-23,0,0,0,0,0.1612,1246,1205,71,0.0589,0
MEM-LAX,long,2024-09-24,1,0,0,0,0.2086,1219,1183,60,0.0507,0
MEM-LAX,long,2024-09-25,2,0,0,0,0.0394,1264,1218,71,0.0583,0
MEM-LAX,long,2024-09-26,3,0,0,0,0.1607,1315,1297,63,0.0486,0
MEM-LAX,long,2024-09-27,4,0,0,0,0.0002,1093,1074,49,0.0456,0
MEM-LAX,long,2024-09-28,5,1,0,0,0.1676,626,611,34,0.0556,0
MEM-LAX,long,2024-09-29,6,1,0,0,0.3209,774,747,55,0.0736,0
MEM-LAX,long,2024-09-30,0,0,0,0,0.1445,1173,1151,54,0.0469,0
MEM-LAX,long,2024-10-01,1,0,0,0,0.2926,1194,1171,58,0.0495,0
MEM-LAX,long,2024-10-02,2,0,0,0,0.3986,1185,1145,45,0.0393,0
MEM-LAX,long,2024-10-03,3,0,0,0,0.2254,1159,1142,62,0.0543,0
MEM-LAX,long,2024-10-04,4,0,0,0,0.1186,1202,1177,63,0.0535,0
MEM-LAX,long,2024-10-05,5,1,0,0,0.2994,687,667,42,0.063,0
MEM-LAX,long,2024-10-06,6,1,0,0,0.2056,687,676,56,0.0828,0
MEM-LAX,long,2024-10-07,0,0,0,0,0.0369,1155,1133,56,0.0494,0
MEM-LAX,long,2024-10-08,1,0,0,0,0.0118,1170,1130,51,0.0451,0
MEM-LAX,long,2024-10-09,2,0,0,0,0.2005,1066,1049,52,0.0496,0
MEM-LAX,long,2024-10-10,3,0,0,0,0.0264,1326,1304,64,0.0491,0
MEM-LAX,long,2024-10-11,4,0,0,0,0.1616,1127,1086,61,0.0562,0
MEM-LAX,long,2024-10-12,5,1,0,0,0.0127,699,690,41,0.0594,0
MEM-LAX,long,2024-10-13,6,1,0,0,0.1613,643,619,27,0.0436,0
MEM-LAX,long,2024-10-14,0,0,0,0,0.2026,1258,1225,59,0.0482,0
MEM-LAX,long,2024-10-15,1,0,0,0,0.0187,997,976,62,0.0635,0
MEM-LAX,long,2024-10-16,2,0,0,0,0.2265,1082,1066,56,0.0525,0
MEM-LAX,long,2024-10-17,3,0,0,0,0.3118,1146,1111,55,0.0495,0
MEM-LAX,long,2024-10-18,4,0,0,0,0.0547,1241,1199,47,0.0392,0
MEM-LAX,long,2024-10-19,5,1,0,0,0.0863,683,674,44,0.0653,0
MEM-LAX,long,2024-10-20,6,1,0,0,0.1888,681,672,46,0.0685,0
MEM-LAX,long,2024-10-21,0,0,0,0,0.0629,1502,1467,74,0.0504,0
MEM-LAX,long,2024-10-22,1,0,0,0,0.1227,1212,1186,50,0.0422,0
MEM-LAX,long,2024-10-23,2,0,0,0,0.3025,1108,1077,48,0.0446,0
MEM-LAX,long,2024-10-24,3,0,0,0,0.0372,1218,1181,71,0.0601,0
MEM-LAX,long,2024-10-25,4,0,0,0,0.017,1110,1093,46,0.0421,0
MEM-LAX,long,2024-10-26,5,1,0,0,0.2069,635,625,39,0.0624,0
MEM-LAX,long,2024-10-27,6,1,0,0,0.2727,747,734,35,0.0477,0
MEM-LAX,long,2024-10-28,0,0,0,0,0.0,1216,1196,62,0.0518,0
MEM-LAX,long,2024-10-29,1,0,0,0,0.0,1442,1404,72,0.0513,0
MEM-LAX,long,2024-10-30,2,0,0,0,0.2575,1121,1103,61,0.0553,0
MEM-LAX,long,2024-10-31,3,0,0,0,0.0,1255,1211,45,0.0372,0
MEM-LAX,long,2024-11-01,4,0,0,0,0.0,1419,1377,60,0.0436,0
MEM-LAX,long,2024-11-02,5,1,0,0,0.0,764,747,59,0.079,0
MEM-LAX,long,2024-11-03,6,1,0,0,0.186,719,702,44,0.0627,0
MEM-LAX,long,2024-11-04,0,0,0,0,0.8368,1071,1033,231,0.2236,1
MEM-LAX,long,2024-11-05,1,0,0,0,0.8507,1281,1252,223,0.1781,1
MEM-LAX,long,2024-11-06,2,0,0,0,0.0604,994,966,51,0.0528,0
MEM-LAX,long,2024-11-07,3,0,0,0,0.1183,1174,1148,55,0.0479,0
MEM-LAX,long,2024-11-08,4,0,0,0,0.241,1269,1223,62,0.0507,0
MEM-LAX,long,2024-11-09,5,1,0,0,0.0,547,532,45,0.0846,0
MEM-LAX,long,2024-11-10,6,1,0,0,0.1101,586,571,41,0.0718,0
MEM-LAX,long,2024-11-11,0,0,1,0,0.9351,318,314,60,0.1911,1
MEM-LAX,long,2024-11-12,1,0,0,0,0.7684,1094,1061,214,0.2017,1
MEM-LAX,long,2024-11-13,2,0,0,0,0.4923,1178,1154,184,0.1594,1
MEM-LAX,long,2024-11-14,3,0,0,0,0.3152,1204,1186,63,0.0531,0
MEM-LAX,long,2024-11-15,4,0,0,0,0.4574,1271,1236,62,0.0502,0
MEM-LAX,long,2024-11-16,5,1,0,0,0.0,651,632,43,0.068,0
MEM-LAX,long,2024-11-17,6,1,0,0,0.0981,686,670,59,0.0881,0
MEM-LAX,long,2024-11-18,0,0,0,0,0.4513,1008,977,39,0.0399,0
MEM-LAX,long,2024-11-19,1,0,0,0,0.325,1187,1168,49,0.042,0
MEM-LAX,long,2024-11-20,2,0,0,1,0.0138,1669,1636,155,0.0947,0
MEM-LAX,long,2024-11-21,3,0,0,1,0.2674,2285,2218,183,0.0825,0
MEM-LAX,long,2024-11-22,4,0,0,1,0.085,2392,2337,193,0.0826,0
MEM-LAX,long,2024-11-23,5,1,0,1,0.1638,1019,986,125,0.1268,0
MEM-LAX,long,2024-11-24,6,1,0,1,0.0993,1142,1113,120,0.1078,0
MEM-LAX,long,2024-11-25,0,0,0,1,0.0,1836,1811,156,0.0861,0
MEM-LAX,long,2024-11-26,1,0,0,1,0.1965,2015,1978,157,0.0794,0
MEM-LAX,long,2024-11-27,2,0,0,1,0.1661,1727,1696,125,0.0737,0
MEM-LAX,long,2024-11-28,3,0,0,1,0.0294,2322,2244,216,0.0963,0
MEM-LAX,long,2024-11-29,4,0,0,1,0.0831,2123,2056,164,0.0798,0
MEM-LAX,long,2024-11-30,5,1,0,1,0.04,1002,972,119,0.1224,0
MEM-LAX,long,2024-12-01,6,1,0,1,0.2905,993,976,110,0.1127,0
MEM-LAX,long,2024-12-02,0,0,0,1,0.1792,1951,1915,161,0.0841,0
MEM-LAX,long,2024-12-03,1,0,0,1,0.0,1946,1881,181,0.0962,0
MEM-LAX,long,2024-12-04,2,0,0,1,0.0123,1912,1853,147,0.0793,0
MEM-LAX,long,2024-12-05,3,0,0,1,0.3257,1762,1733,142,0.0819,0
MEM-LAX,long,2024-12-06,4,0,0,1,0.2824,2208,2157,160,0.0742,0
MEM-LAX,long,2024-12-07,5,1,0,1,0.1111,1297,1280,154,0.1203,0
MEM-LAX,long,2024-12-08,6,1,0,1,0.2133,1056,1043,119,0.1141,0
MEM-LAX,long,2024-12-09,0,0,0,1,0.207,1853,1828,148,0.081,0
MEM-LAX,long,2024-12-10,1,0,0,1,0.0,2024,1994,158,0.0792,0
MEM-LAX,long,2024-12-11,2,0,0,1,0.0,2404,2347,197,0.0839,0
MEM-LAX,long,2024-12-12,3,0,0,1,0.0,2196,2131,174,0.0817,0
MEM-LAX,long,2024-12-13,4,0,0,1,0.3251,1372,1337,129,0.0965,0
MEM-LAX,long,2024-12-14,5,1,0,1,0.0507,986,953,86,0.0902,0
MEM-LAX,long,2024-12-15,6,1,0,1,0.1807,865,853,95,0.1114,0
MEM-LAX,long,2024-12-16,0,0,0,1,0.1061,2274,2203,162,0.0735,0
MEM-LAX,long,2024-12-17,1,0,0,1,0.1829,1598,1545,122,0.079,0
MEM-LAX,long,2024-12-18,2,0,0,1,0.0649,2331,2279,195,0.0856,0
MEM-LAX,long,2024-12-19,3,0,0,1,0.0063,1798,1739,131,0.0753,0
MEM-LAX,long,2024-12-20,4,0,0,1,0.0,1845,1797,163,0.0907,0
MEM-LAX,long,2024-12-21,5,1,0,1,0.2662,1097,1068,101,0.0946,0
MEM-LAX,long,2024-12-22,6,1,0,1,0.0814,937,912,112,0.1228,0
MEM-LAX,long,2024-12-23,0,0,0,1,0.0578,1949,1917,160,0.0835,0
MEM-LAX,long,2024-12-24,1,0,0,1,0.0506,1793,1737,161,0.0927,0
MEM-LAX,long,2024-12-25,2,0,1,1,0.216,492,481,38,0.079,0
MEM-LAX,long,2024-12-26,3,0,0,1,0.051,1583,1539,127,0.0825,0
MEM-LAX,long,2024-12-27,4,0,0,0,0.1244,1177,1154,58,0.0503,0
MEM-LAX,long,2024-12-28,5,1,0,0,0.3444,620,599,41,0.0684,0
MEM-LAX,long,2024-12-29,6,1,0,0,0.1084,612,600,36,0.06,0
MEM-LAX,long,2024-12-30,0,0,0,0,0.095,1169,1142,55,0.0482,0
MEM-LAX,long,2024-12-31,1,0,0,0,0.1158,1167,1131,58,0.0513,0
MEM-LAX,long,2025-01-01,2,0,1,0,0.2339,281,274,28,0.1022,0
MEM-LAX,long,2025-01-02,3,0,0,0,0.1746,1038,1017,38,0.0374,0
MEM-LAX,long,2025-01-03,4,0,0,0,0.0,1100,1072,56,0.0522,0
MEM-LAX,long,2025-01-04,5,1,0,0,0.2572,689,672,34,0.0506,0
MEM-LAX,long,2025-01-05,6,1,0,0,0.1858,563,545,34,0.0624,0
MEM-LAX,long,2025-01-06,0,0,0,0,0.3278,1123,1096,57,0.052,0
MEM-LAX,long,2025-01-07,1,0,0,0,0.1011,1256,1231,68,0.0552,0
MEM-LAX,long,2025-01-08,2,0,0,0,0.1011,1090,1052,63,0.0599,0
MEM-LAX,long,2025-01-09,3,0,0,0,0.2765,1127,1099,53,0.0482,0
MEM-LAX,long,2025-01-10,4,0,0,0,0.0824,1060,1030,60,0.0583,0
MEM-LAX,long,2025-01-11,5,1,0,0,0.1046,687,674,41,0.0608,0
MEM-LAX,long,2025-01-12,6,1,0,0,0.291,561,545,30,0.055,0
MEM-LAX,long,2025-01-13,0,0,0,0,0.0167,1173,1154,66,0.0572,0
MEM-LAX,long,2025-01-14,1,0,0,0,0.1967,1489,1448,80,0.0552,0
MEM-LAX,long,2025-01-15,2,0,0,0,0.0,1301,1265,50,0.0395,0
MEM-LAX,long,2025-01-16,3,0,0,0,0.1986,1135,1110,67,0.0604,0
MEM-LAX,long,2025-01-17,4,0,0,0,0.3012,1326,1279,64,0.05,0
MEM-LAX,long,2025-01-18,5,1,0,0,0.0605,583,571,43,0.0753,0
MEM-LAX,long,2025-01-19,6,1,0,0,0.3191,605,586,32,0.0546,0
MEM-LAX,long,2025-01-20,0,0,0,0,0.3347,1177,1154,57,0.0494,0
MEM-LAX,long,2025-01-21,1,0,0,0,0.2674,1335,1302,77,0.0591,0
MEM-LAX,long,2025-01-22,2,0,0,0,0.1653,1109,1081,53,0.049,0
MEM-LAX,long,2025-01-23,3,0,0,0,0.0,1322,1280,71,0.0555,0
MEM-LAX,long,2025-01-24,4,0,0,0,0.4167,1276,1231,68,0.0552,0
MEM-LAX,long,2025-01-25,5,1,0,0,0.008,536,526,22,0.0418,0
MEM-LAX,long,2025-01-26,6,1,0,0,0.2859,606,595,32,0.0538,0
MEM-LAX,long,2025-01-27,0,0,0,0,0.1056,1157,1136,58,0.0511,0
MEM-LAX,long,2025-01-28,1,0,0,0,0.0,1000,963,49,0.0509,0
MEM-LAX,long,2025-01-29,2,0,0,0,0.0456,1335,1313,78,0.0594,0
MEM-LAX,long,2025-01-30,3,0,0,0,0.2583,1188,1171,67,0.0572,0
MEM-LAX,long,2025-01-31,4,0,0,0,0.2592,1214,1173,40,0.0341,0
MEM-LAX,long,2025-02-01,5,1,0,0,0.085,694,668,37,0.0554,0
MEM-LAX,long,2025-02-02,6,1,0,0,0.3148,612,596,32,0.0537,0
MEM-LAX,long,2025-02-03,0,0,0,0,0.2741,1085,1055,46,0.0436,0
MEM-LAX,long,2025-02-04,1,0,0,0,0.105,1060,1046,56,0.0535,0
MEM-LAX,long,2025-02-05,2,0,0,0,0.125,1139,1123,49,0.0436,0
MEM-LAX,long,2025-02-06,3,0,0,0,0.2591,1212,1175,57,0.0485,0
MEM-LAX,long,2025-02-07,4,0,0,0,0.0864,1098,1081,51,0.0472,0
MEM-LAX,long,2025-02-08,5,1,0,0,0.0289,643,626,31,0.0495,0
MEM-LAX,long,2025-02-09,6,1,0,0,0.0089,666,644,43,0.0668,0
MEM-LAX,long,2025-02-10,0,0,0,0,0.1982,1089,1055,44,0.0417,0
MEM-LAX,long,2025-02-11,1,0,0,0,0.0696,1341,1293,55,0.0425,0
MEM-LAX,long,2025-02-12,2,0,0,0,0.2283,1170,1139,58,0.0509,0
MEM-LAX,long,2025-02-13,3,0,0,0,0.0,1301,1254,60,0.0478,0
MEM-LAX,long,2025-02-14,4,0,0,0,0.4984,1088,1071,51,0.0476,0
MEM-LAX,long,2025-02-15,5,1,0,0,0.1103,585,569,45,0.0791,0
MEM-LAX,long,2025-02-16,6,1,0,0,0.3423,639,624,47,0.0753,0
MEM-LAX,long,2025-02-17,0,0,0,0,0.209,1209,1178,53,0.045,0
MEM-LAX,long,2025-02-18,1,0,0,0,0.1636,1036,1018,49,0.0481,0
MEM-LAX,long,2025-02-19,2,0,0,0,0.2755,1023,996,38,0.0382,0
MEM-LAX,long,2025-02-20,3,0,0,0,0.064,1287,1251,62,0.0496,0
MEM-LAX,long,2025-02-21,4,0,0,0,0.1225,1165,1129,55,0.0487,0
MEM-LAX,long,2025-02-22,5,1,0,0,0.2221,712,697,46,0.066,0
MEM-LAX,long,2025-02-23,6,1,0,0,0.1199,671,651,33,0.0507,0
MEM-LAX,long,2025-02-24,0,0,0,0,0.2832,988,964,42,0.0436,0
MEM-LAX,long,2025-02-25,1,0,0,0,0.198,1355,1327,71,0.0535,0
MEM-LAX,long,2025-02-26,2,0,0,0,0.253,1147,1119,60,0.0536,0
MEM-LAX,long,2025-02-27,3,0,0,0,0.4912,1114,1091,54,0.0495,0
MEM-LAX,long,2025-02-28,4,0,0,0,0.2571,1308,1274,54,0.0424,0
MEM-LAX,long,2025-03-01,5,1,0,0,0.3377,579,565,33,0.0584,0
MEM-LAX,long,2025-03-02,6,1,0,0,0.1927,675,658,38,0.0578,0
MEM-LAX,long,2025-03-03,0,0,0,0,0.1371,1148,1131,42,0.0371,0
MEM-LAX,long,2025-03-04,1,0,0,0,0.0618,1387,1343,70,0.0521,0
MEM-LAX,long,2025-03-05,2,0,0,0,0.3079,1244,1203,64,0.0532,0
MEM-LAX,long,2025-03-06,3,0,0,0,0.0,996,966,58,0.06,0
MEM-LAX,long,2025-03-07,4,0,0,0,0.0328,1050,1026,56,0.0546,0
MEM-LAX,long,2025-03-08,5,1,0,0,0.7392,573,560,125,0.2232,1
MEM-LAX,long,2025-03-09,6,1,0,0,0.616,626,607,134,0.2208,1
MEM-LAX,long,2025-03-10,0,0,0,0,0.0908,1172,1151,50,0.0434,0
MEM-LAX,long,2025-03-11,1,0,0,0,0.1365,1315,1280,69,0.0539,0
MEM-LAX,long,2025-03-12,2,0,0,0,0.1053,1342,1300,67,0.0515,0
MEM-LAX,long,2025-03-13,3,0,0,0,0.0338,1166,1130,59,0.0522,0
MEM-LAX,long,2025-03-14,4,0,0,0,0.1383,1096,1058,62,0.0586,0
MEM-LAX,long,2025-03-15,5,1,0,0,0.0834,673,653,38,0.0582,0
MEM-LAX,long,2025-03-16,6,1,0,0,0.2025,601,585,20,0.0342,0
MEM-LAX,long,2025-03-17,0,0,0,0,0.0273,1019,993,49,0.0493,0
MEM-LAX,long,2025-03-18,1,0,0,0,0.3313,1169,1150,68,0.0591,0
MEM-LAX,long,2025-03-19,2,0,0,0,0.1809,1363,1322,61,0.0461,0
MEM-LAX,long,2025-03-20,3,0,0,0,0.0,1300,1255,52,0.0414,0
MEM-LAX,long,2025-03-21,4,0,0,0,0.0235,963,944,34,0.036,0
MEM-LAX,long,2025-03-22,5,1,0,0,0.2139,672,660,36,0.0545,0
MEM-LAX,long,2025-03-23,6,1,0,0,0.3232,787,761,40,0.0526,0
MEM-LAX,long,2025-03-24,0,0,0,0,0.2278,1219,1190,54,0.0454,0
MEM-LAX,long,2025-03-25,1,0,0,0,0.0,1052,1013,51,0.0503,0
MEM-LAX,long,2025-03-26,2,0,0,0,0.167,1213,1186,57,0.0481,0
MEM-LAX,long,2025-03-27,3,0,0,0,0.0,1057,1039,64,0.0616,0
MEM-LAX,long,2025-03-28,4,0,0,0,0.1375,1376,1346,58,0.0431,0
MEM-LAX,long,2025-03-29,5,1,0,0,0.2647,753,726,43,0.0592,0
MEM-LAX,long,2025-03-30,6,1,0,0,0.1788,616,599,40,0.0668,0
MEM-LAX,long,2025-03-31,0,0,0,0,0.1594,1245,1227,56,0.0456,0
MEM-LAX,long,2025-04-01,1,0,0,0,0.2044,1238,1212,57,0.047,0
MEM-LAX,long,2025-04-02,2,0,0,0,0.1789,1275,1235,56,0.0453,0
MEM-LAX,long,2025-04-03,3,0,0,0,0.8503,1169,1131,162,0.1432,1
MEM-LAX,long,2025-04-04,4,0,0,0,0.3404,1086,1058,56,0.0529,0
MEM-LAX,long,2025-04-05,5,1,0,0,0.3346,672,662,51,0.077,0
MEM-LAX,long,2025-04-06,6,1,0,0,0.0,639,622,37,0.0595,0
MEM-LAX,long,2025-04-07,0,0,0,0,0.0719,1206,1161,58,0.05,0
MEM-LAX,long,2025-04-08,1,0,0,0,0.0,1169,1153,57,0.0494,0
MEM-LAX,long,2025-04-09,2,0,0,0,0.3217,1097,1075,47,0.0437,0
MEM-LAX,long,2025-04-10,3,0,0,0,0.2591,1202,1158,46,0.0397,0
MEM-LAX,long,2025-04-11,4,0,0,0,0.107,1238,1208,63,0.0522,0
MEM-LAX,long,2025-04-12,5,1,0,0,0.1878,676,651,47,0.0722,0
MEM-LAX,long,2025-04-13,6,1,0,0,0.0402,678,669,47,0.0703,0
MEM-LAX,long,2025-04-14,0,0,0,0,0.1859,1250,1232,53,0.043,0
MEM-LAX,long,2025-04-15,1,0,0,0,0.2169,1254,1207,69,0.0572,0
MEM-LAX,long,2025-04-16,2,0,0,0,0.0,1004,983,55,0.056,0
MEM-LAX,long,2025-04-17,3,0,0,0,0.3342,1078,1064,53,0.0498,0
MEM-LAX,long,2025-04-18,4,0,0,0,0.2845,1130,1112,48,0.0432,0
MEM-LAX,long,2025-04-19,5,1,0,0,0.617,639,630,103,0.1635,1
MEM-LAX,long,2025-04-20,6,1,0,0,0.9634,742,724,189,0.261,1
MEM-LAX,long,2025-04-21,0,0,0,0,0.1722,1126,1111,54,0.0486,0
MEM-LAX,long,2025-04-22,1,0,0,0,0.0565,1251,1234,86,0.0697,0
MEM-LAX,long,2025-04-23,2,0,0,0,0.1051,1327,1292,67,0.0519,0
MEM-LAX,long,2025-04-24,3,0,0,0,0.1907,1164,1134,52,0.0459,0
MEM-LAX,long,2025-04-25,4,0,0,0,0.1701,1198,1170,51,0.0436,0
MEM-LAX,long,2025-04-26,5,1,0,0,0.3405,839,818,52,0.0636,0
MEM-LAX,long,2025-04-27,6,1,0,0,0.1119,661,640,37,0.0578,0
MEM-LAX,long,2025-04-28,0,0,0,0,0.2397,1245,1215,62,0.051,0
MEM-LAX,long,2025-04-29,1,0,0,0,0.2684,1232,1195,60,0.0502,0
MEM-LAX,long,2025-04-30,2,0,0,0,0.1384,1220,1177,65,0.0552,0
MEM-LAX,long,2025-05-01,3,0,0,0,0.0927,1251,1217,52,0.0427,0
MEM-LAX,long,2025-05-02,4,0,0,0,0.3063,1167,1137,57,0.0501,0
MEM-LAX,long,2025-05-03,5,1,0,0,0.1051,682,672,52,0.0774,0
MEM-LAX,long,2025-05-04,6,1,0,0,0.1783,667,659,42,0.0637,0
MEM-LAX,long,2025-05-05,0,0,0,0,0.074,1167,1129,59,0.0523,0
MEM-LAX,long,2025-05-06,1,0,0,0,0.0,1291,1255,65,0.0518,0
MEM-LAX,long,2025-05-07,2,0,0,0,0.2387,1080,1043,49,0.047,0
MEM-LAX,long,2025-05-08,3,0,0,0,0.1096,1471,1437,70,0.0487,0
MEM-LAX,long,2025-05-09,4,0,0,0,0.0688,1213,1194,64,0.0536,0
MEM-LAX,long,2025-05-10,5,1,0,0,0.279,626,603,36,0.0597,0
MEM-LAX,long,2025-05-11,6,1,0,0,0.2765,617,599,40,0.0668,0
MEM-LAX,long,2025-05-12,0,0,0,0,0.2575,1170,1128,62,0.055,0
MEM-LAX,long,2025-05-13,1,0,0,0,0.2847,1110,1086,68,0.0626,0
MEM-LAX,long,2025-05-14,2,0,0,0,0.2864,1028,1015,55,0.0542,0
MEM-LAX,long,2025-05-15,3,0,0,0,0.1372,1197,1154,65,0.0563,0
MEM-LAX,long,2025-05-16,4,0,0,0,0.2295,1405,1373,58,0.0422,0
MEM-LAX,long,2025-05-17,5,1,0,0,0.0,663,652,40,0.0613,0
MEM-LAX,long,2025-05-18,6,1,0,0,0.0,672,655,37,0.0565,0
MEM-LAX,long,2025-05-19,0,0,0,0,0.3484,1273,1246,68,0.0546,0
MEM-LAX,long,2025-05-20,1,0,0,0,0.2226,1098,1080,58,0.0537,0
MEM-LAX,long,2025-05-21,2,0,0,0,0.1136,1182,1154,55,0.0477,0
MEM-LAX,long,2025-05-22,3,0,0,0,0.0682,1191,1159,57,0.0492,0
MEM-LAX,long,2025-05-23,4,0,0,0,0.0616,1340,1316,57,0.0433,0
MEM-LAX,long,2025-05-24,5,1,0,0,0.043,479,473,30,0.0634,0
MEM-LAX,long,2025-05-25,6,1,0,0,0.2342,636,625,43,0.0688,0
MEM-LAX,long,2025-05-26,0,0,0,0,0.1948,1068,1042,53,0.0509,0
MEM-LAX,long,2025-05-27,1,0,0,0,0.1109,1155,1119,50,0.0447,0
MEM-LAX,long,2025-05-28,2,0,0,0,0.2783,1227,1200,50,0.0417,0
MEM-LAX,long,2025-05-29,3,0,0,0,0.0879,1314,1282,63,0.0491,0
MEM-LAX,long,2025-05-30,4,0,0,0,0.4283,1024,990,54,0.0545,0
MEM-LAX,long,2025-05-31,5,1,0,0,0.2278,492,475,22,0.0463,0
MEM-LAX,long,2025-06-01,6,1,0,0,0.2247,617,603,27,0.0448,0
MEM-LAX,long,2025-06-02,0,0,0,0,0.0,1065,1030,57,0.0553,0
MEM-LAX,long,2025-06-03,1,0,0,0,0.2263,1116,1102,47,0.0426,0
MEM-LAX,long,2025-06-04,2,0,0,0,0.2704,1185,1143,51,0.0446,0
MEM-LAX,long,2025-06-05,3,0,0,0,0.1524,1233,1204,57,0.0473,0
MEM-LAX,long,2025-06-06,4,0,0,0,0.3001,1161,1133,38,0.0335,0
MEM-LAX,long,2025-06-07,5,1,0,0,0.181,780,758,49,0.0646,0
MEM-LAX,long,2025-06-08,6,1,0,0,0.0185,656,645,46,0.0713,0
MEM-LAX,long,2025-06-09,0,0,0,0,0.1876,1205,1180,52,0.0441,0
MEM-LAX,long,2025-06-10,1,0,0,0,0.0,1549,1494,66,0.0442,0
MEM-LAX,long,2025-06-11,2,0,0,0,0.0825,1223,1179,57,0.0483,0
MEM-LAX,long,2025-06-12,3,0,0,0,0.3788,1139,1111,46,0.0414,0
MEM-LAX,long,2025-06-13,4,0,0,0,0.1262,938,911,39,0.0428,0
MEM-LAX,long,2025-06-14,5,1,0,0,0.1882,790,764,48,0.0628,0
MEM-LAX,long,2025-06-15,6,1,0,0,0.2401,589,576,39,0.0677,0
MEM-LAX,long,2025-06-16,0,0,0,0,0.1543,942,927,39,0.0421,0
MEM-LAX,long,2025-06-17,1,0,0,0,0.0709,1208,1175,66,0.0562,0
MEM-LAX,long,2025-06-18,2,0,0,0,0.2175,1155,1138,72,0.0633,0
MEM-LAX,long,2025-06-19,3,0,0,0,0.0,1188,1164,61,0.0524,0
MEM-LAX,long,2025-06-20,4,0,0,0,0.19,1262,1218,67,0.055,0
MEM-LAX,long,2025-06-21,5,1,0,0,0.1868,768,744,51,0.0685,0
MEM-LAX,long,2025-06-22,6,1,0,0,0.142,603,586,31,0.0529,0
MEM-LAX,long,2025-06-23,0,0,0,0,0.0509,996,982,48,0.0489,0
MEM-LAX,long,2025-06-24,1,0,0,0,0.1648,1046,1013,56,0.0553,0
MEM-LAX,long,2025-06-25,2,0,0,0,0.1822,1128,1099,55,0.05,0
MEM-LAX,long,2025-06-26,3,0,0,0,0.0975,1293,1245,60,0.0482,0
MEM-LAX,long,2025-06-27,4,0,0,0,0.1826,1119,1096,42,0.0383,0
MEM-LAX,long,2025-06-28,5,1,0,0,0.1942,623,601,49,0.0815,0
MEM-LAX,long,2025-06-29,6,1,0,0,0.0245,683,659,39,0.0592,0
MEM-LAX,long,2025-06-30,0,0,0,0,0.1609,1108,1086,58,0.0534,0
MEM-LAX,long,2025-07-01,1,0,0,0,0.1805,1287,1268,63,0.0497,0
MEM-LAX,long,2025-07-02,2,0,0,0,0.3403,1354,1304,72,0.0552,0
MEM-LAX,long,2025-07-03,3,0,0,0,0.2964,1194,1153,54,0.0468,0
MEM-LAX,long,2025-07-04,4,0,1,0,0.2956,337,326,12,0.0368,0
MEM-LAX,long,2025-07-05,5,1,0,0,0.0973,711,697,41,0.0588,0
MEM-LAX,long,2025-07-06,6,1,0,0,0.0034,644,634,41,0.0647,0
MEM-LAX,long,2025-07-07,0,0,0,0,0.1716,1124,1104,54,0.0489,0
MEM-LAX,long,2025-07-08,1,0,0,0,0.2334,1222,1206,45,0.0373,0
MEM-LAX,long,2025-07-09,2,0,0,0,0.0,1372,1354,66,0.0487,0
MEM-LAX,long,2025-07-10,3,0,0,0,0.0989,1171,1136,63,0.0555,0
MEM-LAX,long,2025-07-11,4,0,0,0,0.1511,1391,1353,82,0.0606,0
MEM-LAX,long,2025-07-12,5,1,0,0,0.2885,642,624,35,0.0561,0
MEM-LAX,long,2025-07-13,6,1,0,0,0.032,611,594,39,0.0657,0
MEM-LAX,long,2025-07-14,0,0,0,0,0.0593,1127,1094,52,0.0475,0
MEM-LAX,long,2025-07-15,1,0,0,0,0.0148,1289,1259,68,0.054,0
MEM-LAX,long,2025-07-16,2,0,0,0,0.2005,1137,1102,39,0.0354,0
MEM-LAX,long,2025-07-17,3,0,0,0,0.0931,1176,1146,54,0.0471,0
MEM-LAX,long,2025-07-18,4,0,0,0,0.1609,963,948,44,0.0464,0
MEM-LAX,long,2025-07-19,5,1,0,0,0.1129,712,688,48,0.0698,0
MEM-LAX,long,2025-07-20,6,1,0,0,0.7267,702,684,124,0.1813,1
MEM-LAX,long,2025-07-21,0,0,0,0,0.5595,1026,993,193,0.1944,1
MEM-LAX,long,2025-07-22,1,0,0,0,0.2901,1181,1137,62,0.0545,0
MEM-LAX,long,2025-07-23,2,0,0,0,0.4822,1231,1208,198,0.1639,1
MEM-LAX,long,2025-07-24,3,0,0,0,0.9213,1297,1280,179,0.1398,1
MEM-LAX,long,2025-07-25,4,0,0,0,0.6504,1300,1256,247,0.1967,1
MEM-LAX,long,2025-07-26,5,1,0,0,0.0,741,714,61,0.0854,0
MEM-LAX,long,2025-07-27,6,1,0,0,0.079,565,547,33,0.0603,0
MEM-LAX,long,2025-07-28,0,0,0,0,0.264,1343,1300,64,0.0492,0
MEM-LAX,long,2025-07-29,1,0,0,0,0.1142,1204,1171,65,0.0555,0
MEM-LAX,long,2025-07-30,2,0,0,0,0.2367,1481,1437,87,0.0605,0
MEM-LAX,long,2025-07-31,3,0,0,0,0.1446,1105,1065,56,0.0526,0
MEM-LAX,long,2025-08-01,4,0,0,0,0.1022,1212,1171,53,0.0453,0
MEM-LAX,long,2025-08-02,5,1,0,0,0.1166,579,567,35,0.0617,0
MEM-LAX,long,2025-08-03,6,1,0,0,0.2408,694,681,44,0.0646,0
MEM-LAX,long,2025-08-04,0,0,0,0,0.1872,1137,1107,60,0.0542,0
MEM-LAX,long,2025-08-05,1,0,0,0,0.1931,1210,1186,67,0.0565,0
MEM-LAX,long,2025-08-06,2,0,0,0,0.3028,1181,1155,54,0.0468,0
MEM-LAX,long,2025-08-07,3,0,0,0,0.0252,1453,1425,74,0.0519,0
MEM-LAX,long,2025-08-08,4,0,0,0,0.0,979,961,49,0.051,0
MEM-LAX,long,2025-08-09,5,1,0,0,0.0915,573,565,32,0.0566,0
MEM-LAX,long,2025-08-10,6,1,0,0,0.1998,695,681,36,0.0529,0
MEM-LAX,long,2025-08-11,0,0,0,0,0.2015,1042,1021,42,0.0411,0
MEM-LAX,long,2025-08-12,1,0,0,0,0.0165,1032,1012,48,0.0474,0
MEM-LAX,long,2025-08-13,2,0,0,0,0.0,1094,1073,62,0.0578,0
MEM-LAX,long,2025-08-14,3,0,0,0,0.1386,1049,1023,61,0.0596,0
MEM-LAX,long,2025-08-15,4,0,0,0,0.0721,1194,1151,64,0.0556,0
MEM-LAX,long,2025-08-16,5,1,0,0,0.1618,619,605,59,0.0975,0
MEM-LAX,long,2025-08-17,6,1,0,0,0.163,680,663,38,0.0573,0
MEM-LAX,long,2025-08-18,0,0,0,0,0.0699,1091,1066,61,0.0572,0
MEM-LAX,long,2025-08-19,1,0,0,0,0.2082,1321,1273,75,0.0589,0
MEM-LAX,long,2025-08-20,2,0,0,0,0.005,1193,1177,59,0.0501,0
MEM-LAX,long,2025-08-21,3,0,0,0,0.1416,995,976,45,0.0461,0
MEM-LAX,long,2025-08-22,4,0,0,0,0.1432,1452,1403,58,0.0413,0
MEM-LAX,long,2025-08-23,5,1,0,0,0.0,745,721,38,0.0527,0
MEM-LAX,long,2025-08-24,6,1,0,0,0.1477,609,589,50,0.0849,0
MEM-LAX,long,2025-08-25,0,0,0,0,0.1102,1128,1088,65,0.0597,0
MEM-LAX,long,2025-08-26,1,0,0,0,0.5899,1207,1182,178,0.1506,1
MEM-LAX,long,2025-08-27,2,0,0,0,0.5043,1129,1110,191,0.1721,1
MEM-LAX,long,2025-08-28,3,0,0,0,0.6985,1150,1117,204,0.1826,1
MEM-LAX,long,2025-08-29,4,0,0,0,0.2544,1223,1191,65,0.0546,0
MEM-LAX,long,2025-08-30,5,1,0,0,0.1872,764,738,48,0.065,0
MEM-LAX,long,2025-08-31,6,1,0,0,0.2314,742,729,43,0.059,0
MEM-LAX,long,2025-09-01,0,0,0,0,0.1047,1203,1172,59,0.0503,0
MEM-LAX,long,2025-09-02,1,0,0,0,0.334,1039,1008,44,0.0437,0
MEM-LAX,long,2025-09-03,2,0,0,0,0.1779,1160,1117,65,0.0582,0
MEM-LAX,long,2025-09-04,3,0,0,0,0.0,1292,1247,64,0.0513,0
MEM-LAX,long,2025-09-05,4,0,0,0,0.9051,1191,1167,210,0.1799,1
MEM-LAX,long,2025-09-06,5,1,0,0,0.791,711,693,168,0.2424,1
MEM-LAX,long,2025-09-07,6,1,0,0,0.0706,694,669,51,0.0762,0
MEM-LAX,long,2025-09-08,0,0,0,0,0.1409,1237,1202,63,0.0524,0
MEM-LAX,long,2025-09-09,1,0,0,0,0.1977,1362,1322,60,0.0454,0
MEM-LAX,long,2025-09-10,2,0,0,0,0.1358,1085,1055,49,0.0464,0
MEM-LAX,long,2025-09-11,3,0,0,0,0.3249,1225,1207,62,0.0514,0
MEM-LAX,long,2025-09-12,4,0,0,0,0.1557,1064,1036,41,0.0396,0
MEM-LAX,long,2025-09-13,5,1,0,0,0.0989,654,639,40,0.0626,0
MEM-LAX,long,2025-09-14,6,1,0,0,0.3041,606,595,38,0.0639,0
MEM-LAX,long,2025-09-15,0,0,0,0,0.2343,1230,1187,57,0.048,0
MEM-LAX,long,2025-09-16,1,0,0,0,0.0567,1226,1185,67,0.0565,0
MEM-LAX,long,2025-09-17,2,0,0,0,0.1046,1235,1207,52,0.0431,0
MEM-LAX,long,2025-09-18,3,0,0,0,0.1136,1223,1187,53,0.0447,0
MEM-LAX,long,2025-09-19,4,0,0,0,0.0262,1152,1112,69,0.0621,0
MEM-LAX,long,2025-09-20,5,1,0,0,0.0529,588,576,32,0.0556,0
MEM-LAX,long,2025-09-21,6,1,0,0,0.1286,736,719,37,0.0515,0
MEM-LAX,long,2025-09-22,0,0,0,0,0.113,1099,1064,62,0.0583,0
MEM-LAX,long,2025-09-23,1,0,0,0,0.322,975,944,46,0.0487,0
MEM-LAX,long,2025-09-24,2,0,0,0,0.8586,1142,1126,147,0.1306,1
MEM-LAX,long,2025-09-25,3,0,0,0,1.0,1192,1154,188,0.1629,1
MEM-LAX,long,2025-09-26,4,0,0,0,0.6557,1343,1316,217,0.1649,1
MEM-LAX,long,2025-09-27,5,1,0,0,0.0791,736,716,51,0.0712,0
MEM-LAX,long,2025-09-28,6,1,0,0,0.0473,678,662,45,0.068,0
MEM-LAX,long,2025-09-29,0,0,0,0,0.0887,1358,1337,73,0.0546,0
MEM-LAX,long,2025-09-30,1,0,0,0,0.1114,1185,1148,55,0.0479,0
MEM-LAX,long,2025-10-01,2,0,0,0,0.0571,1028,1003,57,0.0568,0
MEM-LAX,long,2025-10-02,3,0,0,0,0.3423,1208,1182,54,0.0457,0
MEM-LAX,long,2025-10-03,4,0,0,0,0.1581,1360,1329,60,0.0451,0
MEM-LAX,long,2025-10-04,5,1,0,0,0.1365,569,550,29,0.0527,0
MEM-LAX,long,2025-10-05,6,1,0,0,0.12,636,623,47,0.0754,0
MEM-LAX,long,2025-10-06,0,0,0,0,0.0408,1399,1357,68,0.0501,0
MEM-LAX,long,2025-10-07,1,0,0,0,0.2038,1032,1001,38,0.038,0
MEM-LAX,long,2025-10-08,2,0,0,0,0.4095,1176,1158,58,0.0501,0
MEM-LAX,long,2025-10-09,3,0,0,0,0.1322,1279,1234,62,0.0502,0
MEM-LAX,long,2025-10-10,4,0,0,0,0.1394,1283,1253,59,0.0471,0
MEM-LAX,long,2025-10-11,5,1,0,0,0.0,860,829,58,0.07,0
MEM-LAX,long,2025-10-12,6,1,0,0,0.0,578,569,39,0.0685,0
MEM-LAX,long,2025-10-13,0,0,0,0,0.2471,1039,1023,63,0.0616,0
MEM-LAX,long,2025-10-14,1,0,0,0,0.2614,1397,1369,84,0.0614,0
MEM-LAX,long,2025-10-15,2,0,0,0,0.325,1241,1218,70,0.0575,0
MEM-LAX,long,2025-10-16,3,0,0,0,0.0649,1198,1164,65,0.0558,0
MEM-LAX,long,2025-10-17,4,0,0,0,0.1042,1149,1115,65,0.0583,0
MEM-LAX,long,2025-10-18,5,1,0,0,0.0,718,699,41,0.0587,0
MEM-LAX,long,2025-10-19,6,1,0,0,0.2026,677,654,38,0.0581,0
MEM-LAX,long,2025-10-20,0,0,0,0,0.1731,1295,1259,74,0.0588,0
MEM-LAX,long,2025-10-21,1,0,0,0,0.3989,1187,1170,51,0.0436,0
MEM-LAX,long,2025-10-22,2,0,0,0,0.2169,1045,1011,53,0.0524,0
MEM-LAX,long,2025-10-23,3,0,0,0,0.3587,1288,1267,72,0.0568,0
MEM-LAX,long,2025-10-24,4,0,0,0,0.3153,1135,1106,56,0.0506,0
MEM-LAX,long,2025-10-25,5,1,0,0,0.0,644,631,32,0.0507,0
MEM-LAX,long,2025-10-26,6,1,0,0,0.0,700,687,48,0.0699,0
MEM-LAX,long,2025-10-27,0,0,0,0,0.23,1201,1177,51,0.0433,0
MEM-LAX,long,2025-10-28,1,0,0,0,0.0,1378,1339,59,0.0441,0
MEM-LAX,long,2025-10-29,2,0,0,0,0.1626,1258,1242,61,0.0491,0
MEM-LAX,long,2025-10-30,3,0,0,0,0.089,1269,1228,53,0.0432,0
MEM-LAX,long,2025-10-31,4,0,0,0,0.2707,1121,1100,68,0.0618,0
MEM-LAX,long,2025-11-01,5,1,0,0,0.0999,638,620,40,0.0645,0
MEM-LAX,long,2025-11-02,6,1,0,0,0.0763,649,636,43,0.0676,0
MEM-LAX,long,2025-11-03,0,0,0,0,0.3119,1284,1236,67,0.0542,0
MEM-LAX,long,2025-11-04,1,0,0,0,0.1818,1079,1065,55,0.0516,0
MEM-LAX,long,2025-11-05,2,0,0,0,0.1617,992,962,46,0.0478,0
MEM-LAX,long,2025-11-06,3,0,0,0,0.3009,1116,1099,48,0.0437,0
MEM-LAX,long,2025-11-07,4,0,0,0,0.0973,1354,1336,73,0.0546,0
MEM-LAX,long,2025-11-08,5,1,0,0,0.2696,631,617,38,0.0616,0
MEM-LAX,long,2025-11-09,6,1,0,0,0.2475,631,608,30,0.0493,0
MEM-LAX,long,2025-11-10,0,0,0,0,0.045,1115,1098,76,0.0692,0
MEM-LAX,long,2025-11-11,1,0,1,0,0.086,332,322,13,0.0404,0
MEM-LAX,long,2025-11-12,2,0,0,0,0.1168,951,932,55,0.059,0
MEM-LAX,long,2025-11-13,3,0,0,0,0.277,1155,1127,51,0.0453,0
MEM-LAX,long,2025-11-14,4,0,0,0,0.1,1112,1075,63,0.0586,0
MEM-LAX,long,2025-11-15,5,1,0,0,0.0462,672,659,44,0.0668,0
MEM-LAX,long,2025-11-16,6,1,0,0,0.1444,590,572,33,0.0577,0
MEM-LAX,long,2025-11-17,0,0,0,0,0.0701,995,975,63,0.0646,0
MEM-LAX,long,2025-11-18,1,0,0,0,0.28,1374,1347,81,0.0601,0
MEM-LAX,long,2025-11-19,2,0,0,0,0.0,1335,1303,57,0.0437,0
MEM-LAX,long,2025-11-20,3,0,0,1,0.0,1758,1701,147,0.0864,0
MEM-LAX,long,2025-11-21,4,0,0,1,0.1295,1999,1964,157,0.0799,0
MEM-LAX,long,2025-11-22,5,1,0,1,0.1663,1086,1047,132,0.1261,0
MEM-LAX,long,2025-11-23,6,1,0,1,0.0054,947,929,99,0.1066,0
MEM-LAX,long,2025-11-24,0,0,0,1,0.2501,1865,1817,178,0.098,0
MEM-LAX,long,2025-11-25,1,0,0,1,0.0,1630,1580,125,0.0791,0
MEM-LAX,long,2025-11-26,2,0,0,1,0.1836,1989,1920,162,0.0844,0
MEM-LAX,long,2025-11-27,3,0,0,1,0.1288,1934,1885,166,0.0881,0
MEM-LAX,long,2025-11-28,4,0,0,1,0.2816,1739,1693,151,0.0892,0
MEM-LAX,long,2025-11-29,5,1,0,1,0.2595,1118,1092,124,0.1136,0
MEM-LAX,long,2025-11-30,6,1,0,1,0.1306,1111,1070,129,0.1206,0
MEM-LAX,long,2025-12-01,0,0,0,1,0.255,1654,1599,157,0.0982,0
MEM-LAX,long,2025-12-02,1,0,0,1,0.0696,2058,2026,189,0.0933,0
MEM-LAX,long,2025-12-03,2,0,0,1,0.2234,1796,1732,140,0.0808,0
MEM-LAX,long,2025-12-04,3,0,0,1,0.0689,1735,1689,142,0.0841,0
MEM-LAX,long,2025-12-05,4,0,0,1,0.2765,1903,1845,130,0.0705,0
MEM-LAX,long,2025-12-06,5,1,0,1,0.1208,1072,1041,106,0.1018,0
MEM-LAX,long,2025-12-07,6,1,0,1,0.202,1079,1039,119,0.1145,0
MEM-LAX,long,2025-12-08,0,0,0,1,0.2064,1889,1841,172,0.0934,0
MEM-LAX,long,2025-12-09,1,0,0,1,0.1637,2141,2097,176,0.0839,0
MEM-LAX,long,2025-12-10,2,0,0,1,0.0784,2268,2185,168,0.0769,0
MEM-LAX,long,2025-12-11,3,0,0,1,0.1766,2004,1966,179,0.091,0
MEM-LAX,long,2025-12-12,4,0,0,1,0.2318,1691,1654,112,0.0677,0
MEM-LAX,long,2025-12-13,5,1,0,1,0.3605,1219,1193,138,0.1157,0
MEM-LAX,long,2025-12-14,6,1,0,1,1.0,913,897,266,0.2965,1
MEM-LAX,long,2025-12-15,0,0,0,1,0.2422,1660,1614,130,0.0805,0
MEM-LAX,long,2025-12-16,1,0,0,1,0.185,1841,1804,138,0.0765,0
MEM-LAX,long,2025-12-17,2,0,0,1,0.471,2405,2334,174,0.0746,0
MEM-LAX,long,2025-12-18,3,0,0,1,0.1444,1639,1595,116,0.0727,0
MEM-LAX,long,2025-12-19,4,0,0,1,0.4352,1991,1957,159,0.0812,0
MEM-LAX,long,2025-12-20,5,1,0,1,0.0942,1068,1029,105,0.102,0
MEM-LAX,long,2025-12-21,6,1,0,1,0.157,1050,1026,92,0.0897,0
MEM-LAX,long,2025-12-22,0,0,0,1,0.127,2022,1949,177,0.0908,0
MEM-LAX,long,2025-12-23,1,0,0,1,0.2527,1762,1740,141,0.081,0
MEM-LAX,long,2025-12-24,2,0,0,1,0.1173,2222,2176,170,0.0781,0
MEM-LAX,long,2025-12-25,3,0,1,1,0.0,534,521,39,0.0749,0
MEM-LAX,long,2025-12-26,4,0,0,1,0.2813,2009,1951,143,0.0733,0
MEM-LAX,long,2025-12-27,5,1,0,0,0.1219,680,669,44,0.0658,0
MEM-LAX,long,2025-12-28,6,1,0,0,0.2855,729,715,57,0.0797,0
MEM-LAX,long,2025-12-29,0,0,0,0,0.0996,1292,1264,73,0.0578,0
MEM-LAX,long,2025-12-30,1,0,0,0,0.2378,1173,1138,43,0.0378,0
MEM-LAX,long,2025-12-31,2,0,0,0,0.0,1265,1247,62,0.0497,0
MEM-LAX,long,2026-01-01,3,0,1,0,0.0886,239,231,11,0.0476,0
MEM-LAX,long,2026-01-02,4,0,0,0,0.0826,1297,1280,66,0.0516,0
MEM-LAX,long,2026-01-03,5,1,0,0,0.1418,612,592,48,0.0811,0
MEM-LAX,long,2026-01-04,6,1,0,0,0.2216,693,672,46,0.0685,0
MEM-LAX,long,2026-01-05,0,0,0,0,0.2127,1404,1385,71,0.0513,0
MEM-LAX,long,2026-01-06,1,0,0,0,0.2452,1093,1055,49,0.0464,0
MEM-LAX,long,2026-01-07,2,0,0,0,0.3204,1105,1082,47,0.0434,0
MEM-LAX,long,2026-01-08,3,0,0,0,0.4368,1186,1145,212,0.1852,1
MEM-LAX,long,2026-01-09,4,0,0,0,0.7219,1297,1251,203,0.1623,1
MEM-LAX,long,2026-01-10,5,1,0,0,0.2899,600,586,48,0.0819,0
MEM-LAX,long,2026-01-11,6,1,0,0,0.2057,737,717,49,0.0683,0
MEM-LAX,long,2026-01-12,0,0,0,0,0.2112,1299,1254,59,0.047,0
MEM-LAX,long,2026-01-13,1,0,0,0,0.2027,1083,1069,56,0.0524,0
MEM-LAX,long,2026-01-14,2,0,0,0,0.1275,1349,1321,71,0.0537,0
MEM-LAX,long,2026-01-15,3,0,0,0,0.1438,1255,1233,62,0.0503,0
MEM-LAX,long,2026-01-16,4,0,0,0,0.1845,1248,1211,50,0.0413,0
MEM-LAX,long,2026-01-17,5,1,0,0,0.0738,769,750,48,0.064,0
MEM-LAX,long,2026-01-18,6,1,0,0,0.0693,637,620,49,0.079,0
MEM-LAX,long,2026-01-19,0,0,0,0,0.0705,1348,1326,62,0.0468,0
MEM-LAX,long,2026-01-20,1,0,0,0,0.1716,1347,1321,67,0.0507,0
MEM-LAX,long,2026-01-21,2,0,0,0,0.0839,1224,1201,57,0.0475,0
MEM-LAX,long,2026-01-22,3,0,0,0,0.0882,1209,1182,49,0.0415,0
MEM-LAX,long,2026-01-23,4,0,0,0,0.0739,998,967,46,0.0476,0
MEM-LAX,long,2026-01-24,5,1,0,0,0.0822,782,762,47,0.0617,0
MEM-LAX,long,2026-01-25,6,1,0,0,0.3517,610,593,29,0.0489,0
MEM-LAX,long,2026-01-26,0,0,0,0,0.1937,1148,1128,48,0.0426,0
MEM-LAX,long,2026-01-27,1,0,0,0,0.2456,1083,1065,58,0.0545,0
MEM-LAX,long,2026-01-28,2,0,0,0,0.0617,1303,1272,53,0.0417,0
MEM-LAX,long,2026-01-29,3,0,0,0,0.1629,1053,1017,44,0.0433,0
MEM-LAX,long,2026-01-30,4,0,0,0,0.1263,1433,1401,80,0.0571,0
MEM-LAX,long,2026-01-31,5,1,0,0,0.0251,652,640,37,0.0578,0
MEM-LAX,long,2026-02-01,6,1,0,0,0.031,620,611,32,0.0524,0
MEM-LAX,long,2026-02-02,0,0,0,0,0.2372,1256,1240,57,0.046,0
MEM-LAX,long,2026-02-03,1,0,0,0,0.2166,1177,1153,57,0.0494,0
MEM-LAX,long,2026-02-04,2,0,0,0,0.0708,1199,1159,55,0.0475,0
MEM-LAX,long,2026-02-05,3,0,0,0,0.2566,1103,1071,59,0.0551,0
MEM-LAX,long,2026-02-06,4,0,0,0,0.1517,1491,1441,78,0.0541,0
MEM-LAX,long,2026-02-07,5,1,0,0,0.2799,726,708,39,0.0551,0
MEM-LAX,long,2026-02-08,6,1,0,0,0.0,563,543,44,0.081,0
MEM-LAX,long,2026-02-09,0,0,0,0,0.0202,1152,1119,47,0.042,0
MEM-LAX,long,2026-02-10,1,0,0,0,0.1692,1264,1219,61,0.05,0
MEM-LAX,long,2026-02-11,2,0,0,0,0.2962,1119,1094,68,0.0622,0
MEM-LAX,long,2026-02-12,3,0,0,0,0.1833,1173,1145,52,0.0454,0
MEM-LAX,long,2026-02-13,4,0,0,0,0.1191,1078,1059,50,0.0472,0
MEM-LAX,long,2026-02-14,5,1,0,0,0.0947,709,699,52,0.0744,0
MEM-LAX,long,2026-02-15,6,1,0,0,0.2293,582,562,40,0.0712,0
MEM-LAX,long,2026-02-16,0,0,0,0,0.0,1122,1102,59,0.0535,0
MEM-LAX,long,2026-02-17,1,0,0,0,0.4806,1311,1281,65,0.0507,0
MEM-LAX,long,2026-02-18,2,0,0,0,0.1374,1236,1220,61,0.05,0
MEM-LAX,long,2026-02-19,3,0,0,0,0.2111,1036,1021,59,0.0578,0
MEM-LAX,long,2026-02-20,4,0,0,0,0.0787,1270,1232,55,0.0446,0
MEM-LAX,long,2026-02-21,5,1,0,0,0.1345,646,636,50,0.0786,0
MEM-LAX,long,2026-02-22,6,1,0,0,0.1311,697,672,45,0.067,0
MEM-LAX,long,2026-02-23,0,0,0,0,0.2562,1054,1033,58,0.0561,0
MEM-LAX,long,2026-02-24,1,0,0,0,0.0681,1276,1254,63,0.0502,0
MEM-LAX,long,2026-02-25,2,0,0,0,0.0519,1150,1135,60,0.0529,0
MEM-LAX,long,2026-02-26,3,0,0,0,0.3311,1229,1186,65,0.0548,0
MEM-LAX,long,2026-02-27,4,0,0,0,0.0607,1257,1235,61,0.0494,0
MEM-LAX,long,2026-02-28,5,1,0,0,0.0705,713,696,43,0.0618,0
MEM-LAX,long,2026-03-01,6,1,0,0,0.1605,595,580,41,0.0707,0
MEM-LAX,long,2026-03-02,0,0,0,0,0.2864,1214,1170,57,0.0487,0
MEM-LAX,long,2026-03-03,1,0,0,0,0.0977,1053,1016,44,0.0433,0
MEM-LAX,long,2026-03-04,2,0,0,0,0.2895,1237,1207,49,0.0406,0
MEM-LAX,long,2026-03-05,3,0,0,0,0.0553,1195,1167,59,0.0506,0
MEM-LAX,long,2026-03-06,4,0,0,0,0.3966,1029,1006,45,0.0447,0
MEM-LAX,long,2026-03-07,5,1,0,0,0.1404,658,649,54,0.0832,0
MEM-LAX,long,2026-03-08,6,1,0,0,0.2207,613,591,35,0.0592,0
MEM-LAX,long,2026-03-09,0,0,0,0,0.1471,1197,1180,56,0.0475,0
MEM-LAX,long,2026-03-10,1,0,0,0,0.2619,1272,1237,64,0.0517,0
MEM-LAX,long,2026-03-11,2,0,0,0,0.3119,1131,1105,47,0.0425,0
MEM-LAX,long,2026-03-12,3,0,0,0,0.0863,1077,1037,55,0.053,0
MEM-LAX,long,2026-03-13,4,0,0,0,0.0871,1195,1174,61,0.052,0
MEM-LAX,long,2026-03-14,5,1,0,0,0.319,694,676,44,0.0651,0
MEM-LAX,long,2026-03-15,6,1,0,0,0.3241,703,687,39,0.0568,0
MEM-LAX,long,2026-03-16,0,0,0,0,0.1975,1358,1332,79,0.0593,0
MEM-LAX,long,2026-03-17,1,0,0,0,0.263,1193,1171,66,0.0564,0
MEM-LAX,long,2026-03-18,2,0,0,0,0.2777,1167,1145,53,0.0463,0
MEM-LAX,long,2026-03-19,3,0,0,0,0.2411,1072,1035,50,0.0483,0
MEM-LAX,long,2026-03-20,4,0,0,0,0.0,1120,1083,63,0.0582,0
MEM-LAX,long,2026-03-21,5,1,0,0,0.0877,622,609,42,0.069,0
MEM-LAX,long,2026-03-22,6,1,0,0,0.5181,743,718,137,0.1908,1
MEM-LAX,long,2026-03-23,0,0,0,0,0.7431,1115,1083,166,0.1533,1
MEM-LAX,long,2026-03-24,1,0,0,0,0.8254,1255,1235,237,0.1919,1
MEM-LAX,long,2026-03-25,2,0,0,0,0.1588,1004,966,48,0.0497,0
MEM-LAX,long,2026-03-26,3,0,0,0,0.1793,1094,1077,64,0.0594,0
MEM-LAX,long,2026-03-27,4,0,0,0,0.1376,1243,1219,59,0.0484,0
MEM-LAX,long,2026-03-28,5,1,0,0,0.2391,782,763,37,0.0485,0
MEM-LAX,long,2026-03-29,6,1,0,0,0.2326,571,554,40,0.0722,0
MEM-LAX,long,2026-03-30,0,0,0,0,0.0122,1261,1221,57,0.0467,0
MEM-LAX,long,2026-03-31,1,0,0,0,0.2673,970,953,39,0.0409,0
MEM-LAX,long,2026-04-01,2,0,0,0,0.4374,1131,1113,62,0.0557,0
MEM-LAX,long,2026-04-02,3,0,0,0,0.0911,1269,1244,54,0.0434,0
MEM-LAX,long,2026-04-03,4,0,0,0,0.16,1007,971,55,0.0566,0
MEM-LAX,long,2026-04-04,5,1,0,0,0.0,715,698,39,0.0559,0
MEM-LAX,long,2026-04-05,6,1,0,0,0.2023,696,684,47,0.0687,0
MEM-LAX,long,2026-04-06,0,0,0,0,0.128,1295,1247,71,0.0569,0
MEM-LAX,long,2026-04-07,1,0,0,0,0.1796,1290,1269,74,0.0583,0
MEM-LAX,long,2026-04-08,2,0,0,0,0.3136,1468,1413,81,0.0573,0
MEM-LAX,long,2026-04-09,3,0,0,0,0.0134,1229,1185,53,0.0447,0
MEM-LAX,long,2026-04-10,4,0,0,0,0.2183,1305,1265,64,0.0506,0
MEM-LAX,long,2026-04-11,5,1,0,0,0.0641,656,636,39,0.0613,0
MEM-LAX,long,2026-04-12,6,1,0,0,0.0419,752,724,52,0.0718,0
MEM-LAX,long,2026-04-13,0,0,0,0,0.0,1146,1114,61,0.0548,0
MEM-LAX,long,2026-04-14,1,0,0,0,0.2742,1016,980,48,0.049,0
MEM-LAX,long,2026-04-15,2,0,0,0,0.0977,1169,1134,51,0.045,0
MEM-LAX,long,2026-04-16,3,0,0,0,0.3248,1354,1331,63,0.0473,0
MEM-LAX,long,2026-04-17,4,0,0,0,0.2477,1089,1067,49,0.0459,0
MEM-LAX,long,2026-04-18,5,1,0,0,0.0,743,716,56,0.0782,0
MEM-LAX,long,2026-04-19,6,1,0,0,0.0953,689,665,43,0.0647,0
MEM-LAX,long,2026-04-20,0,0,0,0,0.11,1291,1258,55,0.0437,0
MEM-LAX,long,2026-04-21,1,0,0,0,0.1244,1164,1127,59,0.0524,0
MEM-LAX,long,2026-04-22,2,0,0,0,0.0805,1154,1127,57,0.0506,0
MEM-LAX,long,2026-04-23,3,0,0,0,0.0643,1448,1395,82,0.0588,0
MEM-LAX,long,2026-04-24,4,0,0,0,0.2993,1210,1177,59,0.0501,0
MEM-LAX,long,2026-04-25,5,1,0,0,0.1369,853,822,61,0.0742,0
MEM-LAX,long,2026-04-26,6,1,0,0,0.0,634,616,32,0.0519,0
MEM-LAX,long,2026-04-27,0,0,0,0,0.0636,1339,1301,59,0.0453,0
MEM-LAX,long,2026-04-28,1,0,0,0,0.0,1198,1179,61,0.0517,0
MEM-LAX,long,2026-04-29,2,0,0,0,0.2518,1089,1073,67,0.0624,0
MEM-LAX,long,2026-04-30,3,0,0,0,0.1055,1196,1173,61,0.052,0
MEM-LAX,long,2026-05-01,4,0,0,0,0.1013,1220,1176,52,0.0442,0
MEM-LAX,long,2026-05-02,5,1,0,0,0.129,671,658,33,0.0502,0
MEM-LAX,long,2026-05-03,6,1,0,0,0.1574,679,660,48,0.0727,0
MEM-LAX,long,2026-05-04,0,0,0,0,0.153,1091,1070,57,0.0533,0
MEM-LAX,long,2026-05-05,1,0,0,0,0.0504,1115,1078,58,0.0538,0
MEM-LAX,long,2026-05-06,2,0,0,0,0.1518,1180,1142,48,0.042,0
MEM-LAX,long,2026-05-07,3,0,0,0,0.0722,1142,1111,54,0.0486,0
MEM-LAX,long,2026-05-08,4,0,0,0,0.0171,1075,1036,54,0.0521,0
MEM-LAX,long,2026-05-09,5,1,0,0,0.1533,635,627,45,0.0718,0
MEM-LAX,long,2026-05-10,6,1,0,0,0.1017,553,540,33,0.0611,0
MEM-LAX,long,2026-05-11,0,0,0,0,0.3633,1170,1136,46,0.0405,0
MEM-LAX,long,2026-05-12,1,0,0,0,0.3093,1151,1134,46,0.0406,0
MEM-LAX,long,2026-05-13,2,0,0,0,0.0,1163,1136,56,0.0493,0
MEM-LAX,long,2026-05-14,3,0,0,0,0.2343,1162,1123,45,0.0401,0
MEM-LAX,long,2026-05-15,4,0,0,0,0.2141,1083,1051,45,0.0428,0
MEM-LAX,long,2026-05-16,5,1,0,0,0.0653,760,740,52,0.0703,0
MEM-LAX,long,2026-05-17,6,1,0,0,0.2334,664,655,44,0.0672,0
MEM-LAX,long,2026-05-18,0,0,0,0,0.1619,1339,1313,71,0.0541,0
MEM-LAX,long,2026-05-19,1,0,0,0,0.0,1102,1074,60,0.0559,0
MEM-LAX,long,2026-05-20,2,0,0,0,0.1602,1183,1150,56,0.0487,0
MEM-LAX,long,2026-05-21,3,0,0,0,0.0624,1116,1099,50,0.0455,0
MEM-LAX,long,2026-05-22,4,0,0,0,0.0081,1149,1125,51,0.0453,0
MEM-LAX,long,2026-05-23,5,1,0,0,0.2971,681,661,29,0.0439,0
MEM-LAX,long,2026-05-24,6,1,0,0,0.3783,729,713,37,0.0519,0
MEM-LAX,long,2026-05-25,0,0,0,0,0.1099,1173,1147,66,0.0575,0
MEM-LAX,long,2026-05-26,1,0,0,0,0.2929,1230,1207,69,0.0572,0
MEM-LAX,long,2026-05-27,2,0,0,0,0.027,1317,1277,54,0.0423,0
MEM-LAX,long,2026-05-28,3,0,0,0,0.23,974,950,43,0.0453,0
MEM-LAX,long,2026-05-29,4,0,0,0,0.1898,1387,1360,82,0.0603,0
MEM-LAX,long,2026-05-30,5,1,0,0,0.1813,620,606,43,0.071,0
MEM-LAX,long,2026-05-31,6,1,0,0,0.4131,780,759,43,0.0567,0
MEM-LAX,long,2026-06-01,0,0,0,0,0.2426,1275,1241,77,0.062,0
MEM-LAX,long,2026-06-02,1,0,0,0,0.0362,1305,1288,63,0.0489,0
MEM-LAX,long,2026-06-03,2,0,0,0,0.2171,1168,1146,56,0.0489,0
MEM-LAX,long,2026-06-04,3,0,0,0,0.1274,1297,1269,66,0.052,0
MEM-LAX,long,2026-06-05,4,0,0,0,0.1641,1254,1211,57,0.0471,0
MEM-LAX,long,2026-06-06,5,1,0,0,0.0,659,642,39,0.0607,0
MEM-LAX,long,2026-06-07,6,1,0,0,0.3173,673,661,49,0.0741,0
MEM-LAX,long,2026-06-08,0,0,0,0,0.221,1258,1230,61,0.0496,0
MEM-LAX,long,2026-06-09,1,0,0,0,0.2318,1368,1318,68,0.0516,0
MEM-LAX,long,2026-06-10,2,0,0,0,0.079,1312,1273,82,0.0644,0
MEM-LAX,long,2026-06-11,3,0,0,0,0.1572,1251,1222,65,0.0532,0
MEM-LAX,long,2026-06-12,4,0,0,0,0.1307,1384,1362,64,0.047,0
MEM-LAX,long,2026-06-13,5,1,0,0,0.2778,718,692,50,0.0723,0
MEM-LAX,long,2026-06-14,6,1,0,0,0.0558,713,688,61,0.0887,0
MEM-LAX,long,2026-06-15,0,0,0,0,0.0,1401,1361,64,0.047,0
MEM-LAX,long,2026-06-16,1,0,0,0,0.2485,862,849,39,0.0459,0
MEM-LAX,long,2026-06-17,2,0,0,0,0.1621,1204,1167,62,0.0531,0
MEM-LAX,long,2026-06-18,3,0,0,0,0.0551,1086,1058,56,0.0529,0
MEM-LAX,long,2026-06-19,4,0,0,0,0.0906,1262,1233,62,0.0503,0
MEM-LAX,long,2026-06-20,5,1,0,0,0.0,675,664,52,0.0783,0
MEM-LAX,long,2026-06-21,6,1,0,0,0.2462,552,534,36,0.0674,0
MEM-LAX,long,2026-06-22,0,0,0,0,0.0725,1205,1169,68,0.0582,0
MEM-LAX,long,2026-06-23,1,0,0,0,0.0953,1215,1174,54,0.046,0
MEM-LAX,long,2026-06-24,2,0,0,0,0.216,1099,1076,71,0.066,0
MEM-LAX,long,2026-06-25,3,0,0,0,0.0832,1347,1310,62,0.0473,0
MEM-LAX,long,2026-06-26,4,0,0,0,0.3359,1173,1143,58,0.0507,0
MEM-LAX,long,2026-06-27,5,1,0,0,0.0763,584,563,39,0.0693,0
MEM-LAX,long,2026-06-28,6,1,0,0,0.1604,644,634,52,0.082,0
MEM-LAX,long,2026-06-29,0,0,0,0,0.1769,1282,1242,55,0.0443,0
MEM-LAX,long,2026-06-30,1,0,0,0,0.288,1009,991,45,0.0454,0
MEM-LAX,long,2026-07-01,2,0,0,0,0.2323,1053,1038,47,0.0453,0
MEM-LAX,long,2026-07-02,3,0,0,0,0.021,1008,978,54,0.0552,0
MEM-LAX,long,2026-07-03,4,0,0,0,0.1547,1176,1160,64,0.0552,0
MEM-LAX,long,2026-07-04,5,1,1,0,0.1456,176,170,12,0.0706,0
MEM-LAX,long,2026-07-05,6,1,0,0,0.1431,669,647,42,0.0649,0
MEM-LAX,long,2026-07-06,0,0,0,0,0.2774,1181,1154,48,0.0416,0
MEM-LAX,long,2026-07-07,1,0,0,0,0.1416,1268,1221,62,0.0508,0
MEM-LAX,long,2026-07-08,2,0,0,0,0.1079,1510,1486,80,0.0538,0
MEM-LAX,long,2026-07-09,3,0,0,0,0.1225,1191,1166,46,0.0395,0
MEM-LAX,long,2026-07-10,4,0,0,0,0.1678,1232,1210,56,0.0463,0
MEM-LAX,long,2026-07-11,5,1,0,0,0.1109,699,689,40,0.0581,0
MEM-LAX,long,2026-07-12,6,1,0,0,0.0598,684,666,36,0.0541,0
MEM-LAX,long,2026-07-13,0,0,0,0,0.1923,1130,1102,55,0.0499,0
MEM-LAX,long,2026-07-14,1,0,0,0,0.1561,1223,1193,46,0.0386,0
MEM-LAX,long,2026-07-15,2,0,0,0,0.036,1241,1196,69,0.0577,0
MEM-LAX,long,2026-07-16,3,0,0,0,0.0658,1110,1082,48,0.0444,0
MEM-LAX,long,2026-07-17,4,0,0,0,0.2668,1046,1010,57,0.0564,0
MEM-LAX,long,2026-07-18,5,1,0,0,0.3524,723,711,172,0.2419,1
MEM-LAX,long,2026-07-19,6,1,0,0,0.0615,728,709,42,0.0592,0
MEM-LAX,long,2026-07-20,0,0,0,0,0.3268,1366,1335,51,0.0382,0
MEM-LAX,long,2026-07-21,1,0,0,0,0.173,1045,1027,57,0.0555,0
MEM-LAX,long,2026-07-22,2,0,0,0,0.2117,1338,1307,73,0.0559,0
MEM-LAX,long,2026-07-23,3,0,0,0,0.1402,1013,983,58,0.059,0
MEM-LAX,long,2026-07-24,4,0,0,0,0.0063,1335,1287,56,0.0435,0
MEM-LAX,long,2026-07-25,5,1,0,0,0.4398,685,661,45,0.0681,0
MEM-LAX,long,2026-07-26,6,1,0,0,0.215,632,612,38,0.0621,0
MEM-LAX,long,2026-07-27,0,0,0,0,0.3999,1173,1141,78,0.0684,0
MEM-LAX,long,2026-07-28,1,0,0,0,0.1134,1288,1262,66,0.0523,0
MEM-LAX,long,2026-07-29,2,0,0,0,0.0,1262,1220,49,0.0402,0
MEM-LAX,long,2026-07-30,3,0,0,0,0.0664,1270,1254,61,0.0486,0
MEM-LAX,long,2026-07-31,4,0,0,0,0.188,1355,1329,61,0.0459,0
MEM-LAX,long,2026-08-01,5,1,0,0,0.0,635,624,41,0.0657,0
MEM-LAX,long,2026-08-02,6,1,0,0,0.2349,664,641,46,0.0718,0
MEM-LAX,long,2026-08-03,0,0,0,0,0.19,1000,967,37,0.0383,0
MEM-LAX,long,2026-08-04,1,0,0,0,0.2521,1301,1253,68,0.0543,0
MEM-LAX,long,2026-08-05,2,0,0,0,0.0944,1434,1409,82,0.0582,0
MEM-LAX,long,2026-08-06,3,0,0,0,0.0486,1186,1153,61,0.0529,0
MEM-LAX,long,2026-08-07,4,0,0,0,0.0653,1196,1161,68,0.0586,0
MEM-LAX,long,2026-08-08,5,1,0,0,0.2311,640,622,29,0.0466,0
MEM-LAX,long,2026-08-09,6,1,0,0,0.0521,734,721,49,0.068,0
MEM-LAX,long,2026-08-10,0,0,0,0,0.2746,1212,1196,67,0.056,0
MEM-LAX,long,2026-08-11,1,0,0,0,0.2589,1094,1064,46,0.0432,0
MEM-LAX,long,2026-08-12,2,0,0,0,0.1048,1427,1383,60,0.0434,0
MEM-LAX,long,2026-08-13,3,0,0,0,0.0629,1393,1366,66,0.0483,0
MEM-LAX,long,2026-08-14,4,0,0,0,0.2505,1182,1139,58,0.0509,0
MEM-LAX,long,2026-08-15,5,1,0,0,0.2057,604,589,42,0.0713,0
MEM-LAX,long,2026-08-16,6,1,0,0,0.0669,747,726,61,0.084,0
MEM-LAX,long,2026-08-17,0,0,0,0,0.1316,1400,1361,75,0.0551,0
MEM-LAX,long,2026-08-18,1,0,0,0,0.1931,1097,1079,51,0.0473,0
MEM-LAX,long,2026-08-19,2,0,0,0,0.0,1147,1124,61,0.0543,0
MEM-LAX,long,2026-08-20,3,0,0,0,0.1661,1230,1204,57,0.0473,0
MEM-LAX,long,2026-08-21,4,0,0,0,0.1341,1100,1074,58,0.054,0
MEM-LAX,long,2026-08-22,5,1,0,0,0.0527,652,633,51,0.0806,0
MEM-LAX,long,2026-08-23,6,1,0,0,0.7875,604,595,125,0.2101,1
MEM-SEA,long,2023-08-25,4,0,0,0,0.1125,756,739,42,0.0568,0
MEM-SEA,long,2023-08-26,5,1,0,0,0.3852,380,371,27,0.0728,0
MEM-SEA,long,2023-08-27,6,1,0,0,0.0,369,360,22,0.0611,0
MEM-SEA,long,2023-08-28,0,0,0,0,0.0968,711,699,33,0.0472,0
MEM-SEA,long,2023-08-29,1,0,0,0,0.2662,709,688,31,0.0451,0
MEM-SEA,long,2023-08-30,2,0,0,0,0.1397,683,670,41,0.0612,0
MEM-SEA,long,2023-08-31,3,0,0,0,0.0438,675,653,33,0.0505,0
MEM-SEA,long,2023-09-01,4,0,0,0,0.1938,661,651,29,0.0445,0
MEM-SEA,long,2023-09-02,5,1,0,0,0.1142,339,334,21,0.0629,0
MEM-SEA,long,2023-09-03,6,1,0,0,0.0592,397,387,19,0.0491,0
MEM-SEA,long,2023-09-04,0,0,0,0,0.1602,853,825,33,0.04,0
MEM-SEA,long,2023-09-05,1,0,0,0,0.0438,653,637,45,0.0706,0
MEM-SEA,long,2023-09-06,2,0,0,0,0.2576,787,760,49,0.0645,0
MEM-SEA,long,2023-09-07,3,0,0,0,0.0,789,767,35,0.0456,0
MEM-SEA,long,2023-09-08,4,0,0,0,0.0,672,655,33,0.0504,0
MEM-SEA,long,2023-09-09,5,1,0,0,0.2475,463,453,38,0.0839,0
MEM-SEA,long,2023-09-10,6,1,0,0,0.1416,445,433,39,0.0901,0
MEM-SEA,long,2023-09-11,0,0,0,0,0.0,649,627,39,0.0622,0
MEM-SEA,long,2023-09-12,1,0,0,0,0.1634,598,576,37,0.0642,0
MEM-SEA,long,2023-09-13,2,0,0,0,0.0,696,680,34,0.05,0
MEM-SEA,long,2023-09-14,3,0,0,0,0.4144,737,710,32,0.0451,0
MEM-SEA,long,2023-09-15,4,0,0,0,0.1783,689,670,37,0.0552,0
MEM-SEA,long,2023-09-16,5,1,0,0,0.0571,456,442,28,0.0633,0
MEM-SEA,long,2023-09-17,6,1,0,0,0.3326,355,350,31,0.0886,0
MEM-SEA,long,2023-09-18,0,0,0,0,0.074,665,645,40,0.062,0
MEM-SEA,long,2023-09-19,1,0,0,0,0.147,624,607,31,0.0511,0
MEM-SEA,long,2023-09-20,2,0,0,0,0.3816,708,695,29,0.0417,0
MEM-SEA,long,2023-09-21,3,0,0,0,0.2534,679,665,48,0.0722,0
MEM-SEA,long,2023-09-22,4,0,0,0,0.1263,629,611,35,0.0573,0
MEM-SEA,long,2023-09-23,5,1,0,0,0.2936,302,294,25,0.085,0
MEM-SEA,long,2023-09-24,6,1,0,0,0.1232,345,338,22,0.0651,0
MEM-SEA,long,2023-09-25,0,0,0,0,0.0195,774,750,37,0.0493,0
MEM-SEA,long,2023-09-26,1,0,0,0,0.1301,713,692,41,0.0592,0
MEM-SEA,long,2023-09-27,2,0,0,0,0.265,811,784,40,0.051,0
MEM-SEA,long,2023-09-28,3,0,0,0,0.0,638,615,41,0.0667,0
MEM-SEA,long,2023-09-29,4,0,0,0,0.3703,855,842,36,0.0428,0
MEM-SEA,long,2023-09-30,5,1,0,0,0.1604,326,320,24,0.075,0
MEM-SEA,long,2023-10-01,6,1,0,0,0.1796,376,365,30,0.0822,0
MEM-SEA,long,2023-10-02,0,0,0,0,0.0389,650,629,34,0.0541,0
MEM-SEA,long,2023-10-03,1,0,0,0,0.2525,695,679,30,0.0442,0
MEM-SEA,long,2023-10-04,2,0,0,0,0.101,735,710,43,0.0606,0
MEM-SEA,long,2023-10-05,3,0,0,0,0.0321,765,750,44,0.0587,0
MEM-SEA,long,2023-10-06,4,0,0,0,0.0,800,785,54,0.0688,0
MEM-SEA,long,2023-10-07,5,1,0,0,0.0245,334,329,23,0.0699,0
MEM-SEA,long,2023-10-08,6,1,0,0,0.0886,458,444,39,0.0878,0
MEM-SEA,long,2023-10-09,0,0,0,0,0.2344,714,698,44,0.063,0
MEM-SEA,long,2023-10-10,1,0,0,0,0.284,781,766,51,0.0666,0
MEM-SEA,long,2023-10-11,2,0,0,0,0.1749,666,648,41,0.0633,0
MEM-SEA,long,2023-10-12,3,0,0,0,0.004,645,621,27,0.0435,0
MEM-SEA,long,2023-10-13,4,0,0,0,0.1107,753,731,37,0.0506,0
MEM-SEA,long,2023-10-14,5,1,0,0,0.217,450,441,33,0.0748,0
MEM-SEA,long,2023-10-15,6,1,0,0,0.1519,329,325,23,0.0708,0
MEM-SEA,long,2023-10-16,0,0,0,0,0.0027,761,749,39,0.0521,0
MEM-SEA,long,2023-10-17,1,0,0,0,0.2795,694,672,28,0.0417,0
MEM-SEA,long,2023-10-18,2,0,0,0,0.0,735,722,38,0.0526,0
MEM-SEA,long,2023-10-19,3,0,0,0,0.4269,574,555,22,0.0396,0
MEM-SEA,long,2023-10-20,4,0,0,0,0.1734,572,558,28,0.0502,0
MEM-SEA,long,2023-10-21,5,1,0,0,0.3117,402,390,30,0.0769,0
MEM-SEA,long,2023-10-22,6,1,0,0,0.0247,315,304,16,0.0526,0
MEM-SEA,long,2023-10-23,0,0,0,0,0.2188,663,639,29,0.0454,0
MEM-SEA,long,2023-10-24,1,0,0,0,0.016,717,704,31,0.044,0
MEM-SEA,long,2023-10-25,2,0,0,0,0.2039,693,684,38,0.0556,0
MEM-SEA,long,2023-10-26,3,0,0,0,0.1772,682,672,41,0.061,0
MEM-SEA,long,2023-10-27,4,0,0,0,0.0995,698,677,47,0.0694,0
MEM-SEA,long,2023-10-28,5,1,0,0,0.0692,398,389,28,0.072,0
MEM-SEA,long,2023-10-29,6,1,0,0,0.028,468,451,44,0.0976,0
MEM-SEA,long,2023-10-30,0,0,0,0,0.0055,619,600,25,0.0417,0
MEM-SEA,long,2023-10-31,1,0,0,0,0.3182,638,616,41,0.0666,0
MEM-SEA,long,2023-11-01,2,0,0,0,0.3227,733,710,36,0.0507,0
MEM-SEA,long,2023-11-02,3,0,0,0,0.0,783,770,41,0.0532,0
MEM-SEA,long,2023-11-03,4,0,0,0,0.0,793,783,52,0.0664,0
MEM-SEA,long,2023-11-04,5,1,0,0,0.0426,399,390,17,0.0436,0
MEM-SEA,long,2023-11-05,6,1,0,0,0.0,388,378,27,0.0714,0
MEM-SEA,long,2023-11-06,0,0,0,0,0.3725,666,656,39,0.0595,0
MEM-SEA,long,2023-11-07,1,0,0,0,0.1232,799,780,54,0.0692,0
MEM-SEA,long,2023-11-08,2,0,0,0,0.0,643,631,25,0.0396,0
MEM-SEA,long,2023-11-09,3,0,0,0,0.1079,646,623,35,0.0562,0
MEM-SEA,long,2023-11-10,4,0,0,0,0.3429,682,669,44,0.0658,0
MEM-SEA,long,2023-11-11,5,1,1,0,0.0407,113,110,10,0.0909,0
MEM-SEA,long,2023-11-12,6,1,0,0,0.2461,350,340,30,0.0882,0
MEM-SEA,long,2023-11-13,0,0,0,0,0.0221,622,606,35,0.0578,0
MEM-SEA,long,2023-11-14,1,0,0,0,0.2921,648,624,25,0.0401,0
MEM-SEA,long,2023-11-15,2,0,0,0,0.2724,729,715,44,0.0615,0
MEM-SEA,long,2023-11-16,3,0,0,0,0.0555,751,726,38,0.0523,0
MEM-SEA,long,2023-11-17,4,0,0,0,0.2038,822,795,49,0.0616,0
MEM-SEA,long,2023-11-18,5,1,0,0,0.381,398,390,43,0.1103,0
MEM-SEA,long,2023-11-19,6,1,0,0,0.0203,351,338,25,0.074,0
MEM-SEA,long,2023-11-20,0,0,0,1,0.0,1074,1043,91,0.0872,0
MEM-SEA,long,2023-11-21,1,0,0,1,0.2091,1058,1029,94,0.0914,0
MEM-SEA,long,2023-11-22,2,0,0,1,0.0946,1025,996,99,0.0994,0
MEM-SEA,long,2023-11-23,3,0,0,1,0.2106,1091,1056,95,0.09,0
MEM-SEA,long,2023-11-24,4,0,0,1,0.106,1034,995,103,0.1035,0
MEM-SEA,long,2023-11-25,5,1,0,1,0.1638,574,554,56,0.1011,0
MEM-SEA,long,2023-11-26,6,1,0,1,0.2753,713,695,82,0.118,0
MEM-SEA,long,2023-11-27,0,0,0,1,0.0,1013,987,94,0.0952,0
MEM-SEA,long,2023-11-28,1,0,0,1,0.1553,1104,1083,103,0.0951,0
MEM-SEA,long,2023-11-29,2,0,0,1,0.1367,1288,1264,136,0.1076,0
MEM-SEA,long,2023-11-30,3,0,0,1,0.0097,1293,1259,119,0.0945,0
MEM-SEA,long,2023-12-01,4,0,0,1,0.2369,1132,1116,110,0.0986,0
MEM-SEA,long,2023-12-02,5,1,0,1,0.0505,671,650,85,0.1308,0
MEM-SEA,long,2023-12-03,6,1,0,1,0.2105,633,620,75,0.121,0
MEM-SEA,long,2023-12-04,0,0,0,1,0.0844,1098,1070,94,0.0879,0
MEM-SEA,long,2023-12-05,1,0,0,1,0.0488,1158,1141,126,0.1104,0
MEM-SEA,long,2023-12-06,2,0,0,1,0.242,1227,1195,108,0.0904,0
MEM-SEA,long,2023-12-07,3,0,0,1,0.157,1282,1261,130,0.1031,0
MEM-SEA,long,2023-12-08,4,0,0,1,0.0895,1069,1045,109,0.1043,0
MEM-SEA,long,2023-12-09,5,1,0,1,0.0882,472,465,63,0.1355,0
MEM-SEA,long,2023-12-10,6,1,0,1,0.1325,734,707,86,0.1216,0
MEM-SEA,long,2023-12-11,0,0,0,1,0.169,1267,1247,119,0.0954,0
MEM-SEA,long,2023-12-12,1,0,0,1,0.3266,1025,992,86,0.0867,0
MEM-SEA,long,2023-12-13,2,0,0,1,0.0,1154,1115,113,0.1013,0
MEM-SEA,long,2023-12-14,3,0,0,1,0.0,1106,1065,83,0.0779,0
MEM-SEA,long,2023-12-15,4,0,0,1,0.2117,998,965,87,0.0902,0
MEM-SEA,long,2023-12-16,5,1,0,1,0.1959,487,475,59,0.1242,0
MEM-SEA,long,2023-12-17,6,1,0,1,0.1576,649,633,66,0.1043,0
MEM-SEA,long,2023-12-18,0,0,0,1,0.1419,1017,979,100,0.1021,0
MEM-SEA,long,2023-12-19,1,0,0,1,0.328,857,835,83,0.0994,0
MEM-SEA,long,2023-12-20,2,0,0,1,0.2117,1023,992,95,0.0958,0
MEM-SEA,long,2023-12-21,3,0,0,1,0.3528,1045,1011,91,0.09,0
MEM-SEA,long,2023-12-22,4,0,0,1,0.2277,1189,1151,128,0.1112,0
MEM-SEA,long,2023-12-23,5,1,0,1,0.0119,695,686,82,0.1195,0
MEM-SEA,long,2023-12-24,6,1,0,1,0.1871,516,499,78,0.1563,0
MEM-SEA,long,2023-12-25,0,0,1,1,0.1788,298,293,24,0.0819,0
MEM-SEA,long,2023-12-26,1,0,0,1,0.0,1124,1105,93,0.0842,0
MEM-SEA,long,2023-12-27,2,0,0,0,0.2145,827,806,42,0.0521,0
MEM-SEA,long,2023-12-28,3,0,0,0,0.0,738,710,37,0.0521,0
MEM-SEA,long,2023-12-29,4,0,0,0,0.2686,680,669,24,0.0359,0
MEM-SEA,long,2023-12-30,5,1,0,0,0.0345,372,363,31,0.0854,0
MEM-SEA,long,2023-12-31,6,1,0,0,0.1349,413,401,34,0.0848,0
MEM-SEA,long,2024-01-01,0,0,1,0,0.2242,165,159,9,0.0566,0
MEM-SEA,long,2024-01-02,1,0,0,0,0.017,717,695,37,0.0532,0
MEM-SEA,long,2024-01-03,2,0,0,0,0.0966,746,727,39,0.0536,0
MEM-SEA,long,2024-01-04,3,0,0,0,0.0626,754,739,39,0.0528,0
MEM-SEA,long,2024-01-05,4,0,0,0,0.2752,645,631,31,0.0491,0
MEM-SEA,long,2024-01-06,5,1,0,0,0.2291,345,340,23,0.0676,0
MEM-SEA,long,2024-01-07,6,1,0,0,0.129,445,433,39,0.0901,0
MEM-SEA,long,2024-01-08,0,0,0,0,0.1904,682,668,37,0.0554,0
MEM-SEA,long,2024-01-09,1,0,0,0,0.2041,668,659,45,0.0683,0
MEM-SEA,long,2024-01-10,2,0,0,0,0.3842,685,672,37,0.0551,0
MEM-SEA,long,2024-01-11,3,0,0,0,0.3248,838,808,40,0.0495,0
MEM-SEA,long,2024-01-12,4,0,0,0,0.1369,674,661,28,0.0424,0
MEM-SEA,long,2024-01-13,5,1,0,0,0.0724,376,366,15,0.041,0
MEM-SEA,long,2024-01-14,6,1,0,0,0.1887,354,347,26,0.0749,0
MEM-SEA,long,2024-01-15,0,0,0,0,0.2391,673,650,38,0.0585,0
MEM-SEA,long,2024-01-16,1,0,0,0,0.1918,813,784,41,0.0523,0
MEM-SEA,long,2024-01-17,2,0,0,0,0.1644,665,651,39,0.0599,0
MEM-SEA,long,2024-01-18,3,0,0,0,0.0,675,652,38,0.0583,0
MEM-SEA,long,2024-01-19,4,0,0,0,0.1105,683,673,32,0.0475,0
MEM-SEA,long,2024-01-20,5,1,0,0,0.0372,375,367,31,0.0845,0
MEM-SEA,long,2024-01-21,6,1,0,0,0.0,350,343,18,0.0525,0
MEM-SEA,long,2024-01-22,0,0,0,0,0.1248,658,640,31,0.0484,0
MEM-SEA,long,2024-01-23,1,0,0,0,0.212,762,750,40,0.0533,0
MEM-SEA,long,2024-01-24,2,0,0,0,0.4836,652,640,87,0.1359,1
MEM-SEA,long,2024-01-25,3,0,0,0,0.5472,679,660,113,0.1712,1
MEM-SEA,long,2024-01-26,4,0,0,0,0.0507,665,649,43,0.0663,0
MEM-SEA,long,2024-01-27,5,1,0,0,0.1891,346,335,21,0.0627,0
MEM-SEA,long,2024-01-28,6,1,0,0,0.1791,372,365,30,0.0822,0
MEM-SEA,long,2024-01-29,0,0,0,0,0.2245,583,575,31,0.0539,0
MEM-SEA,long,2024-01-30,1,0,0,0,0.2074,760,734,43,0.0586,0
MEM-SEA,long,2024-01-31,2,0,0,0,0.146,658,648,39,0.0602,0
MEM-SEA,long,2024-02-01,3,0,0,0,0.1356,840,814,38,0.0467,0
MEM-SEA,long,2024-02-02,4,0,0,0,0.0286,622,604,23,0.0381,0
MEM-SEA,long,2024-02-03,5,1,0,0,0.3245,398,390,19,0.0487,0
MEM-SEA,long,2024-02-04,6,1,0,0,0.134,401,396,32,0.0808,0
MEM-SEA,long,2024-02-05,0,0,0,0,0.1079,642,631,39,0.0618,0
MEM-SEA,long,2024-02-06,1,0,0,0,0.0,687,665,38,0.0571,0
MEM-SEA,long,2024-02-07,2,0,0,0,0.173,577,558,27,0.0484,0
MEM-SEA,long,2024-02-08,3,0,0,0,0.1345,671,651,33,0.0507,0
MEM-SEA,long,2024-02-09,4,0,0,0,0.0,725,713,39,0.0547,0
MEM-SEA,long,2024-02-10,5,1,0,0,0.1958,382,372,19,0.0511,0
MEM-SEA,long,2024-02-11,6,1,0,0,0.1337,332,322,26,0.0807,0
MEM-SEA,long,2024-02-12,0,0,0,0,0.164,801,776,47,0.0606,0
MEM-SEA,long,2024-02-13,1,0,0,0,0.262,712,697,28,0.0402,0
MEM-SEA,long,2024-02-14,2,0,0,0,0.1869,738,713,41,0.0575,0
MEM-SEA,long,2024-02-15,3,0,0,0,0.1786,696,676,39,0.0577,0
MEM-SEA,long,2024-02-16,4,0,0,0,0.0165,619,609,40,0.0657,0
MEM-SEA,long,2024-02-17,5,1,0,0,0.0,406,398,32,0.0804,0
MEM-SEA,long,2024-02-18,6,1,0,0,0.3876,367,358,32,0.0894,0
MEM-SEA,long,2024-02-19,0,0,0,0,0.2485,715,700,38,0.0543,0
MEM-SEA,long,2024-02-20,1,0,0,0,0.2038,620,599,26,0.0434,0
MEM-SEA,long,2024-02-21,2,0,0,0,0.0849,644,626,36,0.0575,0
MEM-SEA,long,2024-02-22,3,0,0,0,0.2764,690,669,28,0.0419,0
MEM-SEA,long,2024-02-23,4,0,0,0,0.0839,780,769,39,0.0507,0
MEM-SEA,long,2024-02-24,5,1,0,0,0.0936,340,333,15,0.045,0
MEM-SEA,long,2024-02-25,6,1,0,0,0.05,440,431,24,0.0557,0
MEM-SEA,long,2024-02-26,0,0,0,0,0.0874,787,764,34,0.0445,0
MEM-SEA,long,2024-02-27,1,0,0,0,0.1133,677,659,35,0.0531,0
MEM-SEA,long,2024-02-28,2,0,0,0,0.1202,735,709,38,0.0536,0
MEM-SEA,long,2024-02-29,3,0,0,0,0.1487,698,689,46,0.0668,0
MEM-SEA,long,2024-03-01,4,0,0,0,0.3716,528,510,31,0.0608,0
MEM-SEA,long,2024-03-02,5,1,0,0,0.2602,438,427,23,0.0539,0
MEM-SEA,long,2024-03-03,6,1,0,0,0.326,381,367,38,0.1035,0
MEM-SEA,long,2024-03-04,0,0,0,0,0.3434,814,801,46,0.0574,0
MEM-SEA,long,2024-03-05,1,0,0,0,0.231,702,682,34,0.0499,0
MEM-SEA,long,2024-03-06,2,0,0,0,0.0846,723,707,37,0.0523,0
MEM-SEA,long,2024-03-07,3,0,0,0,0.0,620,599,30,0.0501,0
MEM-SEA,long,2024-03-08,4,0,0,0,0.0,716,689,47,0.0682,0
MEM-SEA,long,2024-03-09,5,1,0,0,0.07,380,368,21,0.0571,0
MEM-SEA,long,2024-03-10,6,1,0,0,0.0375,332,322,31,0.0963,0
MEM-SEA,long,2024-03-11,0,0,0,0,0.0965,641,617,31,0.0502,0
MEM-SEA,long,2024-03-12,1,0,0,0,0.2867,781,771,46,0.0597,0
MEM-SEA,long,2024-03-13,2,0,0,0,0.379,679,657,39,0.0594,0
MEM-SEA,long,2024-03-14,3,0,0,0,0.1476,791,777,35,0.045,0
MEM-SEA,long,2024-03-15,4,0,0,0,0.2586,660,647,37,0.0572,0
MEM-SEA,long,2024-03-16,5,1,0,0,0.1145,444,432,31,0.0718,0
MEM-SEA,long,2024-03-17,6,1,0,0,0.1617,308,300,18,0.06,0
MEM-SEA,long,2024-03-18,0,0,0,0,0.1218,696,672,45,0.067,0
MEM-SEA,long,2024-03-19,1,0,0,0,0.0,623,600,31,0.0517,0
MEM-SEA,long,2024-03-20,2,0,0,0,0.0117,741,723,27,0.0373,0
MEM-SEA,long,2024-03-21,3,0,0,0,0.1657,660,647,47,0.0726,0
MEM-SEA,long,2024-03-22,4,0,0,0,0.266,633,621,39,0.0628,0
MEM-SEA,long,2024-03-23,5,1,0,0,0.0793,385,372,19,0.0511,0
MEM-SEA,long,2024-03-24,6,1,0,0,0.2565,346,336,28,0.0833,0
MEM-SEA,long,2024-03-25,0,0,0,0,0.1928,626,604,38,0.0629,0
MEM-SEA,long,2024-03-26,1,0,0,0,0.1046,818,806,39,0.0484,0
MEM-SEA,long,2024-03-27,2,0,0,0,0.0699,814,804,43,0.0535,0
MEM-SEA,long,2024-03-28,3,0,0,0,0.2394,602,584,30,0.0514,0
MEM-SEA,long,2024-03-29,4,0,0,0,0.0887,616,608,32,0.0526,0
MEM-SEA,long,2024-03-30,5,1,0,0,0.3097,414,407,33,0.0811,0
MEM-SEA,long,2024-03-31,6,1,0,0,0.1978,350,343,35,0.102,0
MEM-SEA,long,2024-04-01,0,0,0,0,0.0876,603,593,31,0.0523,0
MEM-SEA,long,2024-04-02,1,0,0,0,0.1977,644,623,45,0.0722,0
MEM-SEA,long,2024-04-03,2,0,0,0,0.0,737,713,44,0.0617,0
MEM-SEA,long,2024-04-04,3,0,0,0,0.5528,659,639,110,0.1721,1
MEM-SEA,long,2024-04-05,4,0,0,0,0.5757,794,781,176,0.2254,1
MEM-SEA,long,2024-04-06,5,1,0,0,0.2723,372,360,21,0.0583,0
MEM-SEA,long,2024-04-07,6,1,0,0,0.8679,339,331,75,0.2266,1
MEM-SEA,long,2024-04-08,0,0,0,0,0.8683,623,600,114,0.19,1
MEM-SEA,long,2024-04-09,1,0,0,0,0.1598,730,715,39,0.0545,0
MEM-SEA,long,2024-04-10,2,0,0,0,0.1012,743,718,45,0.0627,0
MEM-SEA,long,2024-04-11,3,0,0,0,0.1387,711,700,31,0.0443,0
MEM-SEA,long,2024-04-12,4,0,0,0,0.0,680,657,33,0.0502,0
MEM-SEA,long,2024-04-13,5,1,0,0,0.1404,451,437,37,0.0847,0
MEM-SEA,long,2024-04-14,6,1,0,0,0.1438,399,386,32,0.0829,0
MEM-SEA,long,2024-04-15,0,0,0,0,0.2044,672,655,37,0.0565,0
MEM-SEA,long,2024-04-16,1,0,0,0,0.2919,782,769,37,0.0481,0
MEM-SEA,long,2024-04-17,2,0,0,0,0.0,718,706,36,0.051,0
MEM-SEA,long,2024-04-18,3,0,0,0,0.2338,744,717,50,0.0697,0
MEM-SEA,long,2024-04-19,4,0,0,0,0.03,695,672,36,0.0536,0
MEM-SEA,long,2024-04-20,5,1,0,0,0.0481,440,428,28,0.0654,0
MEM-SEA,long,2024-04-21,6,1,0,0,0.133,407,400,31,0.0775,0
MEM-SEA,long,2024-04-22,0,0,0,0,0.0,791,781,39,0.0499,0
MEM-SEA,long,2024-04-23,1,0,0,0,0.0,673,653,29,0.0444,0
MEM-SEA,long,2024-04-24,2,0,0,0,0.1819,686,663,41,0.0618,0
MEM-SEA,long,2024-04-25,3,0,0,0,0.1485,585,564,23,0.0408,0
MEM-SEA,long,2024-04-26,4,0,0,0,0.1109,729,703,42,0.0597,0
MEM-SEA,long,2024-04-27,5,1,0,0,0.1571,442,434,34,0.0783,0
MEM-SEA,long,2024-04-28,6,1,0,0,0.1806,323,311,21,0.0675,0
MEM-SEA,long,2024-04-29,0,0,0,0,0.7913,838,826,172,0.2082,1
MEM-SEA,long,2024-04-30,1,0,0,0,0.0454,730,707,33,0.0467,0
MEM-SEA,long,2024-05-01,2,0,0,0,0.1041,620,607,31,0.0511,0
MEM-SEA,long,2024-05-02,3,0,0,0,0.1777,625,610,29,0.0475,0
MEM-SEA,long,2024-05-03,4,0,0,0,0.1353,785,770,33,0.0429,0
MEM-SEA,long,2024-05-04,5,1,0,0,0.1422,347,338,28,0.0828,0
MEM-SEA,long,2024-05-05,6,1,0,0,0.0874,355,344,24,0.0698,0
MEM-SEA,long,2024-05-06,0,0,0,0,0.238,707,696,30,0.0431,0
MEM-SEA,long,2024-05-07,1,0,0,0,0.0923,699,683,31,0.0454,0
MEM-SEA,long,2024-05-08,2,0,0,0,0.2669,611,594,28,0.0471,0
MEM-SEA,long,2024-05-09,3,0,0,0,0.4102,653,630,38,0.0603,0
MEM-SEA,long,2024-05-10,4,0,0,0,0.0478,674,655,39,0.0595,0
MEM-SEA,long,2024-05-11,5,1,0,0,0.0546,468,461,41,0.0889,0
MEM-SEA,long,2024-05-12,6,1,0,0,0.1778,342,337,24,0.0712,0
MEM-SEA,long,2024-05-13,0,0,0,0,0.0726,625,612,36,0.0588,0
MEM-SEA,long,2024-05-14,1,0,0,0,0.161,600,591,34,0.0575,0
MEM-SEA,long,2024-05-15,2,0,0,0,0.1691,780,763,33,0.0433,0
MEM-SEA,long,2024-05-16,3,0,0,0,0.2284,688,677,34,0.0502,0
MEM-SEA,long,2024-05-17,4,0,0,0,0.0201,691,679,30,0.0442,0
MEM-SEA,long,2024-05-18,5,1,0,0,0.1844,442,429,39,0.0909,0
MEM-SEA,long,2024-05-19,6,1,0,0,0.0043,445,431,35,0.0812,0
MEM-SEA,long,2024-05-20,0,0,0,0,0.1028,796,782,49,0.0627,0
MEM-SEA,long,2024-05-21,1,0,0,0,0.2668,707,697,33,0.0473,0
MEM-SEA,long,2024-05-22,2,0,0,0,0.0051,812,798,40,0.0501,0
MEM-SEA,long,2024-05-23,3,0,0,0,0.3308,807,780,45,0.0577,0
MEM-SEA,long,2024-05-24,4,0,0,0,0.142,649,639,39,0.061,0
MEM-SEA,long,2024-05-25,5,1,0,0,0.2768,373,361,29,0.0803,0
MEM-SEA,long,2024-05-26,6,1,0,0,0.4175,392,380,30,0.0789,0
MEM-SEA,long,2024-05-27,0,0,0,0,0.0104,643,634,41,0.0647,0
MEM-SEA,long,2024-05-28,1,0,0,0,0.1026,627,618,32,0.0518,0
MEM-SEA,long,2024-05-29,2,0,0,0,0.0728,784,766,26,0.0339,0
MEM-SEA,long,2024-05-30,3,0,0,0,0.0975,720,705,32,0.0454,0
MEM-SEA,long,2024-05-31,4,0,0,0,0.2781,714,692,32,0.0462,0
MEM-SEA,long,2024-06-01,5,1,0,0,0.138,369,362,39,0.1077,0
MEM-SEA,long,2024-06-02,6,1,0,0,0.2732,385,375,31,0.0827,0
MEM-SEA,long,2024-06-03,0,0,0,0,0.1199,782,764,42,0.055,0
MEM-SEA,long,2024-06-04,1,0,0,0,0.07,581,561,34,0.0606,0
MEM-SEA,long,2024-06-05,2,0,0,0,0.2229,762,736,42,0.0571,0
MEM-SEA,long,2024-06-06,3,0,0,0,0.1925,732,716,43,0.0601,0
MEM-SEA,long,2024-06-07,4,0,0,0,0.2417,807,782,46,0.0588,0
MEM-SEA,long,2024-06-08,5,1,0,0,0.2979,445,434,36,0.0829,0
MEM-SEA,long,2024-06-09,6,1,0,0,0.2883,263,258,20,0.0775,0
MEM-SEA,long,2024-06-10,0,0,0,0,0.0744,712,700,29,0.0414,0
MEM-SEA,long,2024-06-11,1,0,0,0,0.0338,748,731,42,0.0575,0
MEM-SEA,long,2024-06-12,2,0,0,0,0.0818,658,649,19,0.0293,0
MEM-SEA,long,2024-06-13,3,0,0,0,0.0,772,757,47,0.0621,0
MEM-SEA,long,2024-06-14,4,0,0,0,0.2881,623,608,42,0.0691,0
MEM-SEA,long,2024-06-15,5,1,0,0,0.0121,348,338,25,0.074,0
MEM-SEA,long,2024-06-16,6,1,0,0,0.2912,454,442,24,0.0543,0
MEM-SEA,long,2024-06-17,0,0,0,0,0.0675,817,797,45,0.0565,0
MEM-SEA,long,2024-06-18,1,0,0,0,0.3743,826,805,46,0.0571,0
MEM-SEA,long,2024-06-19,2,0,0,0,0.0919,716,695,39,0.0561,0
MEM-SEA,long,2024-06-20,3,0,0,0,0.0486,782,763,52,0.0682,0
MEM-SEA,long,2024-06-21,4,0,0,0,0.0811,683,674,31,0.046,0
MEM-SEA,long,2024-06-22,5,1,0,0,0.2069,363,355,27,0.0761,0
MEM-SEA,long,2024-06-23,6,1,0,0,0.0273,387,373,30,0.0804,0
MEM-SEA,long,2024-06-24,0,0,0,0,0.3398,674,651,36,0.0553,0
MEM-SEA,long,2024-06-25,1,0,0,0,0.2828,640,617,36,0.0583,0
MEM-SEA,long,2024-06-26,2,0,0,0,0.0955,723,701,40,0.0571,0
MEM-SEA,long,2024-06-27,3,0,0,0,0.1725,708,698,39,0.0559,0
MEM-SEA,long,2024-06-28,4,0,0,0,0.15,722,704,32,0.0455,0
MEM-SEA,long,2024-06-29,5,1,0,0,0.2018,396,385,27,0.0701,0
MEM-SEA,long,2024-06-30,6,1,0,0,0.0,348,336,17,0.0506,0
MEM-SEA,long,2024-07-01,0,0,0,0,0.0313,736,713,36,0.0505,0
MEM-SEA,long,2024-07-02,1,0,0,0,0.1428,677,665,30,0.0451,0
MEM-SEA,long,2024-07-03,2,0,0,0,0.1603,762,741,34,0.0459,0
MEM-SEA,long,2024-07-04,3,0,1,0,0.1512,164,160,7,0.0437,0
MEM-SEA,long,2024-07-05,4,0,0,0,0.1507,803,784,36,0.0459,0
MEM-SEA,long,2024-07-06,5,1,0,0,0.1821,397,385,27,0.0701,0
MEM-SEA,long,2024-07-07,6,1,0,0,0.215,423,409,37,0.0905,0
MEM-SEA,long,2024-07-08,0,0,0,0,0.2949,662,642,33,0.0514,0
MEM-SEA,long,2024-07-09,1,0,0,0,0.1486,670,659,32,0.0486,0
MEM-SEA,long,2024-07-10,2,0,0,0,0.2234,784,764,49,0.0641,0
MEM-SEA,long,2024-07-11,3,0,0,0,0.1864,623,603,29,0.0481,0
MEM-SEA,long,2024-07-12,4,0,0,0,0.2901,686,669,46,0.0688,0
MEM-SEA,long,2024-07-13,5,1,0,0,0.0512,431,420,25,0.0595,0
MEM-SEA,long,2024-07-14,6,1,0,0,0.1674,357,349,16,0.0458,0
MEM-SEA,long,2024-07-15,0,0,0,0,0.119,811,785,37,0.0471,0
MEM-SEA,long,2024-07-16,1,0,0,0,0.1539,646,636,29,0.0456,0
MEM-SEA,long,2024-07-17,2,0,0,0,0.3906,520,508,35,0.0689,0
MEM-SEA,long,2024-07-18,3,0,0,0,0.1192,710,701,45,0.0642,0
MEM-SEA,long,2024-07-19,4,0,0,0,0.3304,688,668,34,0.0509,0
MEM-SEA,long,2024-07-20,5,1,0,0,0.113,327,323,27,0.0836,0
MEM-SEA,long,2024-07-21,6,1,0,0,0.1453,437,426,28,0.0657,0
MEM-SEA,long,2024-07-22,0,0,0,0,0.0,771,751,39,0.0519,0
MEM-SEA,long,2024-07-23,1,0,0,0,0.1389,670,656,29,0.0442,0
MEM-SEA,long,2024-07-24,2,0,0,0,0.149,710,687,37,0.0539,0
MEM-SEA,long,2024-07-25,3,0,0,0,0.0574,829,800,41,0.0512,0
MEM-SEA,long,2024-07-26,4,0,0,0,0.1583,759,741,41,0.0553,0
MEM-SEA,long,2024-07-27,5,1,0,0,0.2393,390,385,38,0.0987,0
MEM-SEA,long,2024-07-28,6,1,0,0,0.1166,385,378,22,0.0582,0
MEM-SEA,long,2024-07-29,0,0,0,0,0.2277,534,516,26,0.0504,0
MEM-SEA,long,2024-07-30,1,0,0,0,0.1149,703,677,31,0.0458,0
MEM-SEA,long,2024-07-31,2,0,0,0,0.2078,682,660,38,0.0576,0
MEM-SEA,long,2024-08-01,3,0,0,0,0.1352,816,790,42,0.0532,0
MEM-SEA,long,2024-08-02,4,0,0,0,0.1558,758,748,37,0.0495,0
MEM-SEA,long,2024-08-03,5,1,0,0,0.0463,398,391,33,0.0844,0
MEM-SEA,long,2024-08-04,6,1,0,0,0.1462,446,431,24,0.0557,0
MEM-SEA,long,2024-08-05,0,0,0,0,0.0897,678,664,43,0.0648,0
MEM-SEA,long,2024-08-06,1,0,0,0,0.7687,704,684,138,0.2018,1
MEM-SEA,long,2024-08-07,2,0,0,0,0.0816,626,610,42,0.0689,0
MEM-SEA,long,2024-08-08,3,0,0,0,0.1558,713,698,32,0.0458,0
MEM-SEA,long,2024-08-09,4,0,0,0,0.7382,720,705,140,0.1986,1
MEM-SEA,long,2024-08-10,5,1,0,0,0.6233,355,344,64,0.186,1
MEM-SEA,long,2024-08-11,6,1,0,0,0.4145,334,329,69,0.2097,1
MEM-SEA,long,2024-08-12,0,0,0,0,0.2658,684,664,35,0.0527,0
MEM-SEA,long,2024-08-13,1,0,0,0,0.1419,658,643,28,0.0435,0
MEM-SEA,long,2024-08-14,2,0,0,0,0.0777,583,561,25,0.0446,0
MEM-SEA,long,2024-08-15,3,0,0,0,0.0,681,662,42,0.0634,0
MEM-SEA,long,2024-08-16,4,0,0,0,0.0714,620,610,35,0.0574,0
MEM-SEA,long,2024-08-17,5,1,0,0,0.1203,423,408,28,0.0686,0
MEM-SEA,long,2024-08-18,6,1,0,0,0.1482,475,458,32,0.0699,0
MEM-SEA,long,2024-08-19,0,0,0,0,0.4835,756,731,42,0.0575,0
MEM-SEA,long,2024-08-20,1,0,0,0,0.0,656,633,39,0.0616,0
MEM-SEA,long,2024-08-21,2,0,0,0,0.2964,767,752,47,0.0625,0
MEM-SEA,long,2024-08-22,3,0,0,0,0.1634,652,631,33,0.0523,0
MEM-SEA,long,2024-08-23,4,0,0,0,0.055,744,721,50,0.0693,0
MEM-SEA,long,2024-08-24,5,1,0,0,0.0128,357,347,23,0.0663,0
MEM-SEA,long,2024-08-25,6,1,0,0,0.2402,406,398,44,0.1106,0
MEM-SEA,long,2024-08-26,0,0,0,0,0.1435,756,740,37,0.05,0
MEM-SEA,long,2024-08-27,1,0,0,0,0.2193,586,572,45,0.0787,0
MEM-SEA,long,2024-08-28,2,0,0,0,0.2888,676,660,48,0.0727,0
MEM-SEA,long,2024-08-29,3,0,0,0,0.1599,821,795,45,0.0566,0
MEM-SEA,long,2024-08-30,4,0,0,0,0.1482,798,786,38,0.0483,0
MEM-SEA,long,2024-08-31,5,1,0,0,0.0,470,455,28,0.0615,0
MEM-SEA,long,2024-09-01,6,1,0,0,0.2347,399,392,23,0.0587,0
MEM-SEA,long,2024-09-02,0,0,0,0,0.1912,629,610,32,0.0525,0
MEM-SEA,long,2024-09-03,1,0,0,0,0.098,782,762,44,0.0577,0
MEM-SEA,long,2024-09-04,2,0,0,0,0.0059,728,706,41,0.0581,0
MEM-SEA,long,2024-09-05,3,0,0,0,0.2795,781,756,40,0.0529,0
MEM-SEA,long,2024-09-06,4,0,0,0,0.1419,760,736,25,0.034,0
MEM-SEA,long,2024-09-07,5,1,0,0,0.111,387,381,30,0.0787,0
MEM-SEA,long,2024-09-08,6,1,0,0,0.1159,443,426,29,0.0681,0
MEM-SEA,long,2024-09-09,0,0,0,0,0.2593,609,601,30,0.0499,0
MEM-SEA,long,2024-09-10,1,0,0,0,0.2344,716,703,40,0.0569,0
MEM-SEA,long,2024-09-11,2,0,0,0,0.0382,741,726,35,0.0482,0
MEM-SEA,long,2024-09-12,3,0,0,0,0.1293,771,744,34,0.0457,0
MEM-SEA,long,2024-09-13,4,0,0,0,0.197,762,746,34,0.0456,0
MEM-SEA,long,2024-09-14,5,1,0,0,0.0,406,392,35,0.0893,0
MEM-SEA,long,2024-09-15,6,1,0,0,0.1653,398,391,27,0.0691,0
MEM-SEA,long,2024-09-16,0,0,0,0,0.1287,822,800,37,0.0462,0
MEM-SEA,long,2024-09-17,1,0,0,0,0.2923,732,721,40,0.0555,0
MEM-SEA,long,2024-09-18,2,0,0,0,0.149,619,600,35,0.0583,0
MEM-SEA,long,2024-09-19,3,0,0,0,0.0623,635,613,39,0.0636,0
MEM-SEA,long,2024-09-20,4,0,0,0,0.2534,777,754,40,0.0531,0
MEM-SEA,long,2024-09-21,5,1,0,0,0.0,364,351,32,0.0912,0
MEM-SEA,long,2024-09-22,6,1,0,0,0.6444,387,380,84,0.2211,1
MEM-SEA,long,2024-09-23,0,0,0,0,0.1661,597,578,30,0.0519,0
MEM-SEA,long,2024-09-24,1,0,0,0,0.0,861,842,44,0.0523,0
MEM-SEA,long,2024-09-25,2,0,0,0,0.2222,632,610,32,0.0525,0
MEM-SEA,long,2024-09-26,3,0,0,0,0.274,730,717,38,0.053,0
MEM-SEA,long,2024-09-27,4,0,0,0,0.0,612,594,36,0.0606,0
MEM-SEA,long,2024-09-28,5,1,0,0,0.0772,383,370,21,0.0568,0
MEM-SEA,long,2024-09-29,6,1,0,0,0.1539,407,392,34,0.0867,0
MEM-SEA,long,2024-09-30,0,0,0,0,0.3328,666,655,40,0.0611,0
MEM-SEA,long,2024-10-01,1,0,0,0,0.1155,726,714,37,0.0518,0
MEM-SEA,long,2024-10-02,2,0,0,0,0.0,663,652,39,0.0598,0
MEM-SEA,long,2024-10-03,3,0,0,0,0.0,768,740,29,0.0392,0
MEM-SEA,long,2024-10-04,4,0,0,0,0.0704,765,738,45,0.061,0
MEM-SEA,long,2024-10-05,5,1,0,0,0.2916,413,407,25,0.0614,0
MEM-SEA,long,2024-10-06,6,1,0,0,0.1246,314,303,14,0.0462,0
MEM-SEA,long,2024-10-07,0,0,0,0,0.0987,636,626,31,0.0495,0
MEM-SEA,long,2024-10-08,1,0,0,0,0.2169,686,667,27,0.0405,0
MEM-SEA,long,2024-10-09,2,0,0,0,0.0,695,684,34,0.0497,0
MEM-SEA,long,2024-10-10,3,0,0,0,0.2453,650,626,31,0.0495,0
MEM-SEA,long,2024-10-11,4,0,0,0,0.0,670,651,50,0.0768,0
MEM-SEA,long,2024-10-12,5,1,0,0,0.2035,355,343,22,0.0641,0
MEM-SEA,long,2024-10-13,6,1,0,0,0.1761,340,328,32,0.0976,0
MEM-SEA,long,2024-10-14,0,0,0,0,0.1004,663,650,37,0.0569,0
MEM-SEA,long,2024-10-15,1,0,0,0,0.1059,574,562,32,0.0569,0
MEM-SEA,long,2024-10-16,2,0,0,0,0.1567,754,728,38,0.0522,0
MEM-SEA,long,2024-10-17,3,0,0,0,0.1624,631,616,32,0.0519,0
MEM-SEA,long,2024-10-18,4,0,0,0,0.3557,633,617,39,0.0632,0
MEM-SEA,long,2024-10-19,5,1,0,0,0.1366,375,364,19,0.0522,0
MEM-SEA,long,2024-10-20,6,1,0,0,0.1809,319,308,14,0.0455,0
MEM-SEA,long,2024-10-21,0,0,0,0,0.1222,764,745,36,0.0483,0
MEM-SEA,long,2024-10-22,1,0,0,0,0.316,679,665,39,0.0586,0
MEM-SEA,long,2024-10-23,2,0,0,0,0.3402,664,646,31,0.048,0
MEM-SEA,long,2024-10-24,3,0,0,0,0.0,721,698,30,0.043,0
MEM-SEA,long,2024-10-25,4,0,0,0,0.1065,575,557,32,0.0575,0
MEM-SEA,long,2024-10-26,5,1,0,0,0.1434,387,381,22,0.0577,0
MEM-SEA,long,2024-10-27,6,1,0,0,0.2529,414,406,26,0.064,0
MEM-SEA,long,2024-10-28,0,0,0,0,0.1717,594,585,38,0.065,0
MEM-SEA,long,2024-10-29,1,0,0,0,0.1374,683,659,26,0.0395,0
MEM-SEA,long,2024-10-30,2,0,0,0,0.1817,710,686,34,0.0496,0
MEM-SEA,long,2024-10-31,3,0,0,0,0.2209,618,602,21,0.0349,0
MEM-SEA,long,2024-11-01,4,0,0,0,0.1793,816,796,34,0.0427,0
MEM-SEA,long,2024-11-02,5,1,0,0,0.0,350,341,29,0.085,0
MEM-SEA,long,2024-11-03,6,1,0,0,0.1339,428,420,28,0.0667,0
MEM-SEA,long,2024-11-04,0,0,0,0,0.0877,775,761,45,0.0591,0
MEM-SEA,long,2024-11-05,1,0,0,0,0.0,630,617,36,0.0583,0
MEM-SEA,long,2024-11-06,2,0,0,0,0.175,663,643,27,0.042,0
MEM-SEA,long,2024-11-07,3,0,0,0,0.3521,578,561,29,0.0517,0
MEM-SEA,long,2024-11-08,4,0,0,0,0.145,637,617,42,0.0681,0
MEM-SEA,long,2024-11-09,5,1,0,0,0.0569,343,334,18,0.0539,0
MEM-SEA,long,2024-11-10,6,1,0,0,0.1534,416,408,22,0.0539,0
MEM-SEA,long,2024-11-11,0,0,1,0,0.0371,193,188,13,0.0691,0
MEM-SEA,long,2024-11-12,1,0,0,0,0.2166,658,640,34,0.0531,0
MEM-SEA,long,2024-11-13,2,0,0,0,0.1457,731,706,37,0.0524,0
MEM-SEA,long,2024-11-14,3,0,0,0,0.1313,692,677,40,0.0591,0
MEM-SEA,long,2024-11-15,4,0,0,0,0.0514,530,521,29,0.0557,0
MEM-SEA,long,2024-11-16,5,1,0,0,0.3068,374,365,30,0.0822,0
MEM-SEA,long,2024-11-17,6,1,0,0,0.0627,342,336,21,0.0625,0
MEM-SEA,long,2024-11-18,0,0,0,0,0.0817,778,749,44,0.0587,0
MEM-SEA,long,2024-11-19,1,0,0,0,0.162,741,731,27,0.0369,0
MEM-SEA,long,2024-11-20,2,0,0,1,0.1218,1106,1065,102,0.0958,0
MEM-SEA,long,2024-11-21,3,0,0,1,0.1406,989,967,93,0.0962,0
MEM-SEA,long,2024-11-22,4,0,0,1,0.1066,1244,1223,109,0.0891,0
MEM-SEA,long,2024-11-23,5,1,0,1,0.071,580,572,68,0.1189,0
MEM-SEA,long,2024-11-24,6,1,0,1,0.27,689,667,88,0.1319,0
MEM-SEA,long,2024-11-25,0,0,0,1,0.0,1149,1128,118,0.1046,0
MEM-SEA,long,2024-11-26,1,0,0,1,0.1181,1090,1059,87,0.0822,0
MEM-SEA,long,2024-11-27,2,0,0,1,0.102,1189,1155,97,0.084,0
MEM-SEA,long,2024-11-28,3,0,0,1,0.1871,1109,1075,96,0.0893,0
MEM-SEA,long,2024-11-29,4,0,0,1,0.3629,1266,1230,111,0.0902,0
MEM-SEA,long,2024-11-30,5,1,0,1,0.2447,742,728,83,0.114,0
MEM-SEA,long,2024-12-01,6,1,0,1,0.0,683,673,88,0.1308,0
MEM-SEA,long,2024-12-02,0,0,0,1,0.1423,1094,1077,81,0.0752,0
MEM-SEA,long,2024-12-03,1,0,0,1,0.059,1046,1031,89,0.0863,0
MEM-SEA,long,2024-12-04,2,0,0,1,0.0,1357,1334,124,0.093,0
MEM-SEA,long,2024-12-05,3,0,0,1,0.1464,1151,1127,86,0.0763,0
MEM-SEA,long,2024-12-06,4,0,0,1,0.0045,1280,1255,108,0.0861,0
MEM-SEA,long,2024-12-07,5,1,0,1,0.4246,562,554,54,0.0975,0
MEM-SEA,long,2024-12-08,6,1,0,1,0.3019,682,673,75,0.1114,0
MEM-SEA,long,2024-12-09,0,0,0,1,0.3832,1124,1104,112,0.1014,0
MEM-SEA,long,2024-12-10,1,0,0,1,0.2166,1064,1047,90,0.086,0
MEM-SEA,long,2024-12-11,2,0,0,1,0.2236,1093,1077,83,0.0771,0
MEM-SEA,long,2024-12-12,3,0,0,1,0.3373,1180,1147,118,0.1029,0
MEM-SEA,long,2024-12-13,4,0,0,1,0.1138,1012,976,91,0.0932,0
MEM-SEA,long,2024-12-14,5,1,0,1,0.319,569,552,75,0.1359,0
MEM-SEA,long,2024-12-15,6,1,0,1,0.2267,608,598,78,0.1304,0
MEM-SEA,long,2024-12-16,0,0,0,1,0.1557,1138,1110,95,0.0856,0
MEM-SEA,long,2024-12-17,1,0,0,1,0.0611,1138,1100,88,0.08,0
MEM-SEA,long,2024-12-18,2,0,0,1,0.2171,942,909,87,0.0957,0
MEM-SEA,long,2024-12-19,3,0,0,1,0.7039,1224,1200,318,0.265,1
MEM-SEA,long,2024-12-20,4,0,0,1,0.4836,1012,977,245,0.2508,1
MEM-SEA,long,2024-12-21,5,1,0,1,0.7974,569,555,272,0.4901,1
MEM-SEA,long,2024-12-22,6,1,0,1,0.218,661,637,79,0.124,0
MEM-SEA,long,2024-12-23,0,0,0,1,0.1518,923,891,85,0.0954,0
MEM-SEA,long,2024-12-24,1,0,0,1,0.1635,1203,1170,112,0.0957,0
MEM-SEA,long,2024-12-25,2,0,1,1,0.1467,244,236,25,0.1059,0
MEM-SEA,long,2024-12-26,3,0,0,1,0.0,992,963,92,0.0955,0
MEM-SEA,long,2024-12-27,4,0,0,0,0.1131,600,578,28,0.0484,0
MEM-SEA,long,2024-12-28,5,1,0,0,0.079,353,343,20,0.0583,0
MEM-SEA,long,2024-12-29,6,1,0,0,0.0,343,336,30,0.0893,0
MEM-SEA,long,2024-12-30,0,0,0,0,0.0973,655,634,28,0.0442,0
MEM-SEA,long,2024-12-31,1,0,0,0,0.0,657,638,41,0.0643,0
MEM-SEA,long,2025-01-01,2,0,1,0,0.2166,172,167,7,0.0419,0
MEM-SEA,long,2025-01-02,3,0,0,0,0.0359,891,872,56,0.0642,0
MEM-SEA,long,2025-01-03,4,0,0,0,0.2219,611,592,37,0.0625,0
MEM-SEA,long,2025-01-04,5,1,0,0,0.1909,337,327,26,0.0795,0
MEM-SEA,long,2025-01-05,6,1,0,0,0.0,426,416,33,0.0793,0
MEM-SEA,long,2025-01-06,0,0,0,0,0.0193,746,724,35,0.0483,0
MEM-SEA,long,2025-01-07,1,0,0,0,0.1022,657,638,33,0.0517,0
MEM-SEA,long,2025-01-08,2,0,0,0,0.8102,707,698,154,0.2206,1
MEM-SEA,long,2025-01-09,3,0,0,0,1.0,605,586,124,0.2116,1
MEM-SEA,long,2025-01-10,4,0,0,0,0.1211,791,773,51,0.066,0
MEM-SEA,long,2025-01-11,5,1,0,0,0.333,400,395,27,0.0684,0
MEM-SEA,long,2025-01-12,6,1,0,0,0.0558,381,367,21,0.0572,0
MEM-SEA,long,2025-01-13,0,0,0,0,0.2751,675,651,47,0.0722,0
MEM-SEA,long,2025-01-14,1,0,0,0,0.2655,756,736,48,0.0652,0
MEM-SEA,long,2025-01-15,2,0,0,0,0.1773,678,657,32,0.0487,0
MEM-SEA,long,2025-01-16,3,0,0,0,0.0886,632,612,33,0.0539,0
MEM-SEA,long,2025-01-17,4,0,0,0,0.1605,746,719,44,0.0612,0
MEM-SEA,long,2025-01-18,5,1,0,0,0.3893,422,412,33,0.0801,0
MEM-SEA,long,2025-01-19,6,1,0,0,0.0,373,360,31,0.0861,0
MEM-SEA,long,2025-01-20,0,0,0,0,0.0,711,688,29,0.0422,0
MEM-SEA,long,2025-01-21,1,0,0,0,0.439,670,660,46,0.0697,0
MEM-SEA,long,2025-01-22,2,0,0,0,0.2957,730,706,36,0.051,0
MEM-SEA,long,2025-01-23,3,0,0,0,0.0993,719,697,33,0.0473,0
MEM-SEA,long,2025-01-24,4,0,0,0,0.1333,598,588,30,0.051,0
MEM-SEA,long,2025-01-25,5,1,0,0,0.0114,404,398,31,0.0779,0
MEM-SEA,long,2025-01-26,6,1,0,0,0.2151,317,306,15,0.049,0
MEM-SEA,long,2025-01-27,0,0,0,0,0.0515,811,783,46,0.0587,0
MEM-SEA,long,2025-01-28,1,0,0,0,0.0804,760,734,37,0.0504,0
MEM-SEA,long,2025-01-29,2,0,0,0,0.2037,662,646,35,0.0542,0
MEM-SEA,long,2025-01-30,3,0,0,0,0.1244,629,606,34,0.0561,0
MEM-SEA,long,2025-01-31,4,0,0,0,0.2526,578,563,22,0.0391,0
MEM-SEA,long,2025-02-01,5,1,0,0,0.1233,409,403,31,0.0769,0
MEM-SEA,long,2025-02-02,6,1,0,0,0.0828,452,437,34,0.0778,0
MEM-SEA,long,2025-02-03,0,0,0,0,0.0,675,658,39,0.0593,0
MEM-SEA,long,2025-02-04,1,0,0,0,0.0742,663,651,43,0.0661,0
MEM-SEA,long,2025-02-05,2,0,0,0,0.1211,592,575,34,0.0591,0
MEM-SEA,long,2025-02-06,3,0,0,0,0.0,629,619,41,0.0662,0
MEM-SEA,long,2025-02-07,4,0,0,0,0.0829,681,664,40,0.0602,0
MEM-SEA,long,2025-02-08,5,1,0,0,0.1668,358,351,26,0.0741,0
MEM-SEA,long,2025-02-09,6,1,0,0,0.1338,430,419,31,0.074,0
MEM-SEA,long,2025-02-10,0,0,0,0,0.2138,789,761,42,0.0552,0
MEM-SEA,long,2025-02-11,1,0,0,0,0.0521,658,646,35,0.0542,0
MEM-SEA,long,2025-02-12,2,0,0,0,0.0,876,848,49,0.0578,0
MEM-SEA,long,2025-02-13,3,0,0,0,0.1151,726,701,40,0.0571,0
MEM-SEA,long,2025-02-14,4,0,0,0,0.2119,724,698,47,0.0673,0
MEM-SEA,long,2025-02-15,5,1,0,0,0.119,408,396,20,0.0505,0
MEM-SEA,long,2025-02-16,6,1,0,0,0.1998,430,419,31,0.074,0
MEM-SEA,long,2025-02-17,0,0,0,0,0.2124,626,605,35,0.0579,0
MEM-SEA,long,2025-02-18,1,0,0,0,0.1771,672,656,35,0.0534,0
MEM-SEA,long,2025-02-19,2,0,0,0,0.2105,695,676,33,0.0488,0
MEM-SEA,long,2025-02-20,3,0,0,0,0.0906,644,634,45,0.071,0
MEM-SEA,long,2025-02-21,4,0,0,0,0.1604,684,665,43,0.0647,0
MEM-SEA,long,2025-02-22,5,1,0,0,0.0,401,388,29,0.0747,0
MEM-SEA,long,2025-02-23,6,1,0,0,0.4541,402,395,100,0.2532,1
MEM-SEA,long,2025-02-24,0,0,0,0,0.0707,698,680,47,0.0691,0
MEM-SEA,long,2025-02-25,1,0,0,0,0.0944,754,742,40,0.0539,0
MEM-SEA,long,2025-02-26,2,0,0,0,0.1346,664,641,33,0.0515,0
MEM-SEA,long,2025-02-27,3,0,0,0,0.2477,829,811,33,0.0407,0
MEM-SEA,long,2025-02-28,4,0,0,0,0.1427,723,704,34,0.0483,0
MEM-SEA,long,2025-03-01,5,1,0,0,0.1377,371,361,29,0.0803,0
MEM-SEA,long,2025-03-02,6,1,0,0,0.0279,391,380,25,0.0658,0
MEM-SEA,long,2025-03-03,0,0,0,0,0.042,703,686,32,0.0466,0
MEM-SEA,long,2025-03-04,1,0,0,0,0.1806,579,559,27,0.0483,0
MEM-SEA,long,2025-03-05,2,0,0,0,0.2122,665,641,27,0.0421,0
MEM-SEA,long,2025-03-06,3,0,0,0,0.0,639,616,30,0.0487,0
MEM-SEA,long,2025-03-07,4,0,0,0,0.0,637,626,27,0.0431,0
MEM-SEA,long,2025-03-08,5,1,0,0,0.2343,376,366,26,0.071,0
MEM-SEA,long,2025-03-09,6,1,0,0,0.1142,342,331,17,0.0514,0
MEM-SEA,long,2025-03-10,0,0,0,0,0.2276,653,632,40,0.0633,0
MEM-SEA,long,2025-03-11,1,0,0,0,0.09,949,931,68,0.073,0
MEM-SEA,long,2025-03-12,2,0,0,0,0.3779,627,610,33,0.0541,0
MEM-SEA,long,2025-03-13,3,0,0,0,0.4206,706,694,28,0.0403,0
MEM-SEA,long,2025-03-14,4,0,0,0,0.0221,683,668,29,0.0434,0
MEM-SEA,long,2025-03-15,5,1,0,0,0.2688,319,312,24,0.0769,0
MEM-SEA,long,2025-03-16,6,1,0,0,0.0153,377,364,35,0.0962,0
MEM-SEA,long,2025-03-17,0,0,0,0,0.0277,764,737,47,0.0638,0
MEM-SEA,long,2025-03-18,1,0,0,0,0.1038,781,763,44,0.0577,0
MEM-SEA,long,2025-03-19,2,0,0,0,0.3295,716,701,32,0.0456,0
MEM-SEA,long,2025-03-20,3,0,0,0,0.245,704,685,37,0.054,0
MEM-SEA,long,2025-03-21,4,0,0,0,0.2849,641,631,30,0.0475,0
MEM-SEA,long,2025-03-22,5,1,0,0,0.0554,395,383,23,0.0601,0
MEM-SEA,long,2025-03-23,6,1,0,0,0.0,400,389,25,0.0643,0
MEM-SEA,long,2025-03-24,0,0,0,0,0.0632,775,749,42,0.0561,0
MEM-SEA,long,2025-03-25,1,0,0,0,0.0745,699,674,42,0.0623,0
MEM-SEA,long,2025-03-26,2,0,0,0,0.4215,613,605,35,0.0579,0
MEM-SEA,long,2025-03-27,3,0,0,0,0.1261,722,711,38,0.0534,0
MEM-SEA,long,2025-03-28,4,0,0,0,0.3524,651,630,29,0.046,0
MEM-SEA,long,2025-03-29,5,1,0,0,0.1416,367,357,26,0.0728,0
MEM-SEA,long,2025-03-30,6,1,0,0,0.2072,401,387,19,0.0491,0
MEM-SEA,long,2025-03-31,0,0,0,0,0.0579,670,654,38,0.0581,0
MEM-SEA,long,2025-04-01,1,0,0,0,0.0708,720,706,34,0.0482,0
MEM-SEA,long,2025-04-02,2,0,0,0,0.005,748,726,42,0.0579,0
MEM-SEA,long,2025-04-03,3,0,0,0,0.2862,751,741,43,0.058,0
MEM-SEA,long,2025-04-04,4,0,0,0,0.3169,793,774,40,0.0517,0
MEM-SEA,long,2025-04-05,5,1,0,0,0.2732,388,377,22,0.0584,0
MEM-SEA,long,2025-04-06,6,1,0,0,0.2119,383,376,27,0.0718,0
MEM-SEA,long,2025-04-07,0,0,0,0,0.2583,770,756,42,0.0556,0
MEM-SEA,long,2025-04-08,1,0,0,0,0.1275,816,802,52,0.0648,0
MEM-SEA,long,2025-04-09,2,0,0,0,0.2231,704,679,27,0.0398,0
MEM-SEA,long,2025-04-10,3,0,0,0,0.0307,738,728,42,0.0577,0
MEM-SEA,long,2025-04-11,4,0,0,0,0.1995,709,686,30,0.0437,0
MEM-SEA,long,2025-04-12,5,1,0,0,0.0427,385,374,14,0.0374,0
MEM-SEA,long,2025-04-13,6,1,0,0,0.3408,381,368,20,0.0543,0
MEM-SEA,long,2025-04-14,0,0,0,0,0.2432,757,735,38,0.0517,0
MEM-SEA,long,2025-04-15,1,0,0,0,0.0,746,734,45,0.0613,0
MEM-SEA,long,2025-04-16,2,0,0,0,0.0507,725,715,32,0.0448,0
MEM-SEA,long,2025-04-17,3,0,0,0,0.2594,798,781,33,0.0423,0
MEM-SEA,long,2025-04-18,4,0,0,0,0.2446,651,637,29,0.0455,0
MEM-SEA,long,2025-04-19,5,1,0,0,0.0509,392,380,23,0.0605,0
MEM-SEA,long,2025-04-20,6,1,0,0,0.247,379,373,23,0.0617,0
MEM-SEA,long,2025-04-21,0,0,0,0,0.0,623,614,36,0.0586,0
MEM-SEA,long,2025-04-22,1,0,0,0,0.1963,704,684,43,0.0629,0
MEM-SEA,long,2025-04-23,2,0,0,0,0.2174,644,626,37,0.0591,0
MEM-SEA,long,2025-04-24,3,0,0,0,0.1062,636,615,32,0.052,0
MEM-SEA,long,2025-04-25,4,0,0,0,0.0,607,595,36,0.0605,0
MEM-SEA,long,2025-04-26,5,1,0,0,0.0434,326,321,32,0.0997,0
MEM-SEA,long,2025-04-27,6,1,0,0,0.0792,426,412,31,0.0752,0
MEM-SEA,long,2025-04-28,0,0,0,0,0.1294,689,669,54,0.0807,0
MEM-SEA,long,2025-04-29,1,0,0,0,0.1363,707,689,32,0.0464,0
MEM-SEA,long,2025-04-30,2,0,0,0,0.1826,605,583,33,0.0566,0
MEM-SEA,long,2025-05-01,3,0,0,0,0.1692,722,703,31,0.0441,0
MEM-SEA,long,2025-05-02,4,0,0,0,0.3112,835,805,37,0.046,0
MEM-SEA,long,2025-05-03,5,1,0,0,0.1046,345,335,28,0.0836,0
MEM-SEA,long,2025-05-04,6,1,0,0,0.3329,353,348,32,0.092,0
MEM-SEA,long,2025-05-05,0,0,0,0,0.1754,805,795,44,0.0553,0
MEM-SEA,long,2025-05-06,1,0,0,0,0.371,621,610,25,0.041,0
MEM-SEA,long,2025-05-07,2,0,0,0,0.1761,775,752,37,0.0492,0
MEM-SEA,long,2025-05-08,3,0,0,0,0.0886,668,648,30,0.0463,0
MEM-SEA,long,2025-05-09,4,0,0,0,0.1467,638,624,35,0.0561,0
MEM-SEA,long,2025-05-10,5,1,0,0,0.0018,418,409,35,0.0856,0
MEM-SEA,long,2025-05-11,6,1,0,0,0.185,331,321,12,0.0374,0
MEM-SEA,long,2025-05-12,0,0,0,0,0.2405,652,629,31,0.0493,0
MEM-SEA,long,2025-05-13,1,0,0,0,0.0673,688,669,40,0.0598,0
MEM-SEA,long,2025-05-14,2,0,0,0,0.2017,757,730,30,0.0411,0
MEM-SEA,long,2025-05-15,3,0,0,0,0.1791,806,787,45,0.0572,0
MEM-SEA,long,2025-05-16,4,0,0,0,0.3111,673,648,33,0.0509,0
MEM-SEA,long,2025-05-17,5,1,0,0,0.1157,373,359,20,0.0557,0
MEM-SEA,long,2025-05-18,6,1,0,0,0.2074,339,331,23,0.0695,0
MEM-SEA,long,2025-05-19,0,0,0,0,0.2435,778,765,44,0.0575,0
MEM-SEA,long,2025-05-20,1,0,0,0,0.0779,757,730,38,0.0521,0
MEM-SEA,long,2025-05-21,2,0,0,0,0.2113,688,668,44,0.0659,0
MEM-SEA,long,2025-05-22,3,0,0,0,0.0,594,581,27,0.0465,0
MEM-SEA,long,2025-05-23,4,0,0,0,0.2661,713,688,28,0.0407,0
MEM-SEA,long,2025-05-24,5,1,0,0,0.3076,399,390,27,0.0692,0
MEM-SEA,long,2025-05-25,6,1,0,0,0.2939,368,356,27,0.0758,0
MEM-SEA,long,2025-05-26,0,0,0,0,0.1458,658,636,18,0.0283,0
MEM-SEA,long,2025-05-27,1,0,0,0,0.0508,741,718,45,0.0627,0
MEM-SEA,long,2025-05-28,2,0,0,0,0.1435,680,656,44,0.0671,0
MEM-SEA,long,2025-05-29,3,0,0,0,0.3687,630,616,24,0.039,0
MEM-SEA,long,2025-05-30,4,0,0,0,0.1602,672,662,22,0.0332,0
MEM-SEA,long,2025-05-31,5,1,0,0,0.0,383,376,26,0.0691,0
MEM-SEA,long,2025-06-01,6,1,0,0,0.0,351,345,21,0.0609,0
MEM-SEA,long,2025-06-02,0,0,0,0,0.1064,639,622,39,0.0627,0
MEM-SEA,long,2025-06-03,1,0,0,0,0.1376,645,635,33,0.052,0
MEM-SEA,long,2025-06-04,2,0,0,0,0.3912,707,687,43,0.0626,0
MEM-SEA,long,2025-06-05,3,0,0,0,0.0632,768,748,39,0.0521,0
MEM-SEA,long,2025-06-06,4,0,0,0,0.2225,638,617,41,0.0665,0
MEM-SEA,long,2025-06-07,5,1,0,0,0.1664,406,400,22,0.055,0
MEM-SEA,long,2025-06-08,6,1,0,0,0.3807,434,427,31,0.0726,0
MEM-SEA,long,2025-06-09,0,0,0,0,0.1558,820,802,39,0.0486,0
MEM-SEA,long,2025-06-10,1,0,0,0,0.0864,724,706,47,0.0666,0
MEM-SEA,long,2025-06-11,2,0,0,0,0.1032,654,631,27,0.0428,0
MEM-SEA,long,2025-06-12,3,0,0,0,0.0,632,620,34,0.0548,0
MEM-SEA,long,2025-06-13,4,0,0,0,0.252,802,774,40,0.0517,0
MEM-SEA,long,2025-06-14,5,1,0,0,0.1833,470,460,37,0.0804,0
MEM-SEA,long,2025-06-15,6,1,0,0,0.2501,425,415,30,0.0723,0
MEM-SEA,long,2025-06-16,0,0,0,0,0.1371,777,762,47,0.0617,0
MEM-SEA,long,2025-06-17,1,0,0,0,0.298,708,695,39,0.0561,0
MEM-SEA,long,2025-06-18,2,0,0,0,0.094,659,640,36,0.0563,0
MEM-SEA,long,2025-06-19,3,0,0,0,0.2149,680,666,34,0.0511,0
MEM-SEA,long,2025-06-20,4,0,0,0,0.1973,690,664,34,0.0512,0
MEM-SEA,long,2025-06-21,5,1,0,0,0.0947,386,377,19,0.0504,0
MEM-SEA,long,2025-06-22,6,1,0,0,0.2828,438,429,27,0.0629,0
MEM-SEA,long,2025-06-23,0,0,0,0,0.3246,706,691,33,0.0478,0
MEM-SEA,long,2025-06-24,1,0,0,0,0.0581,583,567,31,0.0547,0
MEM-SEA,long,2025-06-25,2,0,0,0,0.0805,787,777,47,0.0605,0
MEM-SEA,long,2025-06-26,3,0,0,0,0.0433,694,678,36,0.0531,0
MEM-SEA,long,2025-06-27,4,0,0,0,0.0526,726,714,37,0.0518,0
MEM-SEA,long,2025-06-28,5,1,0,0,0.2709,337,331,28,0.0846,0
MEM-SEA,long,2025-06-29,6,1,0,0,0.1111,415,404,27,0.0668,0
MEM-SEA,long,2025-06-30,0,0,0,0,0.2716,645,631,35,0.0555,0
MEM-SEA,long,2025-07-01,1,0,0,0,0.2332,752,742,43,0.058,0
MEM-SEA,long,2025-07-02,2,0,0,0,0.2888,713,700,43,0.0614,0
MEM-SEA,long,2025-07-03,3,0,0,0,0.1786,767,746,30,0.0402,0
MEM-SEA,long,2025-07-04,4,0,1,0,0.1629,173,170,7,0.0412,0
MEM-SEA,long,2025-07-05,5,1,0,0,0.2725,398,391,23,0.0588,0
MEM-SEA,long,2025-07-06,6,1,0,0,0.0,359,349,21,0.0602,0
MEM-SEA,long,2025-07-07,0,0,0,0,0.1741,758,745,33,0.0443,0
MEM-SEA,long,2025-07-08,1,0,0,0,0.385,736,721,39,0.0541,0
MEM-SEA,long,2025-07-09,2,0,0,0,0.1307,661,650,38,0.0585,0
MEM-SEA,long,2025-07-10,3,0,0,0,0.0,753,725,27,0.0372,0
MEM-SEA,long,2025-07-11,4,0,0,0,0.2082,699,677,42,0.062,0
MEM-SEA,long,2025-07-12,5,1,0,0,0.3761,399,390,20,0.0513,0
MEM-SEA,long,2025-07-13,6,1,0,0,0.0834,435,419,32,0.0764,0
MEM-SEA,long,2025-07-14,0,0,0,0,0.0,660,647,34,0.0526,0
MEM-SEA,long,2025-07-15,1,0,0,0,0.214,732,711,36,0.0506,0
MEM-SEA,long,2025-07-16,2,0,0,0,0.1989,691,675,27,0.04,0
MEM-SEA,long,2025-07-17,3,0,0,0,0.2018,734,718,48,0.0669,0
MEM-SEA,long,2025-07-18,4,0,0,0,0.1175,609,592,28,0.0473,0
MEM-SEA,long,2025-07-19,5,1,0,0,0.3831,370,360,29,0.0806,0
MEM-SEA,long,2025-07-20,6,1,0,0,0.4139,426,419,27,0.0644,0
MEM-SEA,long,2025-07-21,0,0,0,0,0.0475,662,653,39,0.0597,0
MEM-SEA,long,2025-07-22,1,0,0,0,0.3,754,737,45,0.0611,0
MEM-SEA,long,2025-07-23,2,0,0,0,0.1423,739,726,34,0.0468,0
MEM-SEA,long,2025-07-24,3,0,0,0,0.1638,652,638,38,0.0596,0
MEM-SEA,long,2025-07-25,4,0,0,0,0.0772,868,843,56,0.0664,0
MEM-SEA,long,2025-07-26,5,1,0,0,0.1963,488,474,33,0.0696,0
MEM-SEA,long,2025-07-27,6,1,0,0,0.0883,426,419,21,0.0501,0
MEM-SEA,long,2025-07-28,0,0,0,0,0.2392,792,768,37,0.0482,0
MEM-SEA,long,2025-07-29,1,0,0,0,0.0491,720,697,44,0.0631,0
MEM-SEA,long,2025-07-30,2,0,0,0,0.2315,658,642,35,0.0545,0
MEM-SEA,long,2025-07-31,3,0,0,0,0.0,705,692,35,0.0506,0
MEM-SEA,long,2025-08-01,4,0,0,0,0.1998,694,683,39,0.0571,0
MEM-SEA,long,2025-08-02,5,1,0,0,0.0879,400,388,25,0.0644,0
MEM-SEA,long,2025-08-03,6,1,0,0,0.0,374,368,31,0.0842,0
MEM-SEA,long,2025-08-04,0,0,0,0,0.1131,694,671,34,0.0507,0
MEM-SEA,long,2025-08-05,1,0,0,0,0.1811,616,599,38,0.0634,0
MEM-SEA,long,2025-08-06,2,0,0,0,0.2269,803,775,38,0.049,0
MEM-SEA,long,2025-08-07,3,0,0,0,0.3339,695,679,46,0.0677,0
MEM-SEA,long,2025-08-08,4,0,0,0,0.2353,686,675,36,0.0533,0
MEM-SEA,long,2025-08-09,5,1,0,0,0.1111,381,371,34,0.0916,0
MEM-SEA,long,2025-08-10,6,1,0,0,0.1731,345,336,19,0.0565,0
MEM-SEA,long,2025-08-11,0,0,0,0,0.1453,758,744,39,0.0524,0
MEM-SEA,long,2025-08-12,1,0,0,0,0.1716,653,640,33,0.0516,0
MEM-SEA,long,2025-08-13,2,0,0,0,0.226,803,793,38,0.0479,0
MEM-SEA,long,2025-08-14,3,0,0,0,0.0732,699,674,48,0.0712,0
MEM-SEA,long,2025-08-15,4,0,0,0,0.0126,651,642,30,0.0467,0
MEM-SEA,long,2025-08-16,5,1,0,0,0.02,317,309,16,0.0518,0
MEM-SEA,long,2025-08-17,6,1,0,0,0.2582,382,373,34,0.0912,0
MEM-SEA,long,2025-08-18,0,0,0,0,0.0,609,600,37,0.0617,0
MEM-SEA,long,2025-08-19,1,0,0,0,0.1122,744,732,44,0.0601,0
MEM-SEA,long,2025-08-20,2,0,0,0,0.0312,817,801,45,0.0562,0
MEM-SEA,long,2025-08-21,3,0,0,0,0.0,618,610,31,0.0508,0
MEM-SEA,long,2025-08-22,4,0,0,0,0.2489,633,614,39,0.0635,0
MEM-SEA,long,2025-08-23,5,1,0,0,0.014,350,339,14,0.0413,0
MEM-SEA,long,2025-08-24,6,1,0,0,0.1671,449,438,28,0.0639,0
MEM-SEA,long,2025-08-25,0,0,0,0,0.0977,650,631,35,0.0555,0
MEM-SEA,long,2025-08-26,1,0,0,0,0.1893,778,752,39,0.0519,0
MEM-SEA,long,2025-08-27,2,0,0,0,0.0836,634,613,31,0.0506,0
MEM-SEA,long,2025-08-28,3,0,0,0,0.0,547,533,36,0.0675,0
MEM-SEA,long,2025-08-29,4,0,0,0,0.2942,828,806,47,0.0583,0
MEM-SEA,long,2025-08-30,5,1,0,0,0.0039,428,421,30,0.0713,0
MEM-SEA,long,2025-08-31,6,1,0,0,0.0514,410,396,26,0.0657,0
MEM-SEA,long,2025-09-01,0,0,0,0,0.0977,735,710,37,0.0521,0
MEM-SEA,long,2025-09-02,1,0,0,0,0.231,621,611,28,0.0458,0
MEM-SEA,long,2025-09-03,2,0,0,0,0.1673,802,777,51,0.0656,0
MEM-SEA,long,2025-09-04,3,0,0,0,0.1396,747,722,41,0.0568,0
MEM-SEA,long,2025-09-05,4,0,0,0,0.02,768,754,49,0.065,0
MEM-SEA,long,2025-09-06,5,1,0,0,0.3318,411,405,29,0.0716,0
MEM-SEA,long,2025-09-07,6,1,0,0,0.1636,371,359,24,0.0669,0
MEM-SEA,long,2025-09-08,0,0,0,0,0.1634,644,634,41,0.0647,0
MEM-SEA,long,2025-09-09,1,0,0,0,0.1391,808,782,48,0.0614,0
MEM-SEA,long,2025-09-10,2,0,0,0,0.1612,820,795,46,0.0579,0
MEM-SEA,long,2025-09-11,3,0,0,0,0.2032,682,669,39,0.0583,0
MEM-SEA,long,2025-09-12,4,0,0,0,0.1803,731,705,34,0.0482,0
MEM-SEA,long,2025-09-13,5,1,0,0,0.3683,394,387,31,0.0801,0
MEM-SEA,long,2025-09-14,6,1,0,0,0.0466,425,411,28,0.0681,0
MEM-SEA,long,2025-09-15,0,0,0,0,0.0,708,689,48,0.0697,0
MEM-SEA,long,2025-09-16,1,0,0,0,0.1575,600,587,30,0.0511,0
MEM-SEA,long,2025-09-17,2,0,0,0,0.2133,674,661,44,0.0666,0
MEM-SEA,long,2025-09-18,3,0,0,0,0.2098,754,738,46,0.0623,0
MEM-SEA,long,2025-09-19,4,0,0,0,0.0578,749,731,39,0.0534,0
MEM-SEA,long,2025-09-20,5,1,0,0,0.1888,426,415,23,0.0554,0
MEM-SEA,long,2025-09-21,6,1,0,0,0.0,360,349,30,0.086,0
MEM-SEA,long,2025-09-22,0,0,0,0,0.1382,608,598,28,0.0468,0
MEM-SEA,long,2025-09-23,1,0,0,0,0.1766,772,755,51,0.0675,0
MEM-SEA,long,2025-09-24,2,0,0,0,0.3131,878,851,62,0.0729,0
MEM-SEA,long,2025-09-25,3,0,0,0,0.0,676,658,37,0.0562,0
MEM-SEA,long,2025-09-26,4,0,0,0,0.2382,607,591,25,0.0423,0
MEM-SEA,long,2025-09-27,5,1,0,0,0.0927,448,436,33,0.0757,0
MEM-SEA,long,2025-09-28,6,1,0,0,0.2318,402,392,23,0.0587,0
MEM-SEA,long,2025-09-29,0,0,0,0,0.1815,710,698,41,0.0587,0
MEM-SEA,long,2025-09-30,1,0,0,0,0.0531,709,689,46,0.0668,0
MEM-SEA,long,2025-10-01,2,0,0,0,0.1493,632,620,28,0.0452,0
MEM-SEA,long,2025-10-02,3,0,0,0,0.1213,663,642,35,0.0545,0
MEM-SEA,long,2025-10-03,4,0,0,0,0.1576,774,764,33,0.0432,0
MEM-SEA,long,2025-10-04,5,1,0,0,0.2114,406,399,31,0.0777,0
MEM-SEA,long,2025-10-05,6,1,0,0,0.1218,409,400,36,0.09,0
MEM-SEA,long,2025-10-06,0,0,0,0,0.2686,703,680,50,0.0735,0
MEM-SEA,long,2025-10-07,1,0,0,0,0.0,804,783,40,0.0511,0
MEM-SEA,long,2025-10-08,2,0,0,0,0.1936,650,631,31,0.0491,0
MEM-SEA,long,2025-10-09,3,0,0,0,0.229,665,649,35,0.0539,0
MEM-SEA,long,2025-10-10,4,0,0,0,0.0367,745,728,60,0.0824,0
MEM-SEA,long,2025-10-11,5,1,0,0,0.0618,288,278,16,0.0576,0
MEM-SEA,long,2025-10-12,6,1,0,0,0.0127,375,366,23,0.0628,0
MEM-SEA,long,2025-10-13,0,0,0,0,0.2316,573,556,33,0.0594,0
MEM-SEA,long,2025-10-14,1,0,0,0,0.0,697,684,33,0.0482,0
MEM-SEA,long,2025-10-15,2,0,0,0,0.0,652,642,31,0.0483,0
MEM-SEA,long,2025-10-16,3,0,0,0,0.2173,707,698,31,0.0444,0
MEM-SEA,long,2025-10-17,4,0,0,0,0.0992,663,654,32,0.0489,0
MEM-SEA,long,2025-10-18,5,1,0,0,0.115,332,325,23,0.0708,0
MEM-SEA,long,2025-10-19,6,1,0,0,0.2004,438,424,29,0.0684,0
MEM-SEA,long,2025-10-20,0,0,0,0,0.235,666,650,27,0.0415,0
MEM-SEA,long,2025-10-21,1,0,0,0,0.2983,565,551,37,0.0672,0
MEM-SEA,long,2025-10-22,2,0,0,0,0.1503,670,646,39,0.0604,0
MEM-SEA,long,2025-10-23,3,0,0,0,0.0,620,607,45,0.0741,0
MEM-SEA,long,2025-10-24,4,0,0,0,0.2252,717,691,34,0.0492,0
MEM-SEA,long,2025-10-25,5,1,0,0,0.3904,396,384,26,0.0677,0
MEM-SEA,long,2025-10-26,6,1,0,0,0.0839,400,392,31,0.0791,0
MEM-SEA,long,2025-10-27,0,0,0,0,0.0179,700,678,42,0.0619,0
MEM-SEA,long,2025-10-28,1,0,0,0,0.1335,594,586,34,0.058,0
MEM-SEA,long,2025-10-29,2,0,0,0,0.1449,796,777,40,0.0515,0
MEM-SEA,long,2025-10-30,3,0,0,0,0.0,707,694,33,0.0476,0
MEM-SEA,long,2025-10-31,4,0,0,0,0.1349,654,644,35,0.0543,0
MEM-SEA,long,2025-11-01,5,1,0,0,0.1744,350,346,30,0.0867,0
MEM-SEA,long,2025-11-02,6,1,0,0,0.0,318,307,22,0.0717,0
MEM-SEA,long,2025-11-03,0,0,0,0,0.0298,777,767,48,0.0626,0
MEM-SEA,long,2025-11-04,1,0,0,0,0.3059,821,796,38,0.0477,0
MEM-SEA,long,2025-11-05,2,0,0,0,0.1584,585,565,32,0.0566,0
MEM-SEA,long,2025-11-06,3,0,0,0,0.0154,574,562,30,0.0534,0
MEM-SEA,long,2025-11-07,4,0,0,0,0.0796,506,497,20,0.0402,0
MEM-SEA,long,2025-11-08,5,1,0,0,0.0349,405,392,32,0.0816,0
MEM-SEA,long,2025-11-09,6,1,0,0,0.1028,378,371,27,0.0728,0
MEM-SEA,long,2025-11-10,0,0,0,0,0.052,670,658,41,0.0623,0
MEM-SEA,long,2025-11-11,1,0,1,0,0.0744,160,156,13,0.0833,0
MEM-SEA,long,2025-11-12,2,0,0,0,0.0988,668,655,26,0.0397,0
MEM-SEA,long,2025-11-13,3,0,0,0,0.1832,777,749,44,0.0587,0
MEM-SEA,long,2025-11-14,4,0,0,0,0.2667,717,696,27,0.0388,0
MEM-SEA,long,2025-11-15,5,1,0,0,0.4337,334,325,30,0.0923,0
MEM-SEA,long,2025-11-16,6,1,0,0,0.2496,377,366,34,0.0929,0
MEM-SEA,long,2025-11-17,0,0,0,0,0.3224,711,701,37,0.0528,0
MEM-SEA,long,2025-11-18,1,0,0,0,0.2146,679,660,34,0.0515,0
MEM-SEA,long,2025-11-19,2,0,0,0,0.2084,675,651,40,0.0614,0
MEM-SEA,long,2025-11-20,3,0,0,1,0.1235,1116,1099,100,0.091,0
MEM-SEA,long,2025-11-21,4,0,0,1,0.0281,1139,1116,111,0.0995,0
MEM-SEA,long,2025-11-22,5,1,0,1,0.2359,602,588,73,0.1241,0
MEM-SEA,long,2025-11-23,6,1,0,1,0.1139,579,559,71,0.127,0
MEM-SEA,long,2025-11-24,0,0,0,1,0.141,1144,1113,86,0.0773,0
MEM-SEA,long,2025-11-25,1,0,0,1,0.2946,1081,1061,104,0.098,0
MEM-SEA,long,2025-11-26,2,0,0,1,0.2516,1099,1074,101,0.094,0
MEM-SEA,long,2025-11-27,3,0,0,1,0.1716,1075,1049,100,0.0953,0
MEM-SEA,long,2025-11-28,4,0,0,1,0.038,1064,1043,89,0.0853,0
MEM-SEA,long,2025-11-29,5,1,0,1,0.0632,716,695,90,0.1295,0
MEM-SEA,long,2025-11-30,6,1,0,1,0.1531,594,584,62,0.1062,0
MEM-SEA,long,2025-12-01,0,0,0,1,0.2801,1235,1197,114,0.0952,0
MEM-SEA,long,2025-12-02,1,0,0,1,0.0431,1400,1371,114,0.0832,0
MEM-SEA,long,2025-12-03,2,0,0,1,0.1006,1061,1036,99,0.0956,0
MEM-SEA,long,2025-12-04,3,0,0,1,0.2185,1324,1293,117,0.0905,0
MEM-SEA,long,2025-12-05,4,0,0,1,0.229,1188,1170,110,0.094,0
MEM-SEA,long,2025-12-06,5,1,0,1,0.1266,598,581,70,0.1205,0
MEM-SEA,long,2025-12-07,6,1,0,1,0.1383,567,546,62,0.1136,0
MEM-SEA,long,2025-12-08,0,0,0,1,0.4449,1201,1166,107,0.0918,0
MEM-SEA,long,2025-12-09,1,0,0,1,0.0827,1090,1055,107,0.1014,0
MEM-SEA,long,2025-12-10,2,0,0,1,0.3293,1252,1206,114,0.0945,0
MEM-SEA,long,2025-12-11,3,0,0,1,0.1468,1068,1044,89,0.0852,0
MEM-SEA,long,2025-12-12,4,0,0,1,0.3259,882,860,83,0.0965,0
MEM-SEA,long,2025-12-13,5,1,0,1,0.0,676,651,77,0.1183,0
MEM-SEA,long,2025-12-14,6,1,0,1,0.1237,578,565,80,0.1416,0
MEM-SEA,long,2025-12-15,0,0,0,1,0.0857,1036,1023,95,0.0929,0
MEM-SEA,long,2025-12-16,1,0,0,1,0.1597,1327,1280,127,0.0992,0
MEM-SEA,long,2025-12-17,2,0,0,1,0.2723,1175,1135,109,0.096,0
MEM-SEA,long,2025-12-18,3,0,0,1,0.1313,1238,1212,107,0.0883,0
MEM-SEA,long,2025-12-19,4,0,0,1,0.2039,1239,1193,113,0.0947,0
MEM-SEA,long,2025-12-20,5,1,0,1,0.1964,552,532,64,0.1203,0
MEM-SEA,long,2025-12-21,6,1,0,1,0.2309,585,576,56,0.0972,0
MEM-SEA,long,2025-12-22,0,0,0,1,0.1617,1126,1098,102,0.0929,0
MEM-SEA,long,2025-12-23,1,0,0,1,0.1181,1169,1130,95,0.0841,0
MEM-SEA,long,2025-12-24,2,0,0,1,0.0619,892,879,79,0.0899,0
MEM-SEA,long,2025-12-25,3,0,1,1,0.12,294,287,18,0.0627,0
MEM-SEA,long,2025-12-26,4,0,0,1,0.2315,1304,1279,120,0.0938,0
MEM-SEA,long,2025-12-27,5,1,0,0,0.1764,379,367,20,0.0545,0
MEM-SEA,long,2025-12-28,6,1,0,0,0.1871,395,387,108,0.2791,1
MEM-SEA,long,2025-12-29,0,0,0,0,0.7253,735,713,100,0.1403,1
MEM-SEA,long,2025-12-30,1,0,0,0,0.8607,687,677,169,0.2496,1
MEM-SEA,long,2025-12-31,2,0,0,0,0.2664,753,732,35,0.0478,0
MEM-SEA,long,2026-01-01,3,0,1,0,0.2034,167,161,11,0.0683,0
MEM-SEA,long,2026-01-02,4,0,0,0,0.063,604,593,32,0.054,0
MEM-SEA,long,2026-01-03,5,1,0,0,0.2415,376,363,39,0.1074,0
MEM-SEA,long,2026-01-04,6,1,0,0,0.0717,364,354,29,0.0819,0
MEM-SEA,long,2026-01-05,0,0,0,0,0.3451,674,649,43,0.0663,0
MEM-SEA,long,2026-01-06,1,0,0,0,0.0,741,724,54,0.0746,0
MEM-SEA,long,2026-01-07,2,0,0,0,0.1632,877,846,44,0.052,0
MEM-SEA,long,2026-01-08,3,0,0,0,0.2149,694,682,40,0.0587,0
MEM-SEA,long,2026-01-09,4,0,0,0,0.1404,764,753,39,0.0518,0
MEM-SEA,long,2026-01-10,5,1,0,0,0.1354,392,379,23,0.0607,0
MEM-SEA,long,2026-01-11,6,1,0,0,0.1774,377,371,25,0.0674,0
MEM-SEA,long,2026-01-12,0,0,0,0,0.1202,734,712,34,0.0478,0
MEM-SEA,long,2026-01-13,1,0,0,0,0.0,660,647,39,0.0603,0
MEM-SEA,long,2026-01-14,2,0,0,0,0.1965,654,643,37,0.0575,0
MEM-SEA,long,2026-01-15,3,0,0,0,0.1171,706,680,37,0.0544,0
MEM-SEA,long,2026-01-16,4,0,0,0,0.297,634,612,27,0.0441,0
MEM-SEA,long,2026-01-17,5,1,0,0,0.2867,388,377,32,0.0849,0
MEM-SEA,long,2026-01-18,6,1,0,0,0.0942,406,391,23,0.0588,0
MEM-SEA,long,2026-01-19,0,0,0,0,0.0,675,664,32,0.0482,0
MEM-SEA,long,2026-01-20,1,0,0,0,0.0,735,711,37,0.052,0
MEM-SEA,long,2026-01-21,2,0,0,0,0.2409,617,597,27,0.0452,0
MEM-SEA,long,2026-01-22,3,0,0,0,0.2147,745,724,38,0.0525,0
MEM-SEA,long,2026-01-23,4,0,0,0,0.0347,722,695,44,0.0633,0
MEM-SEA,long,2026-01-24,5,1,0,0,0.366,379,369,24,0.065,0
MEM-SEA,long,2026-01-25,6,1,0,0,0.0222,378,369,27,0.0732,0
MEM-SEA,long,2026-01-26,0,0,0,0,0.1679,532,513,28,0.0546,0
MEM-SEA,long,2026-01-27,1,0,0,0,0.0094,634,613,39,0.0636,0
MEM-SEA,long,2026-01-28,2,0,0,0,0.3869,721,711,40,0.0563,0
MEM-SEA,long,2026-01-29,3,0,0,0,0.1243,632,609,36,0.0591,0
MEM-SEA,long,2026-01-30,4,0,0,0,0.1627,739,720,38,0.0528,0
MEM-SEA,long,2026-01-31,5,1,0,0,0.0,398,389,33,0.0848,0
MEM-SEA,long,2026-02-01,6,1,0,0,0.1438,346,339,22,0.0649,0
MEM-SEA,long,2026-02-02,0,0,0,0,0.2187,530,518,26,0.0502,0
MEM-SEA,long,2026-02-03,1,0,0,0,0.2657,710,687,41,0.0597,0
MEM-SEA,long,2026-02-04,2,0,0,0,0.0,694,670,31,0.0463,0
MEM-SEA,long,2026-02-05,3,0,0,0,0.1434,793,780,40,0.0513,0
MEM-SEA,long,2026-02-06,4,0,0,0,0.176,579,562,34,0.0605,0
MEM-SEA,long,2026-02-07,5,1,0,0,0.173,341,336,27,0.0804,0
MEM-SEA,long,2026-02-08,6,1,0,0,0.3239,375,368,31,0.0842,0
MEM-SEA,long,2026-02-09,0,0,0,0,0.2076,733,722,38,0.0526,0
MEM-SEA,long,2026-02-10,1,0,0,0,0.3156,816,804,47,0.0585,0
MEM-SEA,long,2026-02-11,2,0,0,0,0.2538,722,712,35,0.0492,0
MEM-SEA,long,2026-02-12,3,0,0,0,0.0605,553,546,22,0.0403,0
MEM-SEA,long,2026-02-13,4,0,0,0,0.2845,725,715,44,0.0615,0
MEM-SEA,long,2026-02-14,5,1,0,0,0.1754,422,409,25,0.0611,0
MEM-SEA,long,2026-02-15,6,1,0,0,0.2661,434,423,23,0.0544,0
MEM-SEA,long,2026-02-16,0,0,0,0,0.0982,745,722,38,0.0526,0
MEM-SEA,long,2026-02-17,1,0,0,0,0.1353,745,724,34,0.047,0
MEM-SEA,long,2026-02-18,2,0,0,0,0.3399,819,795,47,0.0591,0
MEM-SEA,long,2026-02-19,3,0,0,0,0.0,628,613,30,0.0489,0
MEM-SEA,long,2026-02-20,4,0,0,0,0.4491,748,729,147,0.2016,1
MEM-SEA,long,2026-02-21,5,1,0,0,0.5009,350,344,79,0.2297,1
MEM-SEA,long,2026-02-22,6,1,0,0,0.8917,389,380,72,0.1895,1
MEM-SEA,long,2026-02-23,0,0,0,0,0.0251,607,588,33,0.0561,0
MEM-SEA,long,2026-02-24,1,0,0,0,0.1634,586,573,31,0.0541,0
MEM-SEA,long,2026-02-25,2,0,0,0,0.078,766,743,43,0.0579,0
MEM-SEA,long,2026-02-26,3,0,0,0,0.4515,651,628,40,0.0637,0
MEM-SEA,long,2026-02-27,4,0,0,0,0.1571,758,733,37,0.0505,0
MEM-SEA,long,2026-02-28,5,1,0,0,0.3106,411,403,30,0.0744,0
MEM-SEA,long,2026-03-01,6,1,0,0,0.1587,359,352,33,0.0938,0
MEM-SEA,long,2026-03-02,0,0,0,0,0.4067,670,655,23,0.0351,0
MEM-SEA,long,2026-03-03,1,0,0,0,0.1428,656,646,28,0.0433,0
MEM-SEA,long,2026-03-04,2,0,0,0,0.2162,576,559,33,0.059,0
MEM-SEA,long,2026-03-05,3,0,0,0,0.7973,829,803,195,0.2428,1
MEM-SEA,long,2026-03-06,4,0,0,0,0.8383,685,671,118,0.1759,1
MEM-SEA,long,2026-03-07,5,1,0,0,0.2397,411,397,29,0.073,0
MEM-SEA,long,2026-03-08,6,1,0,0,0.0677,358,352,23,0.0653,0
MEM-SEA,long,2026-03-09,0,0,0,0,0.2851,552,535,25,0.0467,0
MEM-SEA,long,2026-03-10,1,0,0,0,0.2607,615,604,29,0.048,0
MEM-SEA,long,2026-03-11,2,0,0,0,0.1572,703,687,37,0.0539,0
MEM-SEA,long,2026-03-12,3,0,0,0,0.2207,655,641,41,0.064,0
MEM-SEA,long,2026-03-13,4,0,0,0,0.0,579,567,26,0.0459,0
MEM-SEA,long,2026-03-14,5,1,0,0,0.2315,358,351,22,0.0627,0
MEM-SEA,long,2026-03-15,6,1,0,0,0.0709,452,446,24,0.0538,0
MEM-SEA,long,2026-03-16,0,0,0,0,0.0671,754,742,51,0.0687,0
MEM-SEA,long,2026-03-17,1,0,0,0,0.1974,627,616,29,0.0471,0
MEM-SEA,long,2026-03-18,2,0,0,0,0.2094,732,717,38,0.053,0
MEM-SEA,long,2026-03-19,3,0,0,0,0.0638,689,664,37,0.0557,0
MEM-SEA,long,2026-03-20,4,0,0,0,0.1337,771,760,34,0.0447,0
MEM-SEA,long,2026-03-21,5,1,0,0,0.0836,336,326,25,0.0767,0
MEM-SEA,long,2026-03-22,6,1,0,0,0.0353,383,370,23,0.0622,0
MEM-SEA,long,2026-03-23,0,0,0,0,0.2709,541,532,23,0.0432,0
MEM-SEA,long,2026-03-24,1,0,0,0,0.1843,789,768,38,0.0495,0
MEM-SEA,long,2026-03-25,2,0,0,0,0.4057,710,692,51,0.0737,0
MEM-SEA,long,2026-03-26,3,0,0,0,0.0,693,674,27,0.0401,0
MEM-SEA,long,2026-03-27,4,0,0,0,0.1077,731,718,42,0.0585,0
MEM-SEA,long,2026-03-28,5,1,0,0,0.2699,412,401,23,0.0574,0
MEM-SEA,long,2026-03-29,6,1,0,0,0.016,337,328,17,0.0518,0
MEM-SEA,long,2026-03-30,0,0,0,0,0.187,675,665,41,0.0617,0
MEM-SEA,long,2026-03-31,1,0,0,0,0.1031,640,627,34,0.0542,0
MEM-SEA,long,2026-04-01,2,0,0,0,0.0667,636,621,32,0.0515,0
MEM-SEA,long,2026-04-02,3,0,0,0,0.106,692,673,29,0.0431,0
MEM-SEA,long,2026-04-03,4,0,0,0,0.1623,605,591,29,0.0491,0
MEM-SEA,long,2026-04-04,5,1,0,0,0.6871,381,369,91,0.2466,1
MEM-SEA,long,2026-04-05,6,1,0,0,0.8832,420,411,124,0.3017,1
MEM-SEA,long,2026-04-06,0,0,0,0,0.2652,694,676,37,0.0547,0
MEM-SEA,long,2026-04-07,1,0,0,0,0.1443,745,727,48,0.066,0
MEM-SEA,long,2026-04-08,2,0,0,0,0.0717,665,655,41,0.0626,0
MEM-SEA,long,2026-04-09,3,0,0,0,0.1436,807,794,40,0.0504,0
MEM-SEA,long,2026-04-10,4,0,0,0,0.1342,635,612,37,0.0605,0
MEM-SEA,long,2026-04-11,5,1,0,0,0.2235,419,411,29,0.0706,0
MEM-SEA,long,2026-04-12,6,1,0,0,0.1602,415,407,24,0.059,0
MEM-SEA,long,2026-04-13,0,0,0,0,0.1041,607,598,25,0.0418,0
MEM-SEA,long,2026-04-14,1,0,0,0,0.1563,722,697,44,0.0631,0
MEM-SEA,long,2026-04-15,2,0,0,0,0.0259,671,649,32,0.0493,0
MEM-SEA,long,2026-04-16,3,0,0,0,0.142,781,756,44,0.0582,0
MEM-SEA,long,2026-04-17,4,0,0,0,0.2524,745,727,43,0.0591,0
MEM-SEA,long,2026-04-18,5,1,0,0,0.369,314,304,21,0.0691,0
MEM-SEA,long,2026-04-19,6,1,0,0,0.0629,389,379,34,0.0897,0
MEM-SEA,long,2026-04-20,0,0,0,0,0.1,702,686,36,0.0525,0
MEM-SEA,long,2026-04-21,1,0,0,0,0.0905,722,709,35,0.0494,0
MEM-SEA,long,2026-04-22,2,0,0,0,0.1245,677,667,35,0.0525,0
MEM-SEA,long,2026-04-23,3,0,0,0,0.1009,733,707,35,0.0495,0
MEM-SEA,long,2026-04-24,4,0,0,0,0.1459,730,708,35,0.0494,0
MEM-SEA,long,2026-04-25,5,1,0,0,0.2408,415,403,26,0.0645,0
MEM-SEA,long,2026-04-26,6,1,0,0,0.0373,355,347,37,0.1066,0
MEM-SEA,long,2026-04-27,0,0,0,0,0.3097,786,758,46,0.0607,0
MEM-SEA,long,2026-04-28,1,0,0,0,0.2667,622,614,28,0.0456,0
MEM-SEA,long,2026-04-29,2,0,0,0,0.2306,650,626,38,0.0607,0
MEM-SEA,long,2026-04-30,3,0,0,0,0.2736,758,745,48,0.0644,0
MEM-SEA,long,2026-05-01,4,0,0,0,0.0,662,644,40,0.0621,0
MEM-SEA,long,2026-05-02,5,1,0,0,0.2887,410,400,28,0.07,0
MEM-SEA,long,2026-05-03,6,1,0,0,0.1819,413,399,29,0.0727,0
MEM-SEA,long,2026-05-04,0,0,0,0,0.0,789,768,34,0.0443,0
MEM-SEA,long,2026-05-05,1,0,0,0,0.8408,540,529,99,0.1871,1
MEM-SEA,long,2026-05-06,2,0,0,0,0.9514,654,634,145,0.2287,1
MEM-SEA,long,2026-05-07,3,0,0,0,0.6387,675,650,170,0.2615,1
MEM-SEA,long,2026-05-08,4,0,0,0,0.313,606,588,35,0.0595,0
MEM-SEA,long,2026-05-09,5,1,0,0,0.1699,414,408,27,0.0662,0
MEM-SEA,long,2026-05-10,6,1,0,0,0.1888,372,359,28,0.078,0
MEM-SEA,long,2026-05-11,0,0,0,0,0.16,623,603,26,0.0431,0
MEM-SEA,long,2026-05-12,1,0,0,0,0.0862,572,559,27,0.0483,0
MEM-SEA,long,2026-05-13,2,0,0,0,0.2133,578,565,30,0.0531,0
MEM-SEA,long,2026-05-14,3,0,0,0,0.1269,685,667,30,0.045,0
MEM-SEA,long,2026-05-15,4,0,0,0,0.1406,725,701,52,0.0742,0
MEM-SEA,long,2026-05-16,5,1,0,0,0.1235,380,366,24,0.0656,0
MEM-SEA,long,2026-05-17,6,1,0,0,0.0983,404,398,26,0.0653,0
MEM-SEA,long,2026-05-18,0,0,0,0,0.0879,744,726,39,0.0537,0
MEM-SEA,long,2026-05-19,1,0,0,0,0.2933,699,683,27,0.0395,0
MEM-SEA,long,2026-05-20,2,0,0,0,0.1577,700,675,28,0.0415,0
MEM-SEA,long,2026-05-21,3,0,0,0,0.2221,700,680,35,0.0515,0
MEM-SEA,long,2026-05-22,4,0,0,0,0.0863,626,612,30,0.049,0
MEM-SEA,long,2026-05-23,5,1,0,0,0.1007,493,485,27,0.0557,0
MEM-SEA,long,2026-05-24,6,1,0,0,0.0,326,322,26,0.0807,0
MEM-SEA,long,2026-05-25,0,0,0,0,0.4011,719,701,41,0.0585,0
MEM-SEA,long,2026-05-26,1,0,0,0,0.3226,803,776,42,0.0541,0
MEM-SEA,long,2026-05-27,2,0,0,0,0.2337,712,693,37,0.0534,0
MEM-SEA,long,2026-05-28,3,0,0,0,0.1493,681,670,29,0.0433,0
MEM-SEA,long,2026-05-29,4,0,0,0,0.1581,649,636,36,0.0566,0
MEM-SEA,long,2026-05-30,5,1,0,0,0.3029,413,398,28,0.0704,0
MEM-SEA,long,2026-05-31,6,1,0,0,0.1418,363,357,36,0.1008,0
MEM-SEA,long,2026-06-01,0,0,0,0,0.1808,781,767,42,0.0548,0
MEM-SEA,long,2026-06-02,1,0,0,0,0.3159,724,715,35,0.049,0
MEM-SEA,long,2026-06-03,2,0,0,0,0.0623,697,672,32,0.0476,0
MEM-SEA,long,2026-06-04,3,0,0,0,0.2543,756,734,39,0.0531,0
MEM-SEA,long,2026-06-05,4,0,0,0,0.128,664,641,33,0.0515,0
MEM-SEA,long,2026-06-06,5,1,0,0,0.3182,347,335,21,0.0627,0
MEM-SEA,long,2026-06-07,6,1,0,0,0.3304,389,382,28,0.0733,0
MEM-SEA,long,2026-06-08,0,0,0,0,0.2544,747,735,37,0.0503,0
MEM-SEA,long,2026-06-09,1,0,0,0,0.0,670,646,30,0.0464,0
MEM-SEA,long,2026-06-10,2,0,0,0,0.2506,802,789,55,0.0697,0
MEM-SEA,long,2026-06-11,3,0,0,0,0.0846,694,684,44,0.0643,0
MEM-SEA,long,2026-06-12,4,0,0,0,0.0,588,575,33,0.0574,0
MEM-SEA,long,2026-06-13,5,1,0,0,0.305,380,371,13,0.035,0
MEM-SEA,long,2026-06-14,6,1,0,0,0.3638,432,422,26,0.0616,0
MEM-SEA,long,2026-06-15,0,0,0,0,0.0197,687,667,38,0.057,0
MEM-SEA,long,2026-06-16,1,0,0,0,0.1284,801,780,61,0.0782,0
MEM-SEA,long,2026-06-17,2,0,0,0,0.2253,676,666,34,0.0511,0
MEM-SEA,long,2026-06-18,3,0,0,0,0.2201,700,676,42,0.0621,0
MEM-SEA,long,2026-06-19,4,0,0,0,0.1531,828,815,41,0.0503,0
MEM-SEA,long,2026-06-20,5,1,0,0,0.0,409,402,29,0.0721,0
MEM-SEA,long,2026-06-21,6,1,0,0,0.3142,437,426,34,0.0798,0
MEM-SEA,long,2026-06-22,0,0,0,0,0.2482,582,563,37,0.0657,0
MEM-SEA,long,2026-06-23,1,0,0,0,0.2879,724,714,36,0.0504,0
MEM-SEA,long,2026-06-24,2,0,0,0,0.1559,643,623,31,0.0498,0
MEM-SEA,long,2026-06-25,3,0,0,0,0.1859,629,608,27,0.0444,0
MEM-SEA,long,2026-06-26,4,0,0,0,0.2002,726,713,41,0.0575,0
MEM-SEA,long,2026-06-27,5,1,0,0,0.1287,440,429,36,0.0839,0
MEM-SEA,long,2026-06-28,6,1,0,0,0.243,396,389,33,0.0848,0
MEM-SEA,long,2026-06-29,0,0,0,0,0.179,726,716,41,0.0573,0
MEM-SEA,long,2026-06-30,1,0,0,0,0.0366,684,659,34,0.0516,0
MEM-SEA,long,2026-07-01,2,0,0,0,0.3221,773,744,26,0.0349,0
MEM-SEA,long,2026-07-02,3,0,0,0,0.0,633,620,44,0.071,0
MEM-SEA,long,2026-07-03,4,0,0,0,0.1993,771,758,48,0.0633,0
MEM-SEA,long,2026-07-04,5,1,1,0,0.0,91,90,4,0.0444,0
MEM-SEA,long,2026-07-05,6,1,0,0,0.0,346,334,25,0.0749,0
MEM-SEA,long,2026-07-06,0,0,0,0,0.1272,585,566,21,0.0371,0
MEM-SEA,long,2026-07-07,1,0,0,0,0.0178,713,698,50,0.0716,0
MEM-SEA,long,2026-07-08,2,0,0,0,0.2882,554,540,31,0.0574,0
MEM-SEA,long,2026-07-09,3,0,0,0,0.1368,676,663,33,0.0498,0
MEM-SEA,long,2026-07-10,4,0,0,0,0.1459,685,664,32,0.0482,0
MEM-SEA,long,2026-07-11,5,1,0,0,0.1678,414,401,27,0.0673,0
MEM-SEA,long,2026-07-12,6,1,0,0,0.1928,390,378,23,0.0608,0
MEM-SEA,long,2026-07-13,0,0,0,0,0.0,604,591,25,0.0423,0
MEM-SEA,long,2026-07-14,1,0,0,0,0.2435,654,634,25,0.0394,0
MEM-SEA,long,2026-07-15,2,0,0,0,0.278,526,509,37,0.0727,0
MEM-SEA,long,2026-07-16,3,0,0,0,0.0641,644,622,37,0.0595,0
MEM-SEA,long,2026-07-17,4,0,0,0,0.4125,710,691,37,0.0535,0
MEM-SEA,long,2026-07-18,5,1,0,0,0.0132,369,356,29,0.0815,0
MEM-SEA,long,2026-07-19,6,1,0,0,0.1182,412,405,38,0.0938,0
MEM-SEA,long,2026-07-20,0,0,0,0,0.1852,692,681,29,0.0426,0
MEM-SEA,long,2026-07-21,1,0,0,0,0.0,614,597,28,0.0469,0
MEM-SEA,long,2026-07-22,2,0,0,0,0.1459,738,719,47,0.0654,0
MEM-SEA,long,2026-07-23,3,0,0,0,0.1947,760,741,40,0.054,0
MEM-SEA,long,2026-07-24,4,0,0,0,0.0,762,738,44,0.0596,0
MEM-SEA,long,2026-07-25,5,1,0,0,0.2862,378,369,27,0.0732,0
MEM-SEA,long,2026-07-26,6,1,0,0,0.0,378,371,29,0.0782,0
MEM-SEA,long,2026-07-27,0,0,0,0,0.0809,797,782,44,0.0563,0
MEM-SEA,long,2026-07-28,1,0,0,0,0.0,685,664,28,0.0422,0
MEM-SEA,long,2026-07-29,2,0,0,0,0.1785,780,755,50,0.0662,0
MEM-SEA,long,2026-07-30,3,0,0,0,0.1303,717,696,41,0.0589,0
MEM-SEA,long,2026-07-31,4,0,0,0,0.1329,657,641,44,0.0686,0
MEM-SEA,long,2026-08-01,5,1,0,0,0.3743,391,384,32,0.0833,0
MEM-SEA,long,2026-08-02,6,1,0,0,0.1212,415,410,32,0.078,0
MEM-SEA,long,2026-08-03,0,0,0,0,0.2547,634,617,31,0.0502,0
MEM-SEA,long,2026-08-04,1,0,0,0,0.0698,702,678,34,0.0501,0
MEM-SEA,long,2026-08-05,2,0,0,0,0.0,622,604,19,0.0315,0
MEM-SEA,long,2026-08-06,3,0,0,0,0.1814,850,830,59,0.0711,0
MEM-SEA,long,2026-08-07,4,0,0,0,0.0751,823,805,39,0.0484,0
MEM-SEA,long,2026-08-08,5,1,0,0,0.1104,417,403,35,0.0868,0
MEM-SEA,long,2026-08-09,6,1,0,0,0.2701,346,333,16,0.048,0
MEM-SEA,long,2026-08-10,0,0,0,0,0.0,703,680,33,0.0485,0
MEM-SEA,long,2026-08-11,1,0,0,0,0.2643,637,620,38,0.0613,0
MEM-SEA,long,2026-08-12,2,0,0,0,0.2475,693,675,35,0.0519,0
MEM-SEA,long,2026-08-13,3,0,0,0,0.0556,784,764,53,0.0694,0
MEM-SEA,long,2026-08-14,4,0,0,0,0.228,847,823,42,0.051,0
MEM-SEA,long,2026-08-15,5,1,0,0,0.252,361,355,25,0.0704,0
MEM-SEA,long,2026-08-16,6,1,0,0,0.0422,361,348,20,0.0575,0
MEM-SEA,long,2026-08-17,0,0,0,0,0.2251,705,695,37,0.0532,0
MEM-SEA,long,2026-08-18,1,0,0,0,0.1567,710,697,42,0.0603,0
MEM-SEA,long,2026-08-19,2,0,0,0,0.1895,613,590,19,0.0322,0
MEM-SEA,long,2026-08-20,3,0,0,0,0.2892,675,663,37,0.0558,0
MEM-SEA,long,2026-08-21,4,0,0,0,0.0,635,617,46,0.0746,0
MEM-SEA,long,2026-08-22,5,1,0,0,0.2264,337,332,17,0.0512,0
MEM-SEA,long,2026-08-23,6,1,0,0,0.2262,352,345,29,0.0841,0
MEM-JFK,medium,2023-08-25,4,0,0,0,0.2091,1227,1193,55,0.0461,0
MEM-JFK,medium,2023-08-26,5,1,0,0,0.2764,578,559,38,0.068,0
MEM-JFK,medium,2023-08-27,6,1,0,0,0.0,737,715,46,0.0643,0
MEM-JFK,medium,2023-08-28,0,0,0,0,0.1789,1199,1155,48,0.0416,0
MEM-JFK,medium,2023-08-29,1,0,0,0,0.0,1256,1237,51,0.0412,0
MEM-JFK,medium,2023-08-30,2,0,0,0,0.2042,1434,1381,61,0.0442,0
MEM-JFK,medium,2023-08-31,3,0,0,0,0.3176,1463,1420,65,0.0458,0
MEM-JFK,medium,2023-09-01,4,0,0,0,0.3252,1203,1188,47,0.0396,0
MEM-JFK,medium,2023-09-02,5,1,0,0,0.2053,758,734,44,0.0599,0
MEM-JFK,medium,2023-09-03,6,1,0,0,0.0,717,700,49,0.07,0
MEM-JFK,medium,2023-09-04,0,0,0,0,0.102,1233,1203,49,0.0407,0
MEM-JFK,medium,2023-09-05,1,0,0,0,0.2804,1248,1204,47,0.039,0
MEM-JFK,medium,2023-09-06,2,0,0,0,0.0295,1343,1311,52,0.0397,0
MEM-JFK,medium,2023-09-07,3,0,0,0,0.017,1427,1407,63,0.0448,0
MEM-JFK,medium,2023-09-08,4,0,0,0,0.1752,1456,1417,61,0.043,0
MEM-JFK,medium,2023-09-09,5,1,0,0,0.0332,591,583,40,0.0686,0
MEM-JFK,medium,2023-09-10,6,1,0,0,0.1242,803,788,31,0.0393,0
MEM-JFK,medium,2023-09-11,0,0,0,0,0.2049,1416,1389,60,0.0432,0
MEM-JFK,medium,2023-09-12,1,0,0,0,0.0947,1236,1202,40,0.0333,0
MEM-JFK,medium,2023-09-13,2,0,0,0,0.1463,1279,1232,48,0.039,0
MEM-JFK,medium,2023-09-14,3,0,0,0,0.2816,1437,1415,58,0.041,0
MEM-JFK,medium,2023-09-15,4,0,0,0,0.1939,1271,1231,53,0.0431,0
MEM-JFK,medium,2023-09-16,5,1,0,0,0.142,655,639,33,0.0516,0
MEM-JFK,medium,2023-09-17,6,1,0,0,0.2955,771,748,41,0.0548,0
MEM-JFK,medium,2023-09-18,0,0,0,0,0.6818,1216,1186,213,0.1796,1
MEM-JFK,medium,2023-09-19,1,0,0,0,0.2445,1552,1504,82,0.0545,0
MEM-JFK,medium,2023-09-20,2,0,0,0,0.0837,1515,1464,69,0.0471,0
MEM-JFK,medium,2023-09-21,3,0,0,0,0.19,1335,1290,62,0.0481,0
MEM-JFK,medium,2023-09-22,4,0,0,0,0.0982,1299,1253,60,0.0479,0
MEM-JFK,medium,2023-09-23,5,1,0,0,0.0339,546,533,31,0.0582,0
MEM-JFK,medium,2023-09-24,6,1,0,0,0.2322,672,647,33,0.051,0
MEM-JFK,medium,2023-09-25,0,0,0,0,0.2711,1384,1366,62,0.0454,0
MEM-JFK,medium,2023-09-26,1,0,0,0,0.09,1204,1185,59,0.0498,0
MEM-JFK,medium,2023-09-27,2,0,0,0,0.2011,1256,1218,61,0.0501,0
MEM-JFK,medium,2023-09-28,3,0,0,0,0.2874,1392,1355,59,0.0435,0
MEM-JFK,medium,2023-09-29,4,0,0,0,0.1885,1488,1455,69,0.0474,0
MEM-JFK,medium,2023-09-30,5,1,0,0,0.35,729,706,37,0.0524,0
MEM-JFK,medium,2023-10-01,6,1,0,0,0.145,757,734,42,0.0572,0
MEM-JFK,medium,2023-10-02,0,0,0,0,0.3935,1325,1277,61,0.0478,0
MEM-JFK,medium,2023-10-03,1,0,0,0,0.3106,1551,1517,72,0.0475,0
MEM-JFK,medium,2023-10-04,2,0,0,0,0.0547,1346,1312,46,0.0351,0
MEM-JFK,medium,2023-10-05,3,0,0,0,0.0963,1112,1082,48,0.0444,0
MEM-JFK,medium,2023-10-06,4,0,0,0,0.0,1150,1132,48,0.0424,0
MEM-JFK,medium,2023-10-07,5,1,0,0,0.1908,751,733,35,0.0477,0
MEM-JFK,medium,2023-10-08,6,1,0,0,0.195,668,643,41,0.0638,0
MEM-JFK,medium,2023-10-09,0,0,0,0,0.1004,1564,1514,76,0.0502,0
MEM-JFK,medium,2023-10-10,1,0,0,0,0.1603,1507,1474,71,0.0482,0
MEM-JFK,medium,2023-10-11,2,0,0,0,0.1552,1151,1109,55,0.0496,0
MEM-JFK,medium,2023-10-12,3,0,0,0,0.0326,1389,1337,52,0.0389,0
MEM-JFK,medium,2023-10-13,4,0,0,0,0.0608,1546,1504,75,0.0499,0
MEM-JFK,medium,2023-10-14,5,1,0,0,0.1985,775,758,39,0.0515,0
MEM-JFK,medium,2023-10-15,6,1,0,0,0.1896,712,701,32,0.0456,0
MEM-JFK,medium,2023-10-16,0,0,0,0,0.1628,1559,1536,71,0.0462,0
MEM-JFK,medium,2023-10-17,1,0,0,0,0.1272,1193,1174,56,0.0477,0
MEM-JFK,medium,2023-10-18,2,0,0,0,0.1593,1125,1106,57,0.0515,0
MEM-JFK,medium,2023-10-19,3,0,0,0,0.0578,1314,1271,52,0.0409,0
MEM-JFK,medium,2023-10-20,4,0,0,0,0.3322,1170,1130,48,0.0425,0
MEM-JFK,medium,2023-10-21,5,1,0,0,0.1852,711,697,47,0.0674,0
MEM-JFK,medium,2023-10-22,6,1,0,0,0.0057,601,579,39,0.0674,0
MEM-JFK,medium,2023-10-23,0,0,0,0,0.0244,1566,1511,70,0.0463,0
MEM-JFK,medium,2023-10-24,1,0,0,0,0.3056,1306,1265,61,0.0482,0
MEM-JFK,medium,2023-10-25,2,0,0,0,0.0,1374,1353,55,0.0407,0
MEM-JFK,medium,2023-10-26,3,0,0,0,0.0961,1300,1261,47,0.0373,0
MEM-JFK,medium,2023-10-27,4,0,0,0,0.2032,1295,1248,54,0.0433,0
MEM-JFK,medium,2023-10-28,5,1,0,0,0.0605,714,693,55,0.0794,0
MEM-JFK,medium,2023-10-29,6,1,0,0,0.0373,648,625,45,0.072,0
MEM-JFK,medium,2023-10-30,0,0,0,0,0.1832,1186,1167,57,0.0488,0
MEM-JFK,medium,2023-10-31,1,0,0,0,0.1583,1580,1546,72,0.0466,0
MEM-JFK,medium,2023-11-01,2,0,0,0,0.0,1027,989,55,0.0556,0
MEM-JFK,medium,2023-11-02,3,0,0,0,0.2863,1336,1310,57,0.0435,0
MEM-JFK,medium,2023-11-03,4,0,0,0,0.0063,1531,1480,73,0.0493,0
MEM-JFK,medium,2023-11-04,5,1,0,0,0.3602,620,602,25,0.0415,0
MEM-JFK,medium,2023-11-05,6,1,0,0,0.0422,672,648,36,0.0556,0
MEM-JFK,medium,2023-11-06,0,0,0,0,0.2076,1311,1264,67,0.053,0
MEM-JFK,medium,2023-11-07,1,0,0,0,0.1032,1023,1007,37,0.0367,0
MEM-JFK,medium,2023-11-08,2,0,0,0,0.623,1290,1267,208,0.1642,1
MEM-JFK,medium,2023-11-09,3,0,0,0,0.8895,1274,1249,241,0.193,1
MEM-JFK,medium,2023-11-10,4,0,0,0,0.23,1235,1200,46,0.0383,0
MEM-JFK,medium,2023-11-11,5,1,1,0,0.1612,154,149,7,0.047,0
MEM-JFK,medium,2023-11-12,6,1,0,0,0.154,693,680,30,0.0441,0
MEM-JFK,medium,2023-11-13,0,0,0,0,0.2798,1268,1244,57,0.0458,0
MEM-JFK,medium,2023-11-14,1,0,0,0,0.128,1223,1199,59,0.0492,0
MEM-JFK,medium,2023-11-15,2,0,0,0,0.026,1437,1414,65,0.046,0
MEM-JFK,medium,2023-11-16,3,0,0,0,0.1909,1227,1199,51,0.0425,0
MEM-JFK,medium,2023-11-17,4,0,0,0,0.0236,1300,1258,56,0.0445,0
MEM-JFK,medium,2023-11-18,5,1,0,0,0.1472,718,702,39,0.0556,0
MEM-JFK,medium,2023-11-19,6,1,0,0,0.2341,767,741,43,0.058,0
MEM-JFK,medium,2023-11-20,0,0,0,1,0.1433,1802,1765,133,0.0754,0
MEM-JFK,medium,2023-11-21,1,0,0,1,0.1111,2044,1978,140,0.0708,0
MEM-JFK,medium,2023-11-22,2,0,0,1,0.1925,2179,2113,177,0.0838,0
MEM-JFK,medium,2023-11-23,3,0,0,1,0.2752,1874,1804,131,0.0726,0
MEM-JFK,medium,2023-11-24,4,0,0,1,0.1885,2020,1970,142,0.0721,0
MEM-JFK,medium,2023-11-25,5,1,0,1,0.1715,1318,1301,129,0.0992,0
MEM-JFK,medium,2023-11-26,6,1,0,1,0.0,1301,1258,120,0.0954,0
MEM-JFK,medium,2023-11-27,0,0,0,1,0.1913,2178,2119,163,0.0769,0
MEM-JFK,medium,2023-11-28,1,0,0,1,0.0169,2164,2117,149,0.0704,0
MEM-JFK,medium,2023-11-29,2,0,0,1,0.0517,2306,2258,186,0.0824,0
MEM-JFK,medium,2023-11-30,3,0,0,1,0.2211,1963,1914,135,0.0705,0
MEM-JFK,medium,2023-12-01,4,0,0,1,0.0,2016,1943,127,0.0654,0
MEM-JFK,medium,2023-12-02,5,1,0,1,0.1429,1134,1111,119,0.1071,0
MEM-JFK,medium,2023-12-03,6,1,0,1,0.1693,1213,1175,98,0.0834,0
MEM-JFK,medium,2023-12-04,0,0,0,1,0.1479,2554,2510,194,0.0773,0
MEM-JFK,medium,2023-12-05,1,0,0,1,0.2848,1841,1791,136,0.0759,0
MEM-JFK,medium,2023-12-06,2,0,0,1,0.2708,2022,1985,154,0.0776,0
MEM-JFK,medium,2023-12-07,3,0,0,1,0.0645,2166,2096,156,0.0744,0
MEM-JFK,medium,2023-12-08,4,0,0,1,0.0,2177,2125,176,0.0828,0
MEM-JFK,medium,2023-12-09,5,1,0,1,0.1902,1191,1153,115,0.0997,0
MEM-JFK,medium,2023-12-10,6,1,0,1,0.3009,1137,1119,97,0.0867,0
MEM-JFK,medium,2023-12-11,0,0,0,1,0.1044,2405,2340,176,0.0752,0
MEM-JFK,medium,2023-12-12,1,0,0,1,0.2218,2292,2213,149,0.0673,0
MEM-JFK,medium,2023-12-13,2,0,0,1,0.1519,2102,2042,141,0.069,0
MEM-JFK,medium,2023-12-14,3,0,0,1,0.1022,1835,1786,132,0.0739,0
MEM-JFK,medium,2023-12-15,4,0,0,1,0.1677,1888,1862,136,0.073,0
MEM-JFK,medium,2023-12-16,5,1,0,1,0.0437,1099,1077,98,0.091,0
MEM-JFK,medium,2023-12-17,6,1,0,1,0.3139,1159,1132,113,0.0998,0
MEM-JFK,medium,2023-12-18,0,0,0,1,0.1212,1978,1946,159,0.0817,0
MEM-JFK,medium,2023-12-19,1,0,0,1,0.1798,2391,2358,160,0.0679,0
MEM-JFK,medium,2023-12-20,2,0,0,1,0.2259,1877,1830,124,0.0678,0
MEM-JFK,medium,2023-12-21,3,0,0,1,0.3414,1992,1925,150,0.0779,0
MEM-JFK,medium,2023-12-22,4,0,0,1,0.0744,2041,1995,186,0.0932,0
MEM-JFK,medium,2023-12-23,5,1,0,1,0.0,1150,1134,105,0.0926,0
MEM-JFK,medium,2023-12-24,6,1,0,1,0.0299,1325,1275,119,0.0933,0
MEM-JFK,medium,2023-12-25,0,0,1,1,0.3074,499,481,40,0.0832,0
MEM-JFK,medium,2023-12-26,1,0,0,1,0.018,2244,2185,175,0.0801,0
MEM-JFK,medium,2023-12-27,2,0,0,0,0.0,1334,1299,62,0.0477,0
MEM-JFK,medium,2023-12-28,3,0,0,0,0.6532,1370,1338,148,0.1106,1
MEM-JFK,medium,2023-12-29,4,0,0,0,0.6552,1207,1172,149,0.1271,1
MEM-JFK,medium,2023-12-30,5,1,0,0,0.3473,873,858,52,0.0606,0
MEM-JFK,medium,2023-12-31,6,1,0,0,0.3018,692,681,40,0.0587,0
MEM-JFK,medium,2024-01-01,0,0,1,0,0.2635,348,340,12,0.0353,0
MEM-JFK,medium,2024-01-02,1,0,0,0,0.1969,1212,1169,45,0.0385,0
MEM-JFK,medium,2024-01-03,2,0,0,0,0.7032,1340,1308,176,0.1346,1
MEM-JFK,medium,2024-01-04,3,0,0,0,0.4385,1258,1239,167,0.1348,1
MEM-JFK,medium,2024-01-05,4,0,0,0,0.5966,1131,1096,143,0.1305,1
MEM-JFK,medium,2024-01-06,5,1,0,0,0.311,780,754,43,0.057,0
MEM-JFK,medium,2024-01-07,6,1,0,0,0.0237,836,808,37,0.0458,0
MEM-JFK,medium,2024-01-08,0,0,0,0,0.2685,1382,1360,52,0.0382,0
MEM-JFK,medium,2024-01-09,1,0,0,0,0.0067,1614,1568,65,0.0415,0
MEM-JFK,medium,2024-01-10,2,0,0,0,0.1001,1529,1506,77,0.0511,0
MEM-JFK,medium,2024-01-11,3,0,0,0,0.1142,1277,1237,58,0.0469,0
MEM-JFK,medium,2024-01-12,4,0,0,0,0.0,1407,1388,67,0.0483,0
MEM-JFK,medium,2024-01-13,5,1,0,0,0.1121,638,619,43,0.0695,0
MEM-JFK,medium,2024-01-14,6,1,0,0,0.3066,744,724,41,0.0566,0
MEM-JFK,medium,2024-01-15,0,0,0,0,0.0786,1047,1020,34,0.0333,0
MEM-JFK,medium,2024-01-16,1,0,0,0,0.148,1214,1188,50,0.0421,0
MEM-JFK,medium,2024-01-17,2,0,0,0,0.0,1473,1428,67,0.0469,0
MEM-JFK,medium,2024-01-18,3,0,0,0,0.0489,1175,1144,44,0.0385,0
MEM-JFK,medium,2024-01-19,4,0,0,0,0.3036,1447,1409,63,0.0447,0
MEM-JFK,medium,2024-01-20,5,1,0,0,0.2641,760,741,38,0.0513,0
MEM-JFK,medium,2024-01-21,6,1,0,0,0.3081,714,694,47,0.0677,0
MEM-JFK,medium,2024-01-22,0,0,0,0,0.1436,1278,1246,47,0.0377,0
MEM-JFK,medium,2024-01-23,1,0,0,0,0.1141,1119,1090,44,0.0404,0
MEM-JFK,medium,2024-01-24,2,0,0,0,0.2637,1209,1192,53,0.0445,0
MEM-JFK,medium,2024-01-25,3,0,0,0,0.2214,1228,1195,55,0.046,0
MEM-JFK,medium,2024-01-26,4,0,0,0,0.2606,1442,1392,66,0.0474,0
MEM-JFK,medium,2024-01-27,5,1,0,0,0.2157,707,697,32,0.0459,0
MEM-JFK,medium,2024-01-28,6,1,0,0,0.1824,654,633,36,0.0569,0
MEM-JFK,medium,2024-01-29,0,0,0,0,0.3228,1344,1308,48,0.0367,0
MEM-JFK,medium,2024-01-30,1,0,0,0,0.1676,1358,1327,64,0.0482,0
MEM-JFK,medium,2024-01-31,2,0,0,0,0.2733,1204,1181,59,0.05,0
MEM-JFK,medium,2024-02-01,3,0,0,0,0.1518,1296,1269,45,0.0355,0
MEM-JFK,medium,2024-02-02,4,0,0,0,0.0374,1395,1358,66,0.0486,0
MEM-JFK,medium,2024-02-03,5,1,0,0,0.0731,663,646,34,0.0526,0
MEM-JFK,medium,2024-02-04,6,1,0,0,0.3174,671,652,37,0.0567,0
MEM-JFK,medium,2024-02-05,0,0,0,0,0.1928,1403,1354,61,0.0451,0
MEM-JFK,medium,2024-02-06,1,0,0,0,0.4182,1435,1390,67,0.0482,0
MEM-JFK,medium,2024-02-07,2,0,0,0,0.095,1415,1383,50,0.0362,0
MEM-JFK,medium,2024-02-08,3,0,0,0,0.0982,1522,1466,68,0.0464,0
MEM-JFK,medium,2024-02-09,4,0,0,0,0.1408,1319,1287,62,0.0482,0
MEM-JFK,medium,2024-02-10,5,1,0,0,0.1597,624,603,31,0.0514,0
MEM-JFK,medium,2024-02-11,6,1,0,0,0.21,708,695,41,0.059,0
MEM-JFK,medium,2024-02-12,0,0,0,0,0.1143,1234,1218,58,0.0476,0
MEM-JFK,medium,2024-02-13,1,0,0,0,0.0944,1392,1354,56,0.0414,0
MEM-JFK,medium,2024-02-14,2,0,0,0,0.2861,1431,1397,63,0.0451,0
MEM-JFK,medium,2024-02-15,3,0,0,0,0.0,1442,1392,65,0.0467,0
MEM-JFK,medium,2024-02-16,4,0,0,0,0.1843,1199,1164,45,0.0387,0
MEM-JFK,medium,2024-02-17,5,1,0,0,0.0828,739,712,42,0.059,0
MEM-JFK,medium,2024-02-18,6,1,0,0,0.3022,759,744,43,0.0578,0
MEM-JFK,medium,2024-02-19,0,0,0,0,0.0826,1347,1302,70,0.0538,0
MEM-JFK,medium,2024-02-20,1,0,0,0,0.0,1270,1227,54,0.044,0
MEM-JFK,medium,2024-02-21,2,0,0,0,0.0152,994,979,40,0.0409,0
MEM-JFK,medium,2024-02-22,3,0,0,0,0.0869,1332,1295,60,0.0463,0
MEM-JFK,medium,2024-02-23,4,0,0,0,0.3383,1237,1216,59,0.0485,0
MEM-JFK,medium,2024-02-24,5,1,0,0,0.0421,661,647,42,0.0649,0
MEM-JFK,medium,2024-02-25,6,1,0,0,0.0938,740,716,44,0.0615,0
MEM-JFK,medium,2024-02-26,0,0,0,0,0.1062,1380,1338,49,0.0366,0
MEM-JFK,medium,2024-02-27,1,0,0,0,0.2713,1330,1286,56,0.0435,0
MEM-JFK,medium,2024-02-28,2,0,0,0,0.0327,1612,1588,64,0.0403,0
MEM-JFK,medium,2024-02-29,3,0,0,0,0.0468,1207,1164,62,0.0533,0
MEM-JFK,medium,2024-03-01,4,0,0,0,0.1575,1291,1254,68,0.0542,0
MEM-JFK,medium,2024-03-02,5,1,0,0,0.164,655,639,38,0.0595,0
MEM-JFK,medium,2024-03-03,6,1,0,0,0.0861,624,610,31,0.0508,0
MEM-JFK,medium,2024-03-04,0,0,0,0,0.3555,1229,1209,64,0.0529,0
MEM-JFK,medium,2024-03-05,1,0,0,0,0.5068,1125,1102,102,0.0926,1
MEM-JFK,medium,2024-03-06,2,0,0,0,0.1555,1454,1411,57,0.0404,0
MEM-JFK,medium,2024-03-07,3,0,0,0,0.1192,1228,1191,44,0.0369,0
MEM-JFK,medium,2024-03-08,4,0,0,0,0.2534,1402,1361,54,0.0397,0
MEM-JFK,medium,2024-03-09,5,1,0,0,0.2115,697,684,41,0.0599,0
MEM-JFK,medium,2024-03-10,6,1,0,0,0.0598,689,680,34,0.05,0
MEM-JFK,medium,2024-03-11,0,0,0,0,0.3106,1329,1305,56,0.0429,0
MEM-JFK,medium,2024-03-12,1,0,0,0,0.3514,1361,1324,65,0.0491,0
MEM-JFK,medium,2024-03-13,2,0,0,0,0.0,1060,1040,34,0.0327,0
MEM-JFK,medium,2024-03-14,3,0,0,0,0.0,1188,1155,58,0.0502,0
MEM-JFK,medium,2024-03-15,4,0,0,0,0.1603,1241,1197,52,0.0434,0
MEM-JFK,medium,2024-03-16,5,1,0,0,0.3317,714,696,34,0.0489,0
MEM-JFK,medium,2024-03-17,6,1,0,0,0.1177,651,633,33,0.0521,0
MEM-JFK,medium,2024-03-18,0,0,0,0,0.2486,1288,1269,64,0.0504,0
MEM-JFK,medium,2024-03-19,1,0,0,0,0.3189,1285,1257,52,0.0414,0
MEM-JFK,medium,2024-03-20,2,0,0,0,0.1333,1193,1153,46,0.0399,0
MEM-JFK,medium,2024-03-21,3,0,0,0,0.0471,1431,1404,50,0.0356,0
MEM-JFK,medium,2024-03-22,4,0,0,0,0.2298,1328,1302,58,0.0445,0
MEM-JFK,medium,2024-03-23,5,1,0,0,0.1667,660,641,44,0.0686,0
MEM-JFK,medium,2024-03-24,6,1,0,0,0.0629,705,684,38,0.0556,0
MEM-JFK,medium,2024-03-25,0,0,0,0,0.1137,1197,1175,48,0.0409,0
MEM-JFK,medium,2024-03-26,1,0,0,0,0.1265,1431,1384,62,0.0448,0
MEM-JFK,medium,2024-03-27,2,0,0,0,0.1682,1750,1697,78,0.046,0
MEM-JFK,medium,2024-03-28,3,0,0,0,0.4287,1465,1434,53,0.037,0
MEM-JFK,medium,2024-03-29,4,0,0,0,0.3099,1272,1248,54,0.0433,0
MEM-JFK,medium,2024-03-30,5,1,0,0,0.0,665,650,36,0.0554,0
MEM-JFK,medium,2024-03-31,6,1,0,0,0.1314,547,529,29,0.0548,0
MEM-JFK,medium,2024-04-01,0,0,0,0,0.1886,1327,1283,58,0.0452,0
MEM-JFK,medium,2024-04-02,1,0,0,0,0.0268,1406,1385,74,0.0534,0
MEM-JFK,medium,2024-04-03,2,0,0,0,0.194,1098,1068,42,0.0393,0
MEM-JFK,medium,2024-04-04,3,0,0,0,0.0861,1323,1301,69,0.053,0
MEM-JFK,medium,2024-04-05,4,0,0,0,0.234,1394,1355,65,0.048,0
MEM-JFK,medium,2024-04-06,5,1,0,0,0.1731,708,697,47,0.0674,0
MEM-JFK,medium,2024-04-07,6,1,0,0,0.3077,750,728,39,0.0536,0
MEM-JFK,medium,2024-04-08,0,0,0,0,0.1993,1556,1516,64,0.0422,0
MEM-JFK,medium,2024-04-09,1,0,0,0,0.1917,1350,1303,61,0.0468,0
MEM-JFK,medium,2024-04-10,2,0,0,0,0.2159,1511,1473,68,0.0462,0
MEM-JFK,medium,2024-04-11,3,0,0,0,0.1836,1404,1378,44,0.0319,0
MEM-JFK,medium,2024-04-12,4,0,0,0,0.1744,1372,1327,59,0.0445,0
MEM-JFK,medium,2024-04-13,5,1,0,0,0.1565,763,741,62,0.0837,0
MEM-JFK,medium,2024-04-14,6,1,0,0,0.0583,826,815,47,0.0577,0
MEM-JFK,medium,2024-04-15,0,0,0,0,0.2437,1232,1190,62,0.0521,0
MEM-JFK,medium,2024-04-16,1,0,0,0,0.0857,1422,1404,64,0.0456,0
MEM-JFK,medium,2024-04-17,2,0,0,0,0.2533,1522,1473,74,0.0502,0
MEM-JFK,medium,2024-04-18,3,0,0,0,0.2624,1315,1272,65,0.0511,0
MEM-JFK,medium,2024-04-19,4,0,0,0,0.3303,1544,1504,63,0.0419,0
MEM-JFK,medium,2024-04-20,5,1,0,0,0.1797,671,652,43,0.066,0
MEM-JFK,medium,2024-04-21,6,1,0,0,0.176,691,672,35,0.0521,0
MEM-JFK,medium,2024-04-22,0,0,0,0,0.2752,1446,1418,57,0.0402,0
MEM-JFK,medium,2024-04-23,1,0,0,0,0.218,1207,1164,37,0.0318,0
MEM-JFK,medium,2024-04-24,2,0,0,0,0.0,1157,1142,53,0.0464,0
MEM-JFK,medium,2024-04-25,3,0,0,0,0.2243,1310,1272,66,0.0519,0
MEM-JFK,medium,2024-04-26,4,0,0,0,0.2048,1200,1168,44,0.0377,0
MEM-JFK,medium,2024-04-27,5,1,0,0,0.2718,761,749,30,0.0401,0
MEM-JFK,medium,2024-04-28,6,1,0,0,0.0224,658,649,44,0.0678,0
MEM-JFK,medium,2024-04-29,0,0,0,0,0.0,1464,1427,65,0.0456,0
MEM-JFK,medium,2024-04-30,1,0,0,0,0.1657,1268,1225,51,0.0416,0
MEM-JFK,medium,2024-05-01,2,0,0,0,0.1785,1101,1065,36,0.0338,0
MEM-JFK,medium,2024-05-02,3,0,0,0,0.2799,1326,1298,72,0.0555,0
MEM-JFK,medium,2024-05-03,4,0,0,0,0.2774,1165,1148,35,0.0305,0
MEM-JFK,medium,2024-05-04,5,1,0,0,0.1576,593,571,24,0.042,0
MEM-JFK,medium,2024-05-05,6,1,0,0,0.077,753,731,52,0.0711,0
MEM-JFK,medium,2024-05-06,0,0,0,0,0.192,1620,1579,65,0.0412,0
MEM-JFK,medium,2024-05-07,1,0,0,0,0.2222,1288,1261,54,0.0428,0
MEM-JFK,medium,2024-05-08,2,0,0,0,0.009,1236,1195,62,0.0519,0
MEM-JFK,medium,2024-05-09,3,0,0,0,0.29,1097,1082,47,0.0434,0
MEM-JFK,medium,2024-05-10,4,0,0,0,0.0,1153,1132,55,0.0486,0
MEM-JFK,medium,2024-05-11,5,1,0,0,0.2076,672,653,43,0.0658,0
MEM-JFK,medium,2024-05-12,6,1,0,0,0.2524,653,633,35,0.0553,0
MEM-JFK,medium,2024-05-13,0,0,0,0,0.2379,1284,1244,50,0.0402,0
MEM-JFK,medium,2024-05-14,1,0,0,0,0.068,1356,1320,65,0.0492,0
MEM-JFK,medium,2024-05-15,2,0,0,0,0.2622,1332,1302,74,0.0568,0
MEM-JFK,medium,2024-05-16,3,0,0,0,0.1361,1324,1302,50,0.0384,0
MEM-JFK,medium,2024-05-17,4,0,0,0,0.0,1400,1377,55,0.0399,0
MEM-JFK,medium,2024-05-18,5,1,0,0,0.7762,646,624,110,0.1763,1
MEM-JFK,medium,2024-05-19,6,1,0,0,0.5172,807,777,193,0.2484,1
MEM-JFK,medium,2024-05-20,0,0,0,0,0.1691,1430,1410,63,0.0447,0
MEM-JFK,medium,2024-05-21,1,0,0,0,0.0881,1264,1246,50,0.0401,0
MEM-JFK,medium,2024-05-22,2,0,0,0,0.0386,1418,1387,77,0.0555,0
MEM-JFK,medium,2024-05-23,3,0,0,0,0.2596,1440,1412,70,0.0496,0
MEM-JFK,medium,2024-05-24,4,0,0,0,0.0,1330,1291,62,0.048,0
MEM-JFK,medium,2024-05-25,5,1,0,0,0.1125,845,833,47,0.0564,0
MEM-JFK,medium,2024-05-26,6,1,0,0,0.141,642,626,35,0.0559,0
MEM-JFK,medium,2024-05-27,0,0,0,0,0.7906,1184,1163,239,0.2055,1
MEM-JFK,medium,2024-05-28,1,0,0,0,0.7134,1266,1227,229,0.1866,1
MEM-JFK,medium,2024-05-29,2,0,0,0,0.1169,1216,1196,51,0.0426,0
MEM-JFK,medium,2024-05-30,3,0,0,0,0.1296,1378,1330,42,0.0316,0
MEM-JFK,medium,2024-05-31,4,0,0,0,0.3667,1402,1375,62,0.0451,0
MEM-JFK,medium,2024-06-01,5,1,0,0,0.0909,675,660,38,0.0576,0
MEM-JFK,medium,2024-06-02,6,1,0,0,0.2585,835,804,49,0.0609,0
MEM-JFK,medium,2024-06-03,0,0,0,0,0.1515,1307,1283,49,0.0382,0
MEM-JFK,medium,2024-06-04,1,0,0,0,0.1179,1358,1320,55,0.0417,0
MEM-JFK,medium,2024-06-05,2,0,0,0,0.044,1504,1475,69,0.0468,0
MEM-JFK,medium,2024-06-06,3,0,0,0,0.0,1380,1351,62,0.0459,0
MEM-JFK,medium,2024-06-07,4,0,0,0,0.2344,1588,1532,88,0.0574,0
MEM-JFK,medium,2024-06-08,5,1,0,0,0.1681,730,715,45,0.0629,0
MEM-JFK,medium,2024-06-09,6,1,0,0,0.2514,826,813,48,0.059,0
MEM-JFK,medium,2024-06-10,0,0,0,0,0.0178,1353,1330,56,0.0421,0
MEM-JFK,medium,2024-06-11,1,0,0,0,0.144,1231,1202,61,0.0507,0
MEM-JFK,medium,2024-06-12,2,0,0,0,0.0,1422,1382,67,0.0485,0
MEM-JFK,medium,2024-06-13,3,0,0,0,0.198,1153,1129,44,0.039,0
MEM-JFK,medium,2024-06-14,4,0,0,0,0.2888,1297,1264,59,0.0467,0
MEM-JFK,medium,2024-06-15,5,1,0,0,0.2939,691,674,35,0.0519,0
MEM-JFK,medium,2024-06-16,6,1,0,0,0.152,627,604,34,0.0563,0
MEM-JFK,medium,2024-06-17,0,0,0,0,0.3059,1520,1476,80,0.0542,0
MEM-JFK,medium,2024-06-18,1,0,0,0,0.3851,1286,1245,44,0.0353,0
MEM-JFK,medium,2024-06-19,2,0,0,0,0.2515,1261,1220,51,0.0418,0
MEM-JFK,medium,2024-06-20,3,0,0,0,0.342,1434,1393,67,0.0481,0
MEM-JFK,medium,2024-06-21,4,0,0,0,0.0798,1255,1215,53,0.0436,0
MEM-JFK,medium,2024-06-22,5,1,0,0,0.1194,692,681,47,0.069,0
MEM-JFK,medium,2024-06-23,6,1,0,0,0.3978,661,639,33,0.0516,0
MEM-JFK,medium,2024-06-24,0,0,0,0,0.2344,1383,1365,66,0.0484,0
MEM-JFK,medium,2024-06-25,1,0,0,0,0.1874,1088,1054,48,0.0455,0
MEM-JFK,medium,2024-06-26,2,0,0,0,0.1559,1210,1189,42,0.0353,0
MEM-JFK,medium,2024-06-27,3,0,0,0,0.0287,1236,1215,56,0.0461,0
MEM-JFK,medium,2024-06-28,4,0,0,0,0.2086,1219,1196,46,0.0385,0
MEM-JFK,medium,2024-06-29,5,1,0,0,0.0,795,770,36,0.0468,0
MEM-JFK,medium,2024-06-30,6,1,0,0,0.2159,652,634,45,0.071,0
MEM-JFK,medium,2024-07-01,0,0,0,0,0.0,1167,1130,55,0.0487,0
MEM-JFK,medium,2024-07-02,1,0,0,0,0.1973,1369,1332,56,0.042,0
MEM-JFK,medium,2024-07-03,2,0,0,0,0.1038,1293,1255,51,0.0406,0
MEM-JFK,medium,2024-07-04,3,0,1,0,0.6943,308,298,41,0.1376,1
MEM-JFK,medium,2024-07-05,4,0,0,0,0.813,1300,1275,203,0.1592,1
MEM-JFK,medium,2024-07-06,5,1,0,0,0.7868,687,678,172,0.2537,1
MEM-JFK,medium,2024-07-07,6,1,0,0,0.138,764,742,35,0.0472,0
MEM-JFK,medium,2024-07-08,0,0,0,0,0.1296,988,973,34,0.0349,0
MEM-JFK,medium,2024-07-09,1,0,0,0,0.2711,1473,1454,78,0.0536,0
MEM-JFK,medium,2024-07-10,2,0,0,0,0.2463,1158,1124,46,0.0409,0
MEM-JFK,medium,2024-07-11,3,0,0,0,0.0608,1384,1347,65,0.0483,0
MEM-JFK,medium,2024-07-12,4,0,0,0,0.087,1341,1298,55,0.0424,0
MEM-JFK,medium,2024-07-13,5,1,0,0,0.2408,758,733,43,0.0587,0
MEM-JFK,medium,2024-07-14,6,1,0,0,0.1667,646,630,29,0.046,0
MEM-JFK,medium,2024-07-15,0,0,0,0,0.0,1108,1081,51,0.0472,0
MEM-JFK,medium,2024-07-16,1,0,0,0,0.1748,1148,1129,52,0.0461,0
MEM-JFK,medium,2024-07-17,2,0,0,0,0.1369,1429,1382,57,0.0412,0
MEM-JFK,medium,2024-07-18,3,0,0,0,0.0289,1119,1086,36,0.0331,0
MEM-JFK,medium,2024-07-19,4,0,0,0,0.146,1336,1304,61,0.0468,0
MEM-JFK,medium,2024-07-20,5,1,0,0,0.0,739,728,37,0.0508,0
MEM-JFK,medium,2024-07-21,6,1,0,0,0.0,930,909,51,0.0561,0
MEM-JFK,medium,2024-07-22,0,0,0,0,0.0758,1600,1543,72,0.0467,0
MEM-JFK,medium,2024-07-23,1,0,0,0,0.1174,1267,1234,46,0.0373,0
MEM-JFK,medium,2024-07-24,2,0,0,0,0.0,1247,1207,51,0.0423,0
MEM-JFK,medium,2024-07-25,3,0,0,0,0.302,1133,1108,54,0.0487,0
MEM-JFK,medium,2024-07-26,4,0,0,0,0.0067,1310,1289,56,0.0434,0
MEM-JFK,medium,2024-07-27,5,1,0,0,0.1604,781,763,53,0.0695,0
MEM-JFK,medium,2024-07-28,6,1,0,0,0.0054,782,760,37,0.0487,0
MEM-JFK,medium,2024-07-29,0,0,0,0,0.2591,1318,1291,50,0.0387,0
MEM-JFK,medium,2024-07-30,1,0,0,0,0.2334,1158,1143,54,0.0472,0
MEM-JFK,medium,2024-07-31,2,0,0,0,0.1905,1234,1216,48,0.0395,0
MEM-JFK,medium,2024-08-01,3,0,0,0,0.0,1311,1286,64,0.0498,0
MEM-JFK,medium,2024-08-02,4,0,0,0,0.099,1434,1387,59,0.0425,0
MEM-JFK,medium,2024-08-03,5,1,0,0,0.1513,620,598,32,0.0535,0
MEM-JFK,medium,2024-08-04,6,1,0,0,0.2381,675,660,36,0.0545,0
MEM-JFK,medium,2024-08-05,0,0,0,0,0.2474,1055,1017,45,0.0442,0
MEM-JFK,medium,2024-08-06,1,0,0,0,0.0988,1462,1410,49,0.0348,0
MEM-JFK,medium,2024-08-07,2,0,0,0,0.018,1265,1220,55,0.0451,0
MEM-JFK,medium,2024-08-08,3,0,0,0,0.1058,1410,1382,68,0.0492,0
MEM-JFK,medium,2024-08-09,4,0,0,0,0.2612,1330,1291,58,0.0449,0
MEM-JFK,medium,2024-08-10,5,1,0,0,0.0693,751,727,37,0.0509,0
MEM-JFK,medium,2024-08-11,6,1,0,0,0.2463,795,767,43,0.0561,0
MEM-JFK,medium,2024-08-12,0,0,0,0,0.2003,1082,1046,38,0.0363,0
MEM-JFK,medium,2024-08-13,1,0,0,0,0.2583,1292,1264,57,0.0451,0
MEM-JFK,medium,2024-08-14,2,0,0,0,0.0336,1263,1232,54,0.0438,0
MEM-JFK,medium,2024-08-15,3,0,0,0,0.319,1381,1344,70,0.0521,0
MEM-JFK,medium,2024-08-16,4,0,0,0,0.1283,1277,1246,55,0.0441,0
MEM-JFK,medium,2024-08-17,5,1,0,0,0.001,714,695,35,0.0504,0
MEM-JFK,medium,2024-08-18,6,1,0,0,0.2143,786,769,48,0.0624,0
MEM-JFK,medium,2024-08-19,0,0,0,0,0.3123,1167,1130,48,0.0425,0
MEM-JFK,medium,2024-08-20,1,0,0,0,0.2276,1078,1055,38,0.036,0
MEM-JFK,medium,2024-08-21,2,0,0,0,0.0057,1416,1378,60,0.0435,0
MEM-JFK,medium,2024-08-22,3,0,0,0,0.039,1197,1174,62,0.0528,0
MEM-JFK,medium,2024-08-23,4,0,0,0,0.0,1310,1263,47,0.0372,0
MEM-JFK,medium,2024-08-24,5,1,0,0,0.0,692,679,38,0.056,0
MEM-JFK,medium,2024-08-25,6,1,0,0,0.0507,727,711,41,0.0577,0
MEM-JFK,medium,2024-08-26,0,0,0,0,0.008,1379,1351,59,0.0437,0
MEM-JFK,medium,2024-08-27,1,0,0,0,0.0,1344,1315,56,0.0426,0
MEM-JFK,medium,2024-08-28,2,0,0,0,0.2043,1229,1204,54,0.0449,0
MEM-JFK,medium,2024-08-29,3,0,0,0,0.1407,1222,1198,53,0.0442,0
MEM-JFK,medium,2024-08-30,4,0,0,0,0.2159,1387,1357,60,0.0442,0
MEM-JFK,medium,2024-08-31,5,1,0,0,0.1111,710,686,50,0.0729,0
MEM-JFK,medium,2024-09-01,6,1,0,0,0.1241,796,767,46,0.06,0
MEM-JFK,medium,2024-09-02,0,0,0,0,0.3485,1161,1143,45,0.0394,0
MEM-JFK,medium,2024-09-03,1,0,0,0,0.4072,1298,1272,64,0.0503,0
MEM-JFK,medium,2024-09-04,2,0,0,0,0.0059,1375,1354,66,0.0487,0
MEM-JFK,medium,2024-09-05,3,0,0,0,0.1874,1291,1246,57,0.0457,0
MEM-JFK,medium,2024-09-06,4,0,0,0,0.0,1391,1356,53,0.0391,0
MEM-JFK,medium,2024-09-07,5,1,0,0,0.3162,693,679,27,0.0398,0
MEM-JFK,medium,2024-09-08,6,1,0,0,0.0642,700,677,40,0.0591,0
MEM-JFK,medium,2024-09-09,0,0,0,0,0.0527,1190,1169,48,0.0411,0
MEM-JFK,medium,2024-09-10,1,0,0,0,0.2373,1146,1106,44,0.0398,0
MEM-JFK,medium,2024-09-11,2,0,0,0,0.2257,1170,1132,46,0.0406,0
MEM-JFK,medium,2024-09-12,3,0,0,0,0.2792,1336,1318,53,0.0402,0
MEM-JFK,medium,2024-09-13,4,0,0,0,0.1058,1090,1057,49,0.0464,0
MEM-JFK,medium,2024-09-14,5,1,0,0,0.0403,688,668,41,0.0614,0
MEM-JFK,medium,2024-09-15,6,1,0,0,0.0588,613,605,39,0.0645,0
MEM-JFK,medium,2024-09-16,0,0,0,0,0.1557,1383,1357,64,0.0472,0
MEM-JFK,medium,2024-09-17,1,0,0,0,0.2177,1230,1192,57,0.0478,0
MEM-JFK,medium,2024-09-18,2,0,0,0,0.251,1503,1481,62,0.0419,0
MEM-JFK,medium,2024-09-19,3,0,0,0,0.1257,1328,1303,63,0.0483,0
MEM-JFK,medium,2024-09-20,4,0,0,0,0.2314,1146,1126,47,0.0417,0
MEM-JFK,medium,2024-09-21,5,1,0,0,0.0218,787,770,48,0.0623,0
MEM-JFK,medium,2024-09-22,6,1,0,0,0.1258,675,653,33,0.0505,0
MEM-JFK,medium,2024-09-23,0,0,0,0,0.4127,1318,1293,49,0.0379,0
MEM-JFK,medium,2024-09-24,1,0,0,0,0.0334,1262,1217,65,0.0534,0
MEM-JFK,medium,2024-09-25,2,0,0,0,0.1252,1260,1214,60,0.0494,0
MEM-JFK,medium,2024-09-26,3,0,0,0,0.0826,1188,1171,68,0.0581,0
MEM-JFK,medium,2024-09-27,4,0,0,0,0.0353,1222,1186,55,0.0464,0
MEM-JFK,medium,2024-09-28,5,1,0,0,0.0,810,785,53,0.0675,0
MEM-JFK,medium,2024-09-29,6,1,0,0,0.2812,898,873,52,0.0596,0
MEM-JFK,medium,2024-09-30,0,0,0,0,0.2351,1188,1151,52,0.0452,0
MEM-JFK,medium,2024-10-01,1,0,0,0,0.0987,1325,1286,70,0.0544,0
MEM-JFK,medium,2024-10-02,2,0,0,0,0.3064,1453,1402,56,0.0399,0
MEM-JFK,medium,2024-10-03,3,0,0,0,0.127,1345,1323,61,0.0461,0
MEM-JFK,medium,2024-10-04,4,0,0,0,0.0796,1236,1202,53,0.0441,0
MEM-JFK,medium,2024-10-05,5,1,0,0,0.0669,774,760,47,0.0618,0
MEM-JFK,medium,2024-10-06,6,1,0,0,0.266,864,847,56,0.0661,0
MEM-JFK,medium,2024-10-07,0,0,0,0,0.2732,1231,1207,59,0.0489,0
MEM-JFK,medium,2024-10-08,1,0,0,0,0.0,1128,1100,43,0.0391,0
MEM-JFK,medium,2024-10-09,2,0,0,0,0.2238,1205,1185,52,0.0439,0
MEM-JFK,medium,2024-10-10,3,0,0,0,0.2202,1254,1221,60,0.0491,0
MEM-JFK,medium,2024-10-11,4,0,0,0,0.4163,1312,1279,65,0.0508,0
MEM-JFK,medium,2024-10-12,5,1,0,0,0.2114,710,686,38,0.0554,0
MEM-JFK,medium,2024-10-13,6,1,0,0,0.0,626,611,28,0.0458,0
MEM-JFK,medium,2024-10-14,0,0,0,0,0.0803,1651,1602,65,0.0406,0
MEM-JFK,medium,2024-10-15,1,0,0,0,0.0616,1342,1292,58,0.0449,0
MEM-JFK,medium,2024-10-16,2,0,0,0,0.0928,1147,1120,51,0.0455,0
MEM-JFK,medium,2024-10-17,3,0,0,0,0.0993,1311,1275,53,0.0416,0
MEM-JFK,medium,2024-10-18,4,0,0,0,0.0,1475,1439,59,0.041,0
MEM-JFK,medium,2024-10-19,5,1,0,0,0.0,793,772,45,0.0583,0
MEM-JFK,medium,2024-10-20,6,1,0,0,0.1483,686,673,38,0.0565,0
MEM-JFK,medium,2024-10-21,0,0,0,0,0.0209,1339,1293,45,0.0348,0
MEM-JFK,medium,2024-10-22,1,0,0,0,0.141,1091,1055,39,0.037,0
MEM-JFK,medium,2024-10-23,2,0,0,0,0.0909,1326,1278,60,0.0469,0
MEM-JFK,medium,2024-10-24,3,0,0,0,0.1725,1446,1397,57,0.0408,0
MEM-JFK,medium,2024-10-25,4,0,0,0,0.1233,1305,1271,49,0.0386,0
MEM-JFK,medium,2024-10-26,5,1,0,0,0.0,690,679,45,0.0663,0
MEM-JFK,medium,2024-10-27,6,1,0,0,0.0,764,744,42,0.0565,0
MEM-JFK,medium,2024-10-28,0,0,0,0,0.2435,1424,1394,59,0.0423,0
MEM-JFK,medium,2024-10-29,1,0,0,0,0.2657,1387,1369,62,0.0453,0
MEM-JFK,medium,2024-10-30,2,0,0,0,0.2136,1396,1346,59,0.0438,0
MEM-JFK,medium,2024-10-31,3,0,0,0,0.0972,1579,1553,78,0.0502,0
MEM-JFK,medium,2024-11-01,4,0,0,0,0.2103,1222,1194,60,0.0503,0
MEM-JFK,medium,2024-11-02,5,1,0,0,0.1657,627,604,21,0.0348,0
MEM-JFK,medium,2024-11-03,6,1,0,0,0.4516,662,639,36,0.0563,0
MEM-JFK,medium,2024-11-04,0,0,0,0,0.0,1318,1284,45,0.035,0
MEM-JFK,medium,2024-11-05,1,0,0,0,0.1401,1146,1110,45,0.0405,0
MEM-JFK,medium,2024-11-06,2,0,0,0,0.1242,1150,1113,45,0.0404,0
MEM-JFK,medium,2024-11-07,3,0,0,0,0.0,1323,1292,54,0.0418,0
MEM-JFK,medium,2024-11-08,4,0,0,0,0.1177,1503,1447,67,0.0463,0
MEM-JFK,medium,2024-11-09,5,1,0,0,0.1019,685,674,44,0.0653,0
MEM-JFK,medium,2024-11-10,6,1,0,0,0.2033,712,698,36,0.0516,0
MEM-JFK,medium,2024-11-11,0,0,1,0,0.2659,368,356,17,0.0478,0
MEM-JFK,medium,2024-11-12,1,0,0,0,0.1523,1258,1240,55,0.0444,0
MEM-JFK,medium,2024-11-13,2,0,0,0,0.0836,1577,1557,61,0.0392,0
MEM-JFK,medium,2024-11-14,3,0,0,0,0.3944,1582,1555,51,0.0328,0
MEM-JFK,medium,2024-11-15,4,0,0,0,0.0,1351,1326,64,0.0483,0
MEM-JFK,medium,2024-11-16,5,1,0,0,0.1002,585,566,28,0.0495,0
MEM-JFK,medium,2024-11-17,6,1,0,0,0.264,711,687,38,0.0553,0
MEM-JFK,medium,2024-11-18,0,0,0,0,0.2447,1353,1325,56,0.0423,0
MEM-JFK,medium,2024-11-19,1,0,0,0,0.2037,1283,1259,57,0.0453,0
MEM-JFK,medium,2024-11-20,2,0,0,1,0.0,2221,2178,175,0.0803,0
MEM-JFK,medium,2024-11-21,3,0,0,1,0.1152,1956,1925,153,0.0795,0
MEM-JFK,medium,2024-11-22,4,0,0,1,0.191,1924,1853,167,0.0901,0
MEM-JFK,medium,2024-11-23,5,1,0,1,0.2797,1341,1307,126,0.0964,0
MEM-JFK,medium,2024-11-24,6,1,0,1,0.2916,1062,1028,104,0.1012,0
MEM-JFK,medium,2024-11-25,0,0,0,1,0.129,1857,1830,131,0.0716,0
MEM-JFK,medium,2024-11-26,1,0,0,1,0.0,2076,2032,138,0.0679,0
MEM-JFK,medium,2024-11-27,2,0,0,1,0.089,1876,1830,125,0.0683,0
MEM-JFK,medium,2024-11-28,3,0,0,1,0.257,2111,2034,176,0.0865,0
MEM-JFK,medium,2024-11-29,4,0,0,1,0.8318,1833,1800,574,0.3189,1
MEM-JFK,medium,2024-11-30,5,1,0,1,0.635,1185,1152,321,0.2786,1
MEM-JFK,medium,2024-12-01,6,1,0,1,0.927,1138,1107,260,0.2349,1
MEM-JFK,medium,2024-12-02,0,0,0,1,0.3909,2057,2003,172,0.0859,0
MEM-JFK,medium,2024-12-03,1,0,0,1,0.0405,2564,2488,192,0.0772,0
MEM-JFK,medium,2024-12-04,2,0,0,1,0.3013,1857,1816,135,0.0743,0
MEM-JFK,medium,2024-12-05,3,0,0,1,0.183,2256,2226,163,0.0732,0
MEM-JFK,medium,2024-12-06,4,0,0,1,0.2928,1891,1842,135,0.0733,0
MEM-JFK,medium,2024-12-07,5,1,0,1,0.1563,1225,1186,123,0.1037,0
MEM-JFK,medium,2024-12-08,6,1,0,1,0.0,1051,1023,98,0.0958,0
MEM-JFK,medium,2024-12-09,0,0,0,1,0.0965,2077,2029,164,0.0808,0
MEM-JFK,medium,2024-12-10,1,0,0,1,0.1916,1927,1894,130,0.0686,0
MEM-JFK,medium,2024-12-11,2,0,0,1,0.6063,1473,1450,502,0.3462,1
MEM-JFK,medium,2024-12-12,3,0,0,1,0.5934,1830,1781,514,0.2886,1
MEM-JFK,medium,2024-12-13,4,0,0,1,0.1081,1958,1929,137,0.071,0
MEM-JFK,medium,2024-12-14,5,1,0,1,0.0779,1334,1300,114,0.0877,0
MEM-JFK,medium,2024-12-15,6,1,0,1,0.1235,1090,1075,109,0.1014,0
MEM-JFK,medium,2024-12-16,0,0,0,1,0.1196,1921,1878,138,0.0735,0
MEM-JFK,medium,2024-12-17,1,0,0,1,0.6994,2006,1955,493,0.2522,1
MEM-JFK,medium,2024-12-18,2,0,0,1,0.5915,2122,2046,409,0.1999,1
MEM-JFK,medium,2024-12-19,3,0,0,1,0.7034,1741,1691,306,0.181,1
MEM-JFK,medium,2024-12-20,4,0,0,1,0.1259,2379,2315,167,0.0721,0
MEM-JFK,medium,2024-12-21,5,1,0,1,0.105,1042,1014,94,0.0927,0
MEM-JFK,medium,2024-12-22,6,1,0,1,0.1231,982,962,121,0.1258,0
MEM-JFK,medium,2024-12-23,0,0,0,1,0.0916,2215,2180,182,0.0835,0
MEM-JFK,medium,2024-12-24,1,0,0,1,0.2002,2307,2241,155,0.0692,0
MEM-JFK,medium,2024-12-25,2,0,1,1,0.0906,592,577,39,0.0676,0
MEM-JFK,medium,2024-12-26,3,0,0,1,0.0983,2062,2023,159,0.0786,0
MEM-JFK,medium,2024-12-27,4,0,0,0,0.2023,1283,1265,51,0.0403,0
MEM-JFK,medium,2024-12-28,5,1,0,0,0.0563,680,667,28,0.042,0
MEM-JFK,medium,2024-12-29,6,1,0,0,0.2056,771,761,41,0.0539,0
MEM-JFK,medium,2024-12-30,0,0,0,0,0.0926,1554,1519,57,0.0375,0
MEM-JFK,medium,2024-12-31,1,0,0,0,0.342,1187,1161,52,0.0448,0
MEM-JFK,medium,2025-01-01,2,0,1,0,0.328,287,283,7,0.0247,0
MEM-JFK,medium,2025-01-02,3,0,0,0,0.0,1428,1405,61,0.0434,0
MEM-JFK,medium,2025-01-03,4,0,0,0,0.1966,1161,1140,44,0.0386,0
MEM-JFK,medium,2025-01-04,5,1,0,0,0.0502,870,855,58,0.0678,0
MEM-JFK,medium,2025-01-05,6,1,0,0,0.2049,742,726,42,0.0579,0
MEM-JFK,medium,2025-01-06,0,0,0,0,0.2529,1173,1154,69,0.0598,0
MEM-JFK,medium,2025-01-07,1,0,0,0,0.0,1334,1294,54,0.0417,0
MEM-JFK,medium,2025-01-08,2,0,0,0,0.0463,1420,1375,58,0.0422,0
MEM-JFK,medium,2025-01-09,3,0,0,0,0.216,1146,1128,50,0.0443,0
MEM-JFK,medium,2025-01-10,4,0,0,0,0.0901,1347,1309,66,0.0504,0
MEM-JFK,medium,2025-01-11,5,1,0,0,0.0,673,652,43,0.066,0
MEM-JFK,medium,2025-01-12,6,1,0,0,0.3578,615,602,33,0.0548,0
MEM-JFK,medium,2025-01-13,0,0,0,0,0.0951,1146,1109,56,0.0505,0
MEM-JFK,medium,2025-01-14,1,0,0,0,0.0,1208,1190,56,0.0471,0
MEM-JFK,medium,2025-01-15,2,0,0,0,0.234,1458,1436,61,0.0425,0
MEM-JFK,medium,2025-01-16,3,0,0,0,0.0427,1316,1285,54,0.042,0
MEM-JFK,medium,2025-01-17,4,0,0,0,0.1254,1193,1160,49,0.0422,0
MEM-JFK,medium,2025-01-18,5,1,0,0,0.1982,702,680,34,0.05,0
MEM-JFK,medium,2025-01-19,6,1,0,0,0.0,606,591,37,0.0626,0
MEM-JFK,medium,2025-01-20,0,0,0,0,0.0,1374,1329,57,0.0429,0
MEM-JFK,medium,2025-01-21,1,0,0,0,0.0978,1542,1504,70,0.0465,0
MEM-JFK,medium,2025-01-22,2,0,0,0,0.202,1318,1290,61,0.0473,0
MEM-JFK,medium,2025-01-23,3,0,0,0,0.0726,1316,1273,51,0.0401,0
MEM-JFK,medium,2025-01-24,4,0,0,0,0.037,1272,1250,50,0.04,0
MEM-JFK,medium,2025-01-25,5,1,0,0,0.2868,614,602,36,0.0598,0
MEM-JFK,medium,2025-01-26,6,1,0,0,0.0,818,801,44,0.0549,0
MEM-JFK,medium,2025-01-27,0,0,0,0,0.1211,1381,1349,57,0.0423,0
MEM-JFK,medium,2025-01-28,1,0,0,0,0.0334,1378,1351,66,0.0489,0
MEM-JFK,medium,2025-01-29,2,0,0,0,0.0726,1316,1294,53,0.041,0
MEM-JFK,medium,2025-01-30,3,0,0,0,0.0699,1484,1450,66,0.0455,0
MEM-JFK,medium,2025-01-31,4,0,0,0,0.3036,1424,1372,64,0.0466,0
MEM-JFK,medium,2025-02-01,5,1,0,0,0.0109,527,517,33,0.0638,0
MEM-JFK,medium,2025-02-02,6,1,0,0,0.2858,680,658,41,0.0623,0
MEM-JFK,medium,2025-02-03,0,0,0,0,0.0,1243,1208,49,0.0406,0
MEM-JFK,medium,2025-02-04,1,0,0,0,0.0997,1325,1292,51,0.0395,0
MEM-JFK,medium,2025-02-05,2,0,0,0,0.0635,1296,1269,69,0.0544,0
MEM-JFK,medium,2025-02-06,3,0,0,0,0.1959,1151,1132,57,0.0504,0
MEM-JFK,medium,2025-02-07,4,0,0,0,0.07,1197,1157,49,0.0424,0
MEM-JFK,medium,2025-02-08,5,1,0,0,0.2724,657,643,31,0.0482,0
MEM-JFK,medium,2025-02-09,6,1,0,0,0.0939,561,550,38,0.0691,0
MEM-JFK,medium,2025-02-10,0,0,0,0,0.148,1142,1111,47,0.0423,0
MEM-JFK,medium,2025-02-11,1,0,0,0,0.0,1322,1304,64,0.0491,0
MEM-JFK,medium,2025-02-12,2,0,0,0,0.3298,1340,1314,53,0.0403,0
MEM-JFK,medium,2025-02-13,3,0,0,0,0.2862,1199,1164,53,0.0455,0
MEM-JFK,medium,2025-02-14,4,0,0,0,0.0974,1188,1150,50,0.0435,0
MEM-JFK,medium,2025-02-15,5,1,0,0,0.1467,838,811,58,0.0715,0
MEM-JFK,medium,2025-02-16,6,1,0,0,0.0,708,688,32,0.0465,0
MEM-JFK,medium,2025-02-17,0,0,0,0,0.3472,1243,1221,62,0.0508,0
MEM-JFK,medium,2025-02-18,1,0,0,0,0.3941,1397,1358,58,0.0427,0
MEM-JFK,medium,2025-02-19,2,0,0,0,0.0,1454,1422,57,0.0401,0
MEM-JFK,medium,2025-02-20,3,0,0,0,0.0,1189,1165,48,0.0412,0
MEM-JFK,medium,2025-02-21,4,0,0,0,0.1844,1367,1342,65,0.0484,0
MEM-JFK,medium,2025-02-22,5,1,0,0,0.0436,756,732,39,0.0533,0
MEM-JFK,medium,2025-02-23,6,1,0,0,0.0745,681,665,38,0.0571,0
MEM-JFK,medium,2025-02-24,0,0,0,0,0.0,1166,1146,39,0.034,0
MEM-JFK,medium,2025-02-25,1,0,0,0,0.2925,1148,1119,51,0.0456,0
MEM-JFK,medium,2025-02-26,2,0,0,0,0.2966,1205,1166,47,0.0403,0
MEM-JFK,medium,2025-02-27,3,0,0,0,0.2341,1109,1092,49,0.0449,0
MEM-JFK,medium,2025-02-28,4,0,0,0,0.3436,1211,1191,42,0.0353,0
MEM-JFK,medium,2025-03-01,5,1,0,0,0.3009,658,635,38,0.0598,0
MEM-JFK,medium,2025-03-02,6,1,0,0,0.227,710,698,36,0.0516,0
MEM-JFK,medium,2025-03-03,0,0,0,0,0.7102,1304,1264,191,0.1511,1
MEM-JFK,medium,2025-03-04,1,0,0,0,0.9715,1387,1337,203,0.1518,1
MEM-JFK,medium,2025-03-05,2,0,0,0,0.8143,1243,1212,166,0.137,1
MEM-JFK,medium,2025-03-06,3,0,0,0,0.0353,1229,1208,42,0.0348,0
MEM-JFK,medium,2025-03-07,4,0,0,0,0.0939,1433,1392,48,0.0345,0
MEM-JFK,medium,2025-03-08,5,1,0,0,0.1321,784,758,39,0.0515,0
MEM-JFK,medium,2025-03-09,6,1,0,0,0.2207,687,673,27,0.0401,0
MEM-JFK,medium,2025-03-10,0,0,0,0,0.3816,1261,1236,60,0.0485,0
MEM-JFK,medium,2025-03-11,1,0,0,0,0.2115,1308,1272,58,0.0456,0
MEM-JFK,medium,2025-03-12,2,0,0,0,0.0,1431,1405,63,0.0448,0
MEM-JFK,medium,2025-03-13,3,0,0,0,0.2453,1247,1216,57,0.0469,0
MEM-JFK,medium,2025-03-14,4,0,0,0,0.0498,1044,1011,45,0.0445,0
MEM-JFK,medium,2025-03-15,5,1,0,0,0.2679,738,721,29,0.0402,0
MEM-JFK,medium,2025-03-16,6,1,0,0,0.0,735,724,42,0.058,0
MEM-JFK,medium,2025-03-17,0,0,0,0,0.0,1421,1384,59,0.0426,0
MEM-JFK,medium,2025-03-18,1,0,0,0,0.3252,1248,1205,62,0.0515,0
MEM-JFK,medium,2025-03-19,2,0,0,0,0.212,1174,1146,52,0.0454,0
MEM-JFK,medium,2025-03-20,3,0,0,0,0.4537,1582,1531,82,0.0536,0
MEM-JFK,medium,2025-03-21,4,0,0,0,0.0,1492,1472,81,0.055,0
MEM-JFK,medium,2025-03-22,5,1,0,0,0.1008,754,736,37,0.0503,0
MEM-JFK,medium,2025-03-23,6,1,0,0,0.1594,697,676,29,0.0429,0
MEM-JFK,medium,2025-03-24,0,0,0,0,0.4066,1367,1326,44,0.0332,0
MEM-JFK,medium,2025-03-25,1,0,0,0,0.2062,1248,1211,59,0.0487,0
MEM-JFK,medium,2025-03-26,2,0,0,0,0.1195,1323,1290,50,0.0388,0
MEM-JFK,medium,2025-03-27,3,0,0,0,0.386,1034,1007,53,0.0526,0
MEM-JFK,medium,2025-03-28,4,0,0,0,0.0579,1281,1234,46,0.0373,0
MEM-JFK,medium,2025-03-29,5,1,0,0,0.0,798,779,38,0.0488,0
MEM-JFK,medium,2025-03-30,6,1,0,0,0.0201,680,670,32,0.0478,0
MEM-JFK,medium,2025-03-31,0,0,0,0,0.076,1143,1115,44,0.0395,0
MEM-JFK,medium,2025-04-01,1,0,0,0,0.0702,1482,1429,62,0.0434,0
MEM-JFK,medium,2025-04-02,2,0,0,0,0.0707,1324,1295,58,0.0448,0
MEM-JFK,medium,2025-04-03,3,0,0,0,0.1783,1457,1407,62,0.0441,0
MEM-JFK,medium,2025-04-04,4,0,0,0,0.1003,1366,1348,63,0.0467,0
MEM-JFK,medium,2025-04-05,5,1,0,0,0.0305,693,668,37,0.0554,0
MEM-JFK,medium,2025-04-06,6,1,0,0,0.0024,640,627,43,0.0686,0
MEM-JFK,medium,2025-04-07,0,0,0,0,0.0721,1390,1362,69,0.0507,0
MEM-JFK,medium,2025-04-08,1,0,0,0,0.2164,1343,1296,67,0.0517,0
MEM-JFK,medium,2025-04-09,2,0,0,0,0.2939,1477,1449,66,0.0455,0
MEM-JFK,medium,2025-04-10,3,0,0,0,0.1158,1214,1184,67,0.0566,0
MEM-JFK,medium,2025-04-11,4,0,0,0,0.0596,1163,1127,54,0.0479,0
MEM-JFK,medium,2025-04-12,5,1,0,0,0.0962,789,767,48,0.0626,0
MEM-JFK,medium,2025-04-13,6,1,0,0,0.0526,760,732,49,0.0669,0
MEM-JFK,medium,2025-04-14,0,0,0,0,0.1337,1461,1430,59,0.0413,0
MEM-JFK,medium,2025-04-15,1,0,0,0,0.3524,1337,1306,57,0.0436,0
MEM-JFK,medium,2025-04-16,2,0,0,0,0.1593,1251,1217,57,0.0468,0
MEM-JFK,medium,2025-04-17,3,0,0,0,0.3401,1093,1077,36,0.0334,0
MEM-JFK,medium,2025-04-18,4,0,0,0,0.1009,1235,1209,57,0.0471,0
MEM-JFK,medium,2025-04-19,5,1,0,0,0.0,731,713,41,0.0575,0
MEM-JFK,medium,2025-04-20,6,1,0,0,0.4138,747,734,50,0.0681,0
MEM-JFK,medium,2025-04-21,0,0,0,0,0.2099,1245,1228,60,0.0489,0
MEM-JFK,medium,2025-04-22,1,0,0,0,0.1287,1151,1119,36,0.0322,0
MEM-JFK,medium,2025-04-23,2,0,0,0,0.1671,1130,1098,55,0.0501,0
MEM-JFK,medium,2025-04-24,3,0,0,0,0.0,1209,1191,53,0.0445,0
MEM-JFK,medium,2025-04-25,4,0,0,0,0.1134,1551,1512,74,0.0489,0
MEM-JFK,medium,2025-04-26,5,1,0,0,0.0,655,631,32,0.0507,0
MEM-JFK,medium,2025-04-27,6,1,0,0,0.0573,553,540,33,0.0611,0
MEM-JFK,medium,2025-04-28,0,0,0,0,0.174,1377,1327,67,0.0505,0
MEM-JFK,medium,2025-04-29,1,0,0,0,0.1863,1354,1332,59,0.0443,0
MEM-JFK,medium,2025-04-30,2,0,0,0,0.1152,1407,1371,54,0.0394,0
MEM-JFK,medium,2025-05-01,3,0,0,0,0.0,1258,1219,54,0.0443,0
MEM-JFK,medium,2025-05-02,4,0,0,0,0.0825,1474,1428,56,0.0392,0
MEM-JFK,medium,2025-05-03,5,1,0,0,0.3946,752,730,40,0.0548,0
MEM-JFK,medium,2025-05-04,6,1,0,0,0.0,661,646,37,0.0573,0
MEM-JFK,medium,2025-05-05,0,0,0,0,0.1237,1519,1482,59,0.0398,0
MEM-JFK,medium,2025-05-06,1,0,0,0,0.0825,1373,1340,58,0.0433,0
MEM-JFK,medium,2025-05-07,2,0,0,0,0.2332,1282,1259,50,0.0397,0
MEM-JFK,medium,2025-05-08,3,0,0,0,0.1458,1193,1151,58,0.0504,0
MEM-JFK,medium,2025-05-09,4,0,0,0,0.267,1319,1292,52,0.0402,0
MEM-JFK,medium,2025-05-10,5,1,0,0,0.0112,781,753,26,0.0345,0
MEM-JFK,medium,2025-05-11,6,1,0,0,0.2519,840,809,50,0.0618,0
MEM-JFK,medium,2025-05-12,0,0,0,0,0.2156,1372,1344,58,0.0432,0
MEM-JFK,medium,2025-05-13,1,0,0,0,0.033,1357,1311,52,0.0397,0
MEM-JFK,medium,2025-05-14,2,0,0,0,0.0741,1290,1267,60,0.0474,0
MEM-JFK,medium,2025-05-15,3,0,0,0,0.2068,1259,1239,63,0.0508,0
MEM-JFK,medium,2025-05-16,4,0,0,0,0.1264,1418,1395,67,0.048,0
MEM-JFK,medium,2025-05-17,5,1,0,0,0.0924,609,593,37,0.0624,0
MEM-JFK,medium,2025-05-18,6,1,0,0,0.0023,690,678,46,0.0678,0
MEM-JFK,medium,2025-05-19,0,0,0,0,0.0753,1041,1005,36,0.0358,0
MEM-JFK,medium,2025-05-20,1,0,0,0,0.2423,1240,1215,73,0.0601,0
MEM-JFK,medium,2025-05-21,2,0,0,0,0.3318,1099,1062,50,0.0471,0
MEM-JFK,medium,2025-05-22,3,0,0,0,0.216,1124,1090,41,0.0376,0
MEM-JFK,medium,2025-05-23,4,0,0,0,0.1449,1182,1166,62,0.0532,0
MEM-JFK,medium,2025-05-24,5,1,0,0,0.035,583,569,43,0.0756,0
MEM-JFK,medium,2025-05-25,6,1,0,0,0.3045,626,611,36,0.0589,0
MEM-JFK,medium,2025-05-26,0,0,0,0,0.1057,1327,1302,51,0.0392,0
MEM-JFK,medium,2025-05-27,1,0,0,0,0.2906,1022,991,38,0.0383,0
MEM-JFK,medium,2025-05-28,2,0,0,0,0.7176,1526,1495,164,0.1097,1
MEM-JFK,medium,2025-05-29,3,0,0,0,0.2183,1383,1366,51,0.0373,0
MEM-JFK,medium,2025-05-30,4,0,0,0,0.0471,1378,1356,53,0.0391,0
MEM-JFK,medium,2025-05-31,5,1,0,0,0.0937,848,821,39,0.0475,0
MEM-JFK,medium,2025-06-01,6,1,0,0,0.0,761,733,44,0.06,0
MEM-JFK,medium,2025-06-02,0,0,0,0,0.0,1366,1332,53,0.0398,0
MEM-JFK,medium,2025-06-03,1,0,0,0,0.0,1190,1167,39,0.0334,0
MEM-JFK,medium,2025-06-04,2,0,0,0,0.1841,1208,1171,57,0.0487,0
MEM-JFK,medium,2025-06-05,3,0,0,0,0.1688,1332,1282,52,0.0406,0
MEM-JFK,medium,2025-06-06,4,0,0,0,0.1632,1492,1468,68,0.0463,0
MEM-JFK,medium,2025-06-07,5,1,0,0,0.2942,722,711,47,0.0661,0
MEM-JFK,medium,2025-06-08,6,1,0,0,0.0262,812,801,48,0.0599,0
MEM-JFK,medium,2025-06-09,0,0,0,0,0.2097,1399,1358,39,0.0287,0
MEM-JFK,medium,2025-06-10,1,0,0,0,0.2706,1229,1195,56,0.0469,0
MEM-JFK,medium,2025-06-11,2,0,0,0,0.0873,1403,1374,62,0.0451,0
MEM-JFK,medium,2025-06-12,3,0,0,0,0.2639,1325,1282,41,0.032,0
MEM-JFK,medium,2025-06-13,4,0,0,0,0.1803,1403,1385,83,0.0599,0
MEM-JFK,medium,2025-06-14,5,1,0,0,0.1106,817,796,49,0.0616,0
MEM-JFK,medium,2025-06-15,6,1,0,0,0.243,722,699,34,0.0486,0
MEM-JFK,medium,2025-06-16,0,0,0,0,0.2156,1146,1116,52,0.0466,0
MEM-JFK,medium,2025-06-17,1,0,0,0,0.2935,1350,1302,59,0.0453,0
MEM-JFK,medium,2025-06-18,2,0,0,0,0.0393,1140,1117,45,0.0403,0
MEM-JFK,medium,2025-06-19,3,0,0,0,0.0886,1224,1189,50,0.0421,0
MEM-JFK,medium,2025-06-20,4,0,0,0,0.1863,1400,1356,51,0.0376,0
MEM-JFK,medium,2025-06-21,5,1,0,0,0.0,665,643,38,0.0591,0
MEM-JFK,medium,2025-06-22,6,1,0,0,0.1448,724,713,50,0.0701,0
MEM-JFK,medium,2025-06-23,0,0,0,0,0.0651,1342,1323,65,0.0491,0
MEM-JFK,medium,2025-06-24,1,0,0,0,0.1573,1420,1397,58,0.0415,0
MEM-JFK,medium,2025-06-25,2,0,0,0,0.1289,1219,1173,60,0.0512,0
MEM-JFK,medium,2025-06-26,3,0,0,0,0.2307,1344,1299,38,0.0293,0
MEM-JFK,medium,2025-06-27,4,0,0,0,0.0811,1206,1164,49,0.0421,0
MEM-JFK,medium,2025-06-28,5,1,0,0,0.1073,724,706,39,0.0552,0
MEM-JFK,medium,2025-06-29,6,1,0,0,0.1505,860,849,45,0.053,0
MEM-JFK,medium,2025-06-30,0,0,0,0,0.0612,1603,1555,70,0.045,0
MEM-JFK,medium,2025-07-01,1,0,0,0,0.1005,1172,1157,54,0.0467,0
MEM-JFK,medium,2025-07-02,2,0,0,0,0.0216,1306,1281,49,0.0383,0
MEM-JFK,medium,2025-07-03,3,0,0,0,0.1782,1273,1242,49,0.0395,0
MEM-JFK,medium,2025-07-04,4,0,1,0,0.0545,288,280,12,0.0429,0
MEM-JFK,medium,2025-07-05,5,1,0,0,0.1441,776,765,51,0.0667,0
MEM-JFK,medium,2025-07-06,6,1,0,0,0.2306,626,611,32,0.0524,0
MEM-JFK,medium,2025-07-07,0,0,0,0,0.0,1174,1150,52,0.0452,0
MEM-JFK,medium,2025-07-08,1,0,0,0,0.0408,1359,1324,61,0.0461,0
MEM-JFK,medium,2025-07-09,2,0,0,0,0.1478,1120,1095,49,0.0447,0
MEM-JFK,medium,2025-07-10,3,0,0,0,0.3883,1244,1211,62,0.0512,0
MEM-JFK,medium,2025-07-11,4,0,0,0,0.0,1344,1312,58,0.0442,0
MEM-JFK,medium,2025-07-12,5,1,0,0,0.0,830,807,41,0.0508,0
MEM-JFK,medium,2025-07-13,6,1,0,0,0.1053,709,698,40,0.0573,0
MEM-JFK,medium,2025-07-14,0,0,0,0,0.2886,1334,1302,71,0.0545,0
MEM-JFK,medium,2025-07-15,1,0,0,0,0.0,1273,1239,58,0.0468,0
MEM-JFK,medium,2025-07-16,2,0,0,0,0.0897,1230,1204,66,0.0548,0
MEM-JFK,medium,2025-07-17,3,0,0,0,0.0,1221,1194,57,0.0477,0
MEM-JFK,medium,2025-07-18,4,0,0,0,0.161,1409,1373,67,0.0488,0
MEM-JFK,medium,2025-07-19,5,1,0,0,0.1314,696,677,33,0.0487,0
MEM-JFK,medium,2025-07-20,6,1,0,0,0.1525,670,649,28,0.0431,0
MEM-JFK,medium,2025-07-21,0,0,0,0,0.1874,1319,1281,54,0.0422,0
MEM-JFK,medium,2025-07-22,1,0,0,0,0.2992,1424,1373,67,0.0488,0
MEM-JFK,medium,2025-07-23,2,0,0,0,0.4001,1317,1287,53,0.0412,0
MEM-JFK,medium,2025-07-24,3,0,0,0,0.2984,1094,1068,53,0.0496,0
MEM-JFK,medium,2025-07-25,4,0,0,0,0.0572,1292,1269,53,0.0418,0
MEM-JFK,medium,2025-07-26,5,1,0,0,0.0,716,694,33,0.0476,0
MEM-JFK,medium,2025-07-27,6,1,0,0,0.0,738,726,39,0.0537,0
MEM-JFK,medium,2025-07-28,0,0,0,0,0.1786,1451,1424,61,0.0428,0
MEM-JFK,medium,2025-07-29,1,0,0,0,0.3238,1457,1428,54,0.0378,0
MEM-JFK,medium,2025-07-30,2,0,0,0,0.1826,1268,1248,53,0.0425,0
MEM-JFK,medium,2025-07-31,3,0,0,0,0.2031,1104,1087,49,0.0451,0
MEM-JFK,medium,2025-08-01,4,0,0,0,0.2041,1233,1202,60,0.0499,0
MEM-JFK,medium,2025-08-02,5,1,0,0,0.2377,742,728,33,0.0453,0
MEM-JFK,medium,2025-08-03,6,1,0,0,0.0695,719,706,42,0.0595,0
MEM-JFK,medium,2025-08-04,0,0,0,0,0.0898,1088,1073,48,0.0447,0
MEM-JFK,medium,2025-08-05,1,0,0,0,0.2556,1113,1082,50,0.0462,0
MEM-JFK,medium,2025-08-06,2,0,0,0,0.1167,1485,1448,64,0.0442,0
MEM-JFK,medium,2025-08-07,3,0,0,0,0.0884,1399,1371,62,0.0452,0
MEM-JFK,medium,2025-08-08,4,0,0,0,0.2416,1330,1282,53,0.0413,0
MEM-JFK,medium,2025-08-09,5,1,0,0,0.1086,669,657,31,0.0472,0
MEM-JFK,medium,2025-08-10,6,1,0,0,0.0775,688,671,46,0.0686,0
MEM-JFK,medium,2025-08-11,0,0,0,0,0.2387,1233,1205,59,0.049,0
MEM-JFK,medium,2025-08-12,1,0,0,0,0.2217,1266,1237,62,0.0501,0
MEM-JFK,medium,2025-08-13,2,0,0,0,0.2107,1435,1417,56,0.0395,0
MEM-JFK,medium,2025-08-14,3,0,0,0,0.2685,1296,1252,52,0.0415,0
MEM-JFK,medium,2025-08-15,4,0,0,0,0.2584,1645,1617,67,0.0414,0
MEM-JFK,medium,2025-08-16,5,1,0,0,0.1888,598,589,27,0.0458,0
MEM-JFK,medium,2025-08-17,6,1,0,0,0.0,816,796,46,0.0578,0
MEM-JFK,medium,2025-08-18,0,0,0,0,0.2177,1100,1067,48,0.045,0
MEM-JFK,medium,2025-08-19,1,0,0,0,0.0342,1425,1385,57,0.0412,0
MEM-JFK,medium,2025-08-20,2,0,0,0,0.1013,1183,1151,57,0.0495,0
MEM-JFK,medium,2025-08-21,3,0,0,0,0.0222,1478,1451,66,0.0455,0
MEM-JFK,medium,2025-08-22,4,0,0,0,0.1965,1230,1188,59,0.0497,0
MEM-JFK,medium,2025-08-23,5,1,0,0,0.2304,633,610,42,0.0689,0
MEM-JFK,medium,2025-08-24,6,1,0,0,0.0,730,704,49,0.0696,0
MEM-JFK,medium,2025-08-25,0,0,0,0,0.0448,1206,1167,42,0.036,0
MEM-JFK,medium,2025-08-26,1,0,0,0,0.0922,1192,1162,47,0.0404,0
MEM-JFK,medium,2025-08-27,2,0,0,0,0.0609,1254,1235,55,0.0445,0
MEM-JFK,medium,2025-08-28,3,0,0,0,0.0543,1273,1248,54,0.0433,0
MEM-JFK,medium,2025-08-29,4,0,0,0,0.129,1405,1383,57,0.0412,0
MEM-JFK,medium,2025-08-30,5,1,0,0,0.0398,664,655,39,0.0595,0
MEM-JFK,medium,2025-08-31,6,1,0,0,0.1498,765,745,53,0.0711,0
MEM-JFK,medium,2025-09-01,0,0,0,0,0.1166,1340,1316,52,0.0395,0
MEM-JFK,medium,2025-09-02,1,0,0,0,0.0865,1412,1361,49,0.036,0
MEM-JFK,medium,2025-09-03,2,0,0,0,0.3182,1470,1416,68,0.048,0
MEM-JFK,medium,2025-09-04,3,0,0,0,0.1307,1248,1214,48,0.0395,0
MEM-JFK,medium,2025-09-05,4,0,0,0,0.0,1405,1385,63,0.0455,0
MEM-JFK,medium,2025-09-06,5,1,0,0,0.0727,603,589,37,0.0628,0
MEM-JFK,medium,2025-09-07,6,1,0,0,0.2121,711,694,48,0.0692,0
MEM-JFK,medium,2025-09-08,0,0,0,0,0.0,1158,1136,48,0.0423,0
MEM-JFK,medium,2025-09-09,1,0,0,0,0.2821,1264,1217,52,0.0427,0
MEM-JFK,medium,2025-09-10,2,0,0,0,0.1084,1232,1201,52,0.0433,0
MEM-JFK,medium,2025-09-11,3,0,0,0,0.3161,1376,1334,56,0.042,0
MEM-JFK,medium,2025-09-12,4,0,0,0,0.0257,1179,1137,46,0.0405,0
MEM-JFK,medium,2025-09-13,5,1,0,0,0.1152,750,729,34,0.0466,0
MEM-JFK,medium,2025-09-14,6,1,0,0,0.139,646,636,34,0.0535,0
MEM-JFK,medium,2025-09-15,0,0,0,0,0.2303,1178,1158,42,0.0363,0
MEM-JFK,medium,2025-09-16,1,0,0,0,0.0,1357,1306,51,0.0391,0
MEM-JFK,medium,2025-09-17,2,0,0,0,0.3027,1054,1020,57,0.0559,0
MEM-JFK,medium,2025-09-18,3,0,0,0,0.2636,1268,1221,63,0.0516,0
MEM-JFK,medium,2025-09-19,4,0,0,0,0.0924,1322,1279,40,0.0313,0
MEM-JFK,medium,2025-09-20,5,1,0,0,0.2085,636,618,33,0.0534,0
MEM-JFK,medium,2025-09-21,6,1,0,0,0.0,768,750,58,0.0773,0
MEM-JFK,medium,2025-09-22,0,0,0,0,0.2049,1448,1398,58,0.0415,0
MEM-JFK,medium,2025-09-23,1,0,0,0,0.0716,1334,1304,74,0.0567,0
MEM-JFK,medium,2025-09-24,2,0,0,0,0.0545,1267,1233,59,0.0479,0
MEM-JFK,medium,2025-09-25,3,0,0,0,0.0,1326,1283,59,0.046,0
MEM-JFK,medium,2025-09-26,4,0,0,0,0.3116,1563,1521,66,0.0434,0
MEM-JFK,medium,2025-09-27,5,1,0,0,0.1573,640,620,32,0.0516,0
MEM-JFK,medium,2025-09-28,6,1,0,0,0.0518,715,704,34,0.0483,0
MEM-JFK,medium,2025-09-29,0,0,0,0,0.179,1313,1271,60,0.0472,0
MEM-JFK,medium,2025-09-30,1,0,0,0,0.0212,1407,1369,61,0.0446,0
MEM-JFK,medium,2025-10-01,2,0,0,0,0.0,1375,1338,53,0.0396,0
MEM-JFK,medium,2025-10-02,3,0,0,0,0.0829,1477,1439,61,0.0424,0
MEM-JFK,medium,2025-10-03,4,0,0,0,0.3145,1341,1297,52,0.0401,0
MEM-JFK,medium,2025-10-04,5,1,0,0,0.2075,615,596,29,0.0487,0
MEM-JFK,medium,2025-10-05,6,1,0,0,0.1468,808,780,45,0.0577,0
MEM-JFK,medium,2025-10-06,0,0,0,0,0.1523,1426,1375,58,0.0422,0
MEM-JFK,medium,2025-10-07,1,0,0,0,0.2103,1019,982,39,0.0397,0
MEM-JFK,medium,2025-10-08,2,0,0,0,0.2774,1266,1222,62,0.0507,0
MEM-JFK,medium,2025-10-09,3,0,0,0,0.4275,1402,1362,56,0.0411,0
MEM-JFK,medium,2025-10-10,4,0,0,0,0.1897,1309,1289,71,0.0551,0
MEM-JFK,medium,2025-10-11,5,1,0,0,0.0752,864,840,46,0.0548,0
MEM-JFK,medium,2025-10-12,6,1,0,0,0.0,645,632,43,0.068,0
MEM-JFK,medium,2025-10-13,0,0,0,0,0.124,1190,1151,53,0.046,0
MEM-JFK,medium,2025-10-14,1,0,0,0,0.1004,1396,1351,54,0.04,0
MEM-JFK,medium,2025-10-15,2,0,0,0,0.0047,1252,1233,59,0.0479,0
MEM-JFK,medium,2025-10-16,3,0,0,0,0.1349,1204,1183,47,0.0397,0
MEM-JFK,medium,2025-10-17,4,0,0,0,0.3143,1215,1185,49,0.0414,0
MEM-JFK,medium,2025-10-18,5,1,0,0,0.3537,717,694,43,0.062,0
MEM-JFK,medium,2025-10-19,6,1,0,0,0.063,794,776,51,0.0657,0
MEM-JFK,medium,2025-10-20,0,0,0,0,0.394,1251,1217,55,0.0452,0
MEM-JFK,medium,2025-10-21,1,0,0,0,0.2528,1425,1377,83,0.0603,0
MEM-JFK,medium,2025-10-22,2,0,0,0,0.1817,1348,1312,63,0.048,0
MEM-JFK,medium,2025-10-23,3,0,0,0,0.0768,1154,1138,57,0.0501,0
MEM-JFK,medium,2025-10-24,4,0,0,0,0.3009,1232,1198,53,0.0442,0
MEM-JFK,medium,2025-10-25,5,1,0,0,0.0734,738,712,46,0.0646,0
MEM-JFK,medium,2025-10-26,6,1,0,0,0.121,624,610,27,0.0443,0
MEM-JFK,medium,2025-10-27,0,0,0,0,0.0962,1379,1343,54,0.0402,0
MEM-JFK,medium,2025-10-28,1,0,0,0,0.2807,1142,1116,41,0.0367,0
MEM-JFK,medium,2025-10-29,2,0,0,0,0.1878,1353,1311,47,0.0359,0
MEM-JFK,medium,2025-10-30,3,0,0,0,0.2404,1301,1283,63,0.0491,0
MEM-JFK,medium,2025-10-31,4,0,0,0,0.028,1121,1088,50,0.046,0
MEM-JFK,medium,2025-11-01,5,1,0,0,0.0879,625,613,32,0.0522,0
MEM-JFK,medium,2025-11-02,6,1,0,0,0.0,800,777,47,0.0605,0
MEM-JFK,medium,2025-11-03,0,0,0,0,0.1146,1559,1501,58,0.0386,0
MEM-JFK,medium,2025-11-04,1,0,0,0,0.1353,1416,1369,57,0.0416,0
MEM-JFK,medium,2025-11-05,2,0,0,0,0.3632,1395,1345,67,0.0498,0
MEM-JFK,medium,2025-11-06,3,0,0,0,0.0,1338,1307,59,0.0451,0
MEM-JFK,medium,2025-11-07,4,0,0,0,0.068,1336,1290,49,0.038,0
MEM-JFK,medium,2025-11-08,5,1,0,0,0.2935,686,666,34,0.0511,0
MEM-JFK,medium,2025-11-09,6,1,0,0,0.1844,703,689,39,0.0566,0
MEM-JFK,medium,2025-11-10,0,0,0,0,0.0988,1568,1538,94,0.0611,0
MEM-JFK,medium,2025-11-11,1,0,1,0,0.2551,298,288,3,0.0104,0
MEM-JFK,medium,2025-11-12,2,0,0,0,0.203,1172,1131,47,0.0416,0
MEM-JFK,medium,2025-11-13,3,0,0,0,0.3439,1082,1048,38,0.0363,0
MEM-JFK,medium,2025-11-14,4,0,0,0,0.0066,1195,1179,33,0.028,0
MEM-JFK,medium,2025-11-15,5,1,0,0,0.1156,649,629,33,0.0525,0
MEM-JFK,medium,2025-11-16,6,1,0,0,0.1695,635,621,40,0.0644,0
MEM-JFK,medium,2025-11-17,0,0,0,0,0.366,1305,1257,40,0.0318,0
MEM-JFK,medium,2025-11-18,1,0,0,0,0.1238,1347,1316,47,0.0357,0
MEM-JFK,medium,2025-11-19,2,0,0,0,0.1315,1309,1262,53,0.042,0
MEM-JFK,medium,2025-11-20,3,0,0,1,0.08,1821,1779,161,0.0905,0
MEM-JFK,medium,2025-11-21,4,0,0,1,0.1344,2022,1987,147,0.074,0
MEM-JFK,medium,2025-11-22,5,1,0,1,0.208,1152,1124,104,0.0925,0
MEM-JFK,medium,2025-11-23,6,1,0,1,0.0243,1257,1218,127,0.1043,0
MEM-JFK,medium,2025-11-24,0,0,0,1,0.1501,1948,1914,152,0.0794,0
MEM-JFK,medium,2025-11-25,1,0,0,1,0.1059,1813,1763,139,0.0788,0
MEM-JFK,medium,2025-11-26,2,0,0,1,0.1499,2180,2131,138,0.0648,0
MEM-JFK,medium,2025-11-27,3,0,0,1,0.3569,2444,2410,181,0.0751,0
MEM-JFK,medium,2025-11-28,4,0,0,1,0.2157,2218,2164,164,0.0758,0
MEM-JFK,medium,2025-11-29,5,1,0,1,0.0,1020,998,84,0.0842,0
MEM-JFK,medium,2025-11-30,6,1,0,1,0.1354,1102,1087,105,0.0966,0
MEM-JFK,medium,2025-12-01,0,0,0,1,0.0365,2095,2043,170,0.0832,0
MEM-JFK,medium,2025-12-02,1,0,0,1,0.0646,1896,1846,126,0.0683,0
MEM-JFK,medium,2025-12-03,2,0,0,1,0.0848,2211,2143,165,0.077,0
MEM-JFK,medium,2025-12-04,3,0,0,1,0.3461,2179,2124,178,0.0838,0
MEM-JFK,medium,2025-12-05,4,0,0,1,0.0,2207,2175,151,0.0694,0
MEM-JFK,medium,2025-12-06,5,1,0,1,0.1644,920,902,91,0.1009,0
MEM-JFK,medium,2025-12-07,6,1,0,1,0.2764,1224,1187,95,0.08,0
MEM-JFK,medium,2025-12-08,0,0,0,1,0.0,2502,2433,182,0.0748,0
MEM-JFK,medium,2025-12-09,1,0,0,1,0.2106,1904,1861,127,0.0682,0
MEM-JFK,medium,2025-12-10,2,0,0,1,0.9224,2221,2150,529,0.246,1
MEM-JFK,medium,2025-12-11,3,0,0,1,0.105,2315,2281,169,0.0741,0
MEM-JFK,medium,2025-12-12,4,0,0,1,0.295,2324,2285,137,0.06,0
MEM-JFK,medium,2025-12-13,5,1,0,1,0.0633,1098,1072,114,0.1063,0
MEM-JFK,medium,2025-12-14,6,1,0,1,0.138,1088,1060,102,0.0962,0
MEM-JFK,medium,2025-12-15,0,0,0,1,0.1678,2160,2131,174,0.0817,0
MEM-JFK,medium,2025-12-16,1,0,0,1,0.1673,2353,2317,175,0.0755,0
MEM-JFK,medium,2025-12-17,2,0,0,1,0.05,2042,2009,158,0.0786,0
MEM-JFK,medium,2025-12-18,3,0,0,1,0.0063,2083,2042,124,0.0607,0
MEM-JFK,medium,2025-12-19,4,0,0,1,0.1074,1740,1696,134,0.079,0
MEM-JFK,medium,2025-12-20,5,1,0,1,0.0846,1057,1025,96,0.0937,0
MEM-JFK,medium,2025-12-21,6,1,0,1,0.311,1278,1261,139,0.1102,0
MEM-JFK,medium,2025-12-22,0,0,0,1,0.0586,1991,1955,145,0.0742,0
MEM-JFK,medium,2025-12-23,1,0,0,1,0.1061,2300,2243,153,0.0682,0
MEM-JFK,medium,2025-12-24,2,0,0,1,0.1767,2120,2048,165,0.0806,0
MEM-JFK,medium,2025-12-25,3,0,1,1,0.1031,521,503,35,0.0696,0
MEM-JFK,medium,2025-12-26,4,0,0,1,0.2551,2028,1981,138,0.0697,0
MEM-JFK,medium,2025-12-27,5,1,0,0,0.2072,689,669,43,0.0643,0
MEM-JFK,medium,2025-12-28,6,1,0,0,0.1854,752,737,50,0.0678,0
MEM-JFK,medium,2025-12-29,0,0,0,0,0.1468,1629,1598,79,0.0494,0
MEM-JFK,medium,2025-12-30,1,0,0,0,0.0,1303,1266,52,0.0411,0
MEM-JFK,medium,2025-12-31,2,0,0,0,0.3265,1053,1024,40,0.0391,0
MEM-JFK,medium,2026-01-01,3,0,1,0,0.1019,316,311,10,0.0322,0
MEM-JFK,medium,2026-01-02,4,0,0,0,0.2325,1138,1115,44,0.0395,0
MEM-JFK,medium,2026-01-03,5,1,0,0,0.0481,618,608,32,0.0526,0
MEM-JFK,medium,2026-01-04,6,1,0,0,0.3798,715,698,46,0.0659,0
MEM-JFK,medium,2026-01-05,0,0,0,0,0.3056,1104,1087,54,0.0497,0
MEM-JFK,medium,2026-01-06,1,0,0,0,0.1474,1229,1185,56,0.0473,0
MEM-JFK,medium,2026-01-07,2,0,0,0,0.1568,1323,1303,50,0.0384,0
MEM-JFK,medium,2026-01-08,3,0,0,0,0.0523,1245,1224,47,0.0384,0
MEM-JFK,medium,2026-01-09,4,0,0,0,0.355,1136,1097,63,0.0574,0
MEM-JFK,medium,2026-01-10,5,1,0,0,0.0689,758,736,41,0.0557,0
MEM-JFK,medium,2026-01-11,6,1,0,0,0.0,601,583,38,0.0652,0
MEM-JFK,medium,2026-01-12,0,0,0,0,0.1868,1262,1244,49,0.0394,0
MEM-JFK,medium,2026-01-13,1,0,0,0,0.2213,1170,1137,46,0.0405,0
MEM-JFK,medium,2026-01-14,2,0,0,0,0.0183,1342,1317,53,0.0402,0
MEM-JFK,medium,2026-01-15,3,0,0,0,0.3424,1053,1019,49,0.0481,0
MEM-JFK,medium,2026-01-16,4,0,0,0,0.3569,1355,1326,54,0.0407,0
MEM-JFK,medium,2026-01-17,5,1,0,0,0.0,794,764,43,0.0563,0
MEM-JFK,medium,2026-01-18,6,1,0,0,0.072,771,748,39,0.0521,0
MEM-JFK,medium,2026-01-19,0,0,0,0,0.9488,1371,1346,205,0.1523,1
MEM-JFK,medium,2026-01-20,1,0,0,0,0.6184,1286,1256,235,0.1871,1
MEM-JFK,medium,2026-01-21,2,0,0,0,0.8011,1256,1240,210,0.1694,1
MEM-JFK,medium,2026-01-22,3,0,0,0,0.1837,1523,1483,60,0.0405,0
MEM-JFK,medium,2026-01-23,4,0,0,0,0.0,1256,1231,58,0.0471,0
MEM-JFK,medium,2026-01-24,5,1,0,0,0.0,733,715,49,0.0685,0
MEM-JFK,medium,2026-01-25,6,1,0,0,0.1088,746,730,43,0.0589,0
MEM-JFK,medium,2026-01-26,0,0,0,0,0.1252,1384,1343,50,0.0372,0
MEM-JFK,medium,2026-01-27,1,0,0,0,0.1916,1233,1211,58,0.0479,0
MEM-JFK,medium,2026-01-28,2,0,0,0,0.1989,1419,1392,55,0.0395,0
MEM-JFK,medium,2026-01-29,3,0,0,0,0.0045,1386,1366,59,0.0432,0
MEM-JFK,medium,2026-01-30,4,0,0,0,0.2501,1501,1453,69,0.0475,0
MEM-JFK,medium,2026-01-31,5,1,0,0,0.0,733,722,39,0.054,0
MEM-JFK,medium,2026-02-01,6,1,0,0,0.12,856,828,54,0.0652,0
MEM-JFK,medium,2026-02-02,0,0,0,0,0.217,1123,1098,60,0.0546,0
MEM-JFK,medium,2026-02-03,1,0,0,0,0.2171,1277,1232,56,0.0455,0
MEM-JFK,medium,2026-02-04,2,0,0,0,0.0267,1396,1352,79,0.0584,0
MEM-JFK,medium,2026-02-05,3,0,0,0,0.0388,1445,1419,52,0.0366,0
MEM-JFK,medium,2026-02-06,4,0,0,0,0.2139,1314,1292,64,0.0495,0
MEM-JFK,medium,2026-02-07,5,1,0,0,0.2264,786,775,40,0.0516,0
MEM-JFK,medium,2026-02-08,6,1,0,0,0.1231,662,639,38,0.0595,0
MEM-JFK,medium,2026-02-09,0,0,0,0,0.0974,1327,1295,55,0.0425,0
MEM-JFK,medium,2026-02-10,1,0,0,0,0.0,1349,1318,48,0.0364,0
MEM-JFK,medium,2026-02-11,2,0,0,0,0.2684,1162,1136,54,0.0475,0
MEM-JFK,medium,2026-02-12,3,0,0,0,0.0581,1372,1329,54,0.0406,0
MEM-JFK,medium,2026-02-13,4,0,0,0,0.1313,1247,1231,56,0.0455,0
MEM-JFK,medium,2026-02-14,5,1,0,0,0.23,640,626,38,0.0607,0
MEM-JFK,medium,2026-02-15,6,1,0,0,0.015,730,707,35,0.0495,0
MEM-JFK,medium,2026-02-16,0,0,0,0,0.2638,1431,1394,65,0.0466,0
MEM-JFK,medium,2026-02-17,1,0,0,0,0.0,1322,1282,58,0.0452,0
MEM-JFK,medium,2026-02-18,2,0,0,0,0.2109,1268,1249,65,0.052,0
MEM-JFK,medium,2026-02-19,3,0,0,0,0.0,1012,996,45,0.0452,0
MEM-JFK,medium,2026-02-20,4,0,0,0,0.2505,1277,1253,54,0.0431,0
MEM-JFK,medium,2026-02-21,5,1,0,0,0.2812,666,652,48,0.0736,0
MEM-JFK,medium,2026-02-22,6,1,0,0,0.3862,743,731,46,0.0629,0
MEM-JFK,medium,2026-02-23,0,0,0,0,0.292,1251,1212,51,0.0421,0
MEM-JFK,medium,2026-02-24,1,0,0,0,0.2213,1162,1140,50,0.0439,0
MEM-JFK,medium,2026-02-25,2,0,0,0,0.3007,1317,1268,57,0.045,0
MEM-JFK,medium,2026-02-26,3,0,0,0,0.3429,1210,1171,68,0.0581,0
MEM-JFK,medium,2026-02-27,4,0,0,0,0.2763,1650,1621,64,0.0395,0
MEM-JFK,medium,2026-02-28,5,1,0,0,0.2265,691,670,41,0.0612,0
MEM-JFK,medium,2026-03-01,6,1,0,0,0.4288,783,770,60,0.0779,0
MEM-JFK,medium,2026-03-02,0,0,0,0,0.1349,1190,1160,57,0.0491,0
MEM-JFK,medium,2026-03-03,1,0,0,0,0.1887,1251,1222,54,0.0442,0
MEM-JFK,medium,2026-03-04,2,0,0,0,0.1189,1240,1195,45,0.0377,0
MEM-JFK,medium,2026-03-05,3,0,0,0,0.2543,1472,1417,49,0.0346,0
MEM-JFK,medium,2026-03-06,4,0,0,0,0.1171,965,949,48,0.0506,0
MEM-JFK,medium,2026-03-07,5,1,0,0,0.1495,733,707,44,0.0622,0
MEM-JFK,medium,2026-03-08,6,1,0,0,0.0016,871,852,35,0.0411,0
MEM-JFK,medium,2026-03-09,0,0,0,0,0.1672,1362,1318,68,0.0516,0
MEM-JFK,medium,2026-03-10,1,0,0,0,0.1195,1242,1223,55,0.045,0
MEM-JFK,medium,2026-03-11,2,0,0,0,0.2764,1186,1156,53,0.0458,0
MEM-JFK,medium,2026-03-12,3,0,0,0,0.0706,1611,1579,83,0.0526,0
MEM-JFK,medium,2026-03-13,4,0,0,0,0.0,1213,1184,56,0.0473,0
MEM-JFK,medium,2026-03-14,5,1,0,0,0.0027,740,723,34,0.047,0
MEM-JFK,medium,2026-03-15,6,1,0,0,0.1722,558,549,33,0.0601,0
MEM-JFK,medium,2026-03-16,0,0,0,0,0.0,1566,1526,64,0.0419,0
MEM-JFK,medium,2026-03-17,1,0,0,0,0.1454,1171,1140,41,0.036,0
MEM-JFK,medium,2026-03-18,2,0,0,0,0.3113,1443,1411,68,0.0482,0
MEM-JFK,medium,2026-03-19,3,0,0,0,0.0285,1364,1314,55,0.0419,0
MEM-JFK,medium,2026-03-20,4,0,0,0,0.1486,1480,1458,65,0.0446,0
MEM-JFK,medium,2026-03-21,5,1,0,0,0.0081,735,716,49,0.0684,0
MEM-JFK,medium,2026-03-22,6,1,0,0,0.1119,675,663,37,0.0558,0
MEM-JFK,medium,2026-03-23,0,0,0,0,0.0378,1118,1087,42,0.0386,0
MEM-JFK,medium,2026-03-24,1,0,0,0,0.0,1405,1363,77,0.0565,0
MEM-JFK,medium,2026-03-25,2,0,0,0,0.0726,1377,1339,69,0.0515,0
MEM-JFK,medium,2026-03-26,3,0,0,0,0.4339,1219,1203,45,0.0374,0
MEM-JFK,medium,2026-03-27,4,0,0,0,0.1366,1290,1246,47,0.0377,0
MEM-JFK,medium,2026-03-28,5,1,0,0,0.0938,670,661,43,0.0651,0
MEM-JFK,medium,2026-03-29,6,1,0,0,0.0089,613,597,42,0.0704,0
MEM-JFK,medium,2026-03-30,0,0,0,0,0.0453,1112,1077,42,0.039,0
MEM-JFK,medium,2026-03-31,1,0,0,0,0.2553,1305,1262,43,0.0341,0
MEM-JFK,medium,2026-04-01,2,0,0,0,0.0769,1443,1398,55,0.0393,0
MEM-JFK,medium,2026-04-02,3,0,0,0,0.0,1321,1277,59,0.0462,0
MEM-JFK,medium,2026-04-03,4,0,0,0,0.3259,1291,1269,58,0.0457,0
MEM-JFK,medium,2026-04-04,5,1,0,0,0.2884,752,724,44,0.0608,0
MEM-JFK,medium,2026-04-05,6,1,0,0,0.0023,734,713,43,0.0603,0
MEM-JFK,medium,2026-04-06,0,0,0,0,0.0415,1142,1127,48,0.0426,0
MEM-JFK,medium,2026-04-07,1,0,0,0,0.0,1244,1223,48,0.0392,0
MEM-JFK,medium,2026-04-08,2,0,0,0,0.1145,1298,1266,61,0.0482,0
MEM-JFK,medium,2026-04-09,3,0,0,0,0.0667,1279,1256,65,0.0518,0
MEM-JFK,medium,2026-04-10,4,0,0,0,0.2874,1463,1412,59,0.0418,0
MEM-JFK,medium,2026-04-11,5,1,0,0,0.0,634,617,31,0.0502,0
MEM-JFK,medium,2026-04-12,6,1,0,0,0.0763,690,679,39,0.0574,0
MEM-JFK,medium,2026-04-13,0,0,0,0,0.1374,1275,1243,55,0.0442,0
MEM-JFK,medium,2026-04-14,1,0,0,0,0.0881,1303,1261,54,0.0428,0
MEM-JFK,medium,2026-04-15,2,0,0,0,0.0542,1374,1348,58,0.043,0
MEM-JFK,medium,2026-04-16,3,0,0,0,0.2514,1267,1224,53,0.0433,0
MEM-JFK,medium,2026-04-17,4,0,0,0,0.0342,1227,1194,52,0.0436,0
MEM-JFK,medium,2026-04-18,5,1,0,0,0.1069,768,740,33,0.0446,0
MEM-JFK,medium,2026-04-19,6,1,0,0,0.0823,625,606,32,0.0528,0
MEM-JFK,medium,2026-04-20,0,0,0,0,0.2395,1284,1266,67,0.0529,0
MEM-JFK,medium,2026-04-21,1,0,0,0,0.1659,1234,1214,58,0.0478,0
MEM-JFK,medium,2026-04-22,2,0,0,0,0.2403,1395,1348,53,0.0393,0
MEM-JFK,medium,2026-04-23,3,0,0,0,0.0,1202,1163,42,0.0361,0
MEM-JFK,medium,2026-04-24,4,0,0,0,0.0343,1389,1338,65,0.0486,0
MEM-JFK,medium,2026-04-25,5,1,0,0,0.0214,734,715,43,0.0601,0
MEM-JFK,medium,2026-04-26,6,1,0,0,0.0547,897,877,49,0.0559,0
MEM-JFK,medium,2026-04-27,0,0,0,0,0.1663,1577,1548,61,0.0394,0
MEM-JFK,medium,2026-04-28,1,0,0,0,0.0,1255,1215,51,0.042,0
MEM-JFK,medium,2026-04-29,2,0,0,0,0.3777,1489,1434,56,0.0391,0
MEM-JFK,medium,2026-04-30,3,0,0,0,0.2023,1219,1176,58,0.0493,0
MEM-JFK,medium,2026-05-01,4,0,0,0,0.3183,1126,1095,48,0.0438,0
MEM-JFK,medium,2026-05-02,5,1,0,0,0.0928,751,724,48,0.0663,0
MEM-JFK,medium,2026-05-03,6,1,0,0,0.0,714,701,34,0.0485,0
MEM-JFK,medium,2026-05-04,0,0,0,0,0.2653,1204,1178,42,0.0357,0
MEM-JFK,medium,2026-05-05,1,0,0,0,0.1383,1223,1205,57,0.0473,0
MEM-JFK,medium,2026-05-06,2,0,0,0,0.0,1467,1439,62,0.0431,0
MEM-JFK,medium,2026-05-07,3,0,0,0,0.1978,1611,1552,81,0.0522,0
MEM-JFK,medium,2026-05-08,4,0,0,0,0.5646,1053,1036,190,0.1834,1
MEM-JFK,medium,2026-05-09,5,1,0,0,0.7459,653,629,138,0.2194,1
MEM-JFK,medium,2026-05-10,6,1,0,0,0.8732,655,631,149,0.2361,1
MEM-JFK,medium,2026-05-11,0,0,0,0,0.2698,1201,1173,40,0.0341,0
MEM-JFK,medium,2026-05-12,1,0,0,0,0.0,1345,1298,56,0.0431,0
MEM-JFK,medium,2026-05-13,2,0,0,0,0.1596,1509,1477,75,0.0508,0
MEM-JFK,medium,2026-05-14,3,0,0,0,0.3421,1274,1248,53,0.0425,0
MEM-JFK,medium,2026-05-15,4,0,0,0,0.0939,1077,1038,32,0.0308,0
MEM-JFK,medium,2026-05-16,5,1,0,0,0.0577,829,803,50,0.0623,0
MEM-JFK,medium,2026-05-17,6,1,0,0,0.2363,771,760,34,0.0447,0
MEM-JFK,medium,2026-05-18,0,0,0,0,0.0949,1611,1568,78,0.0497,0
MEM-JFK,medium,2026-05-19,1,0,0,0,0.1406,1242,1206,42,0.0348,0
MEM-JFK,medium,2026-05-20,2,0,0,0,0.0,1266,1234,61,0.0494,0
MEM-JFK,medium,2026-05-21,3,0,0,0,0.247,1392,1374,75,0.0546,0
MEM-JFK,medium,2026-05-22,4,0,0,0,0.154,1214,1180,57,0.0483,0
MEM-JFK,medium,2026-05-23,5,1,0,0,0.2198,715,689,38,0.0552,0
MEM-JFK,medium,2026-05-24,6,1,0,0,0.2811,701,682,47,0.0689,0
MEM-JFK,medium,2026-05-25,0,0,0,0,0.2205,1401,1352,58,0.0429,0
MEM-JFK,medium,2026-05-26,1,0,0,0,0.0492,1227,1184,43,0.0363,0
MEM-JFK,medium,2026-05-27,2,0,0,0,0.1707,1220,1176,43,0.0366,0
MEM-JFK,medium,2026-05-28,3,0,0,0,0.1951,1101,1084,48,0.0443,0
MEM-JFK,medium,2026-05-29,4,0,0,0,0.1701,1398,1354,54,0.0399,0
MEM-JFK,medium,2026-05-30,5,1,0,0,0.085,811,799,50,0.0626,0
MEM-JFK,medium,2026-05-31,6,1,0,0,0.2042,675,656,26,0.0396,0
MEM-JFK,medium,2026-06-01,0,0,0,0,0.1028,1358,1332,67,0.0503,0
MEM-JFK,medium,2026-06-02,1,0,0,0,0.0027,1428,1396,57,0.0408,0
MEM-JFK,medium,2026-06-03,2,0,0,0,0.0511,1091,1051,45,0.0428,0
MEM-JFK,medium,2026-06-04,3,0,0,0,0.3968,1097,1072,44,0.041,0
MEM-JFK,medium,2026-06-05,4,0,0,0,0.0843,1316,1278,46,0.036,0
MEM-JFK,medium,2026-06-06,5,1,0,0,0.1291,723,709,35,0.0494,0
MEM-JFK,medium,2026-06-07,6,1,0,0,0.1077,641,618,39,0.0631,0
MEM-JFK,medium,2026-06-08,0,0,0,0,0.1727,1465,1423,52,0.0365,0
MEM-JFK,medium,2026-06-09,1,0,0,0,0.1246,1413,1384,64,0.0462,0
MEM-JFK,medium,2026-06-10,2,0,0,0,0.0951,1364,1313,58,0.0442,0
MEM-JFK,medium,2026-06-11,3,0,0,0,0.1421,1223,1183,52,0.044,0
MEM-JFK,medium,2026-06-12,4,0,0,0,0.2486,1294,1269,49,0.0386,0
MEM-JFK,medium,2026-06-13,5,1,0,0,0.1597,818,797,50,0.0627,0
MEM-JFK,medium,2026-06-14,6,1,0,0,0.2452,676,667,44,0.066,0
MEM-JFK,medium,2026-06-15,0,0,0,0,0.041,1297,1259,65,0.0516,0
MEM-JFK,medium,2026-06-16,1,0,0,0,0.0909,1229,1205,62,0.0515,0
MEM-JFK,medium,2026-06-17,2,0,0,0,0.219,1446,1408,54,0.0384,0
MEM-JFK,medium,2026-06-18,3,0,0,0,0.2022,1124,1107,52,0.047,0
MEM-JFK,medium,2026-06-19,4,0,0,0,0.2359,1344,1315,55,0.0418,0
MEM-JFK,medium,2026-06-20,5,1,0,0,0.1138,729,712,38,0.0534,0
MEM-JFK,medium,2026-06-21,6,1,0,0,0.1382,656,636,29,0.0456,0
MEM-JFK,medium,2026-06-22,0,0,0,0,0.0817,1318,1271,52,0.0409,0
MEM-JFK,medium,2026-06-23,1,0,0,0,0.7411,1309,1283,265,0.2065,1
MEM-JFK,medium,2026-06-24,2,0,0,0,0.2888,1323,1294,69,0.0533,0
MEM-JFK,medium,2026-06-25,3,0,0,0,0.077,1474,1431,64,0.0447,0
MEM-JFK,medium,2026-06-26,4,0,0,0,0.0,1417,1386,70,0.0505,0
MEM-JFK,medium,2026-06-27,5,1,0,0,0.868,667,658,160,0.2432,1
MEM-JFK,medium,2026-06-28,6,1,0,0,0.2173,628,618,42,0.068,0
MEM-JFK,medium,2026-06-29,0,0,0,0,0.2279,1387,1339,64,0.0478,0
MEM-JFK,medium,2026-06-30,1,0,0,0,0.1379,1354,1317,53,0.0402,0
MEM-JFK,medium,2026-07-01,2,0,0,0,0.1933,1406,1378,64,0.0464,0
MEM-JFK,medium,2026-07-02,3,0,0,0,0.1787,1243,1201,58,0.0483,0
MEM-JFK,medium,2026-07-03,4,0,0,0,0.2245,1255,1220,72,0.059,0
MEM-JFK,medium,2026-07-04,5,1,1,0,0.0863,192,187,10,0.0535,0
MEM-JFK,medium,2026-07-05,6,1,0,0,0.0,817,803,63,0.0785,0
MEM-JFK,medium,2026-07-06,0,0,0,0,0.0452,1340,1314,53,0.0403,0
MEM-JFK,medium,2026-07-07,1,0,0,0,0.2314,1347,1325,64,0.0483,0
MEM-JFK,medium,2026-07-08,2,0,0,0,0.3237,1353,1328,60,0.0452,0
MEM-JFK,medium,2026-07-09,3,0,0,0,0.0,1233,1198,58,0.0484,0
MEM-JFK,medium,2026-07-10,4,0,0,0,0.1672,1151,1136,40,0.0352,0
MEM-JFK,medium,2026-07-11,5,1,0,0,0.6627,800,788,149,0.1891,1
MEM-JFK,medium,2026-07-12,6,1,0,0,0.8534,770,759,112,0.1476,1
MEM-JFK,medium,2026-07-13,0,0,0,0,0.2603,1526,1494,63,0.0422,0
MEM-JFK,medium,2026-07-14,1,0,0,0,0.0685,1482,1463,65,0.0444,0
MEM-JFK,medium,2026-07-15,2,0,0,0,0.1884,1572,1543,53,0.0343,0
MEM-JFK,medium,2026-07-16,3,0,0,0,0.0493,1465,1442,65,0.0451,0
MEM-JFK,medium,2026-07-17,4,0,0,0,0.1549,1263,1241,57,0.0459,0
MEM-JFK,medium,2026-07-18,5,1,0,0,0.1226,728,709,37,0.0522,0
MEM-JFK,medium,2026-07-19,6,1,0,0,0.0295,737,724,53,0.0732,0
MEM-JFK,medium,2026-07-20,0,0,0,0,0.1531,1346,1313,50,0.0381,0
MEM-JFK,medium,2026-07-21,1,0,0,0,0.3666,1181,1165,48,0.0412,0
MEM-JFK,medium,2026-07-22,2,0,0,0,0.203,1376,1340,65,0.0485,0
MEM-JFK,medium,2026-07-23,3,0,0,0,0.0707,1187,1143,45,0.0394,0
MEM-JFK,medium,2026-07-24,4,0,0,0,0.0948,1259,1213,48,0.0396,0
MEM-JFK,medium,2026-07-25,5,1,0,0,0.1437,698,674,46,0.0682,0
MEM-JFK,medium,2026-07-26,6,1,0,0,0.4017,695,676,47,0.0695,0
MEM-JFK,medium,2026-07-27,0,0,0,0,0.0236,1095,1075,63,0.0586,0
MEM-JFK,medium,2026-07-28,1,0,0,0,0.2111,1396,1374,52,0.0378,0
MEM-JFK,medium,2026-07-29,2,0,0,0,0.0108,1355,1332,52,0.039,0
MEM-JFK,medium,2026-07-30,3,0,0,0,0.1395,1342,1324,64,0.0483,0
MEM-JFK,medium,2026-07-31,4,0,0,0,0.1814,1391,1346,60,0.0446,0
MEM-JFK,medium,2026-08-01,5,1,0,0,0.0,697,674,38,0.0564,0
MEM-JFK,medium,2026-08-02,6,1,0,0,0.2877,745,717,45,0.0628,0
MEM-JFK,medium,2026-08-03,0,0,0,0,0.0966,1257,1237,46,0.0372,0
MEM-JFK,medium,2026-08-04,1,0,0,0,0.0008,1560,1510,76,0.0503,0
MEM-JFK,medium,2026-08-05,2,0,0,0,0.0,1246,1214,47,0.0387,0
MEM-JFK,medium,2026-08-06,3,0,0,0,0.0904,1180,1149,58,0.0505,0
MEM-JFK,medium,2026-08-07,4,0,0,0,0.1513,1228,1208,64,0.053,0
MEM-JFK,medium,2026-08-08,5,1,0,0,0.134,729,719,44,0.0612,0
MEM-JFK,medium,2026-08-09,6,1,0,0,0.0665,780,753,44,0.0584,0
MEM-JFK,medium,2026-08-10,0,0,0,0,0.2461,1488,1456,59,0.0405,0
MEM-JFK,medium,2026-08-11,1,0,0,0,0.4759,1213,1184,39,0.0329,0
MEM-JFK,medium,2026-08-12,2,0,0,0,0.1209,1535,1489,67,0.045,0
MEM-JFK,medium,2026-08-13,3,0,0,0,0.1732,1370,1324,59,0.0446,0
MEM-JFK,medium,2026-08-14,4,0,0,0,0.0482,1461,1412,59,0.0418,0
MEM-JFK,medium,2026-08-15,5,1,0,0,0.0,716,700,37,0.0529,0
MEM-JFK,medium,2026-08-16,6,1,0,0,0.1733,848,818,38,0.0465,0
MEM-JFK,medium,2026-08-17,0,0,0,0,0.0,1273,1244,56,0.045,0
MEM-JFK,medium,2026-08-18,1,0,0,0,0.1772,1297,1275,58,0.0455,0
MEM-JFK,medium,2026-08-19,2,0,0,0,0.3643,1393,1355,67,0.0494,0
MEM-JFK,medium,2026-08-20,3,0,0,0,0.2574,1184,1160,39,0.0336,0
MEM-JFK,medium,2026-08-21,4,0,0,0,0.1487,1335,1312,56,0.0427,0
MEM-JFK,medium,2026-08-22,5,1,0,0,0.0566,669,656,39,0.0595,0
MEM-JFK,medium,2026-08-23,6,1,0,0,0.3104,682,669,51,0.0762,0
MEM-MIA,medium,2023-08-25,4,0,0,0,0.1452,1111,1072,43,0.0401,0
MEM-MIA,medium,2023-08-26,5,1,0,0,0.2416,597,583,40,0.0686,0
MEM-MIA,medium,2023-08-27,6,1,0,0,0.2389,520,513,24,0.0468,0
MEM-MIA,medium,2023-08-28,0,0,0,0,0.0537,958,923,31,0.0336,0
MEM-MIA,medium,2023-08-29,1,0,0,0,0.1732,961,944,30,0.0318,0
MEM-MIA,medium,2023-08-30,2,0,0,0,0.1207,1078,1042,58,0.0557,0
MEM-MIA,medium,2023-08-31,3,0,0,0,0.0772,1153,1124,51,0.0454,0
MEM-MIA,medium,2023-09-01,4,0,0,0,0.0751,1013,996,36,0.0361,0
MEM-MIA,medium,2023-09-02,5,1,0,0,0.0,560,550,36,0.0655,0
MEM-MIA,medium,2023-09-03,6,1,0,0,0.0282,534,522,26,0.0498,0
MEM-MIA,medium,2023-09-04,0,0,0,0,0.3582,767,749,30,0.0401,0
MEM-MIA,medium,2023-09-05,1,0,0,0,0.1337,1021,996,27,0.0271,0
MEM-MIA,medium,2023-09-06,2,0,0,0,0.0286,1201,1160,46,0.0397,0
MEM-MIA,medium,2023-09-07,3,0,0,0,0.0259,1154,1120,46,0.0411,0
MEM-MIA,medium,2023-09-08,4,0,0,0,0.1543,986,954,29,0.0304,0
MEM-MIA,medium,2023-09-09,5,1,0,0,0.2136,554,539,24,0.0445,0
MEM-MIA,medium,2023-09-10,6,1,0,0,0.2183,657,638,38,0.0596,0
MEM-MIA,medium,2023-09-11,0,0,0,0,0.2073,1015,979,42,0.0429,0
MEM-MIA,medium,2023-09-12,1,0,0,0,0.2209,1064,1039,50,0.0481,0
MEM-MIA,medium,2023-09-13,2,0,0,0,0.4166,974,947,38,0.0401,0
MEM-MIA,medium,2023-09-14,3,0,0,0,0.1358,1227,1191,50,0.042,0
MEM-MIA,medium,2023-09-15,4,0,0,0,0.4076,1093,1074,35,0.0326,0
MEM-MIA,medium,2023-09-16,5,1,0,0,0.1467,560,549,23,0.0419,0
MEM-MIA,medium,2023-09-17,6,1,0,0,0.0,601,582,23,0.0395,0
MEM-MIA,medium,2023-09-18,0,0,0,0,0.0131,1149,1130,62,0.0549,0
MEM-MIA,medium,2023-09-19,1,0,0,0,0.3212,1001,978,45,0.046,0
MEM-MIA,medium,2023-09-20,2,0,0,0,0.0711,1113,1087,56,0.0515,0
MEM-MIA,medium,2023-09-21,3,0,0,0,0.203,1007,989,34,0.0344,0
MEM-MIA,medium,2023-09-22,4,0,0,0,0.0,813,786,28,0.0356,0
MEM-MIA,medium,2023-09-23,5,1,0,0,0.2047,513,496,28,0.0565,0
MEM-MIA,medium,2023-09-24,6,1,0,0,0.0022,554,536,23,0.0429,0
MEM-MIA,medium,2023-09-25,0,0,0,0,0.1201,985,969,35,0.0361,0
MEM-MIA,medium,2023-09-26,1,0,0,0,0.0635,939,920,34,0.037,0
MEM-MIA,medium,2023-09-27,2,0,0,0,0.0906,1168,1137,46,0.0405,0
MEM-MIA,medium,2023-09-28,3,0,0,0,0.1185,977,944,44,0.0466,0
MEM-MIA,medium,2023-09-29,4,0,0,0,0.1199,996,979,33,0.0337,0
MEM-MIA,medium,2023-09-30,5,1,0,0,0.0593,559,548,22,0.0401,0
MEM-MIA,medium,2023-10-01,6,1,0,0,0.4135,526,508,29,0.0571,0
MEM-MIA,medium,2023-10-02,0,0,0,0,0.0616,1067,1040,33,0.0317,0
MEM-MIA,medium,2023-10-03,1,0,0,0,0.0775,988,959,39,0.0407,0
MEM-MIA,medium,2023-10-04,2,0,0,0,0.1955,987,959,33,0.0344,0
MEM-MIA,medium,2023-10-05,3,0,0,0,0.1083,944,919,34,0.037,0
MEM-MIA,medium,2023-10-06,4,0,0,0,0.1351,891,865,30,0.0347,0
MEM-MIA,medium,2023-10-07,5,1,0,0,0.0487,574,562,34,0.0605,0
MEM-MIA,medium,2023-10-08,6,1,0,0,0.1126,516,505,24,0.0475,0
MEM-MIA,medium,2023-10-09,0,0,0,0,0.2008,1095,1074,47,0.0438,0
MEM-MIA,medium,2023-10-10,1,0,0,0,0.194,1037,998,39,0.0391,0
MEM-MIA,medium,2023-10-11,2,0,0,0,0.2581,1253,1211,42,0.0347,0
MEM-MIA,medium,2023-10-12,3,0,0,0,0.0973,860,832,26,0.0312,0
MEM-MIA,medium,2023-10-13,4,0,0,0,0.3415,852,828,32,0.0386,0
MEM-MIA,medium,2023-10-14,5,1,0,0,0.0618,505,497,22,0.0443,0
MEM-MIA,medium,2023-10-15,6,1,0,0,0.2292,576,568,28,0.0493,0
MEM-MIA,medium,2023-10-16,0,0,0,0,0.0852,1054,1015,37,0.0365,0
MEM-MIA,medium,2023-10-17,1,0,0,0,0.1752,978,944,27,0.0286,0
MEM-MIA,medium,2023-10-18,2,0,0,0,0.1859,1176,1146,46,0.0401,0
MEM-MIA,medium,2023-10-19,3,0,0,0,0.1151,1045,1025,43,0.042,0
MEM-MIA,medium,2023-10-20,4,0,0,0,0.0893,925,897,43,0.0479,0
MEM-MIA,medium,2023-10-21,5,1,0,0,0.2932,468,455,27,0.0593,0
MEM-MIA,medium,2023-10-22,6,1,0,0,0.1253,556,538,27,0.0502,0
MEM-MIA,medium,2023-10-23,0,0,0,0,0.1807,1002,973,39,0.0401,0
MEM-MIA,medium,2023-10-24,1,0,0,0,0.0407,992,969,34,0.0351,0
MEM-MIA,medium,2023-10-25,2,0,0,0,0.0,880,863,38,0.044,0
MEM-MIA,medium,2023-10-26,3,0,0,0,0.228,864,845,35,0.0414,0
MEM-MIA,medium,2023-10-27,4,0,0,0,0.1353,1020,993,41,0.0413,0
MEM-MIA,medium,2023-10-28,5,1,0,0,0.3595,519,509,26,0.0511,0
MEM-MIA,medium,2023-10-29,6,1,0,0,0.1076,505,490,28,0.0571,0
MEM-MIA,medium,2023-10-30,0,0,0,0,0.0,1097,1074,32,0.0298,0
MEM-MIA,medium,2023-10-31,1,0,0,0,0.0738,892,870,24,0.0276,0
MEM-MIA,medium,2023-11-01,2,0,0,0,0.1868,954,930,47,0.0505,0
MEM-MIA,medium,2023-11-02,3,0,0,0,0.098,1033,1011,41,0.0406,0
MEM-MIA,medium,2023-11-03,4,0,0,0,0.0,1134,1111,42,0.0378,0
MEM-MIA,medium,2023-11-04,5,1,0,0,0.2674,490,476,30,0.063,0
MEM-MIA,medium,2023-11-05,6,1,0,0,0.0,549,537,23,0.0428,0
MEM-MIA,medium,2023-11-06,0,0,0,0,0.2201,1076,1060,39,0.0368,0
MEM-MIA,medium,2023-11-07,1,0,0,0,0.2406,947,923,28,0.0303,0
MEM-MIA,medium,2023-11-08,2,0,0,0,0.1707,996,973,32,0.0329,0
MEM-MIA,medium,2023-11-09,3,0,0,0,0.1616,1143,1114,51,0.0458,0
MEM-MIA,medium,2023-11-10,4,0,0,0,0.1991,913,892,33,0.037,0
MEM-MIA,medium,2023-11-11,5,1,1,0,0.2699,124,120,2,0.0167,0
MEM-MIA,medium,2023-11-12,6,1,0,0,0.163,551,544,28,0.0515,0
MEM-MIA,medium,2023-11-13,0,0,0,0,0.2209,984,961,38,0.0395,0
MEM-MIA,medium,2023-11-14,1,0,0,0,0.2596,1019,1001,44,0.044,0
MEM-MIA,medium,2023-11-15,2,0,0,0,0.3395,1135,1096,46,0.042,0
MEM-MIA,medium,2023-11-16,3,0,0,0,0.0825,1053,1028,45,0.0438,0
MEM-MIA,medium,2023-11-17,4,0,0,0,0.7848,1118,1090,164,0.1505,1
MEM-MIA,medium,2023-11-18,5,1,0,0,0.8898,595,576,83,0.1441,1
MEM-MIA,medium,2023-11-19,6,1,0,0,0.1202,627,607,35,0.0577,0
MEM-MIA,medium,2023-11-20,0,0,0,1,0.0583,1501,1456,93,0.0639,0
MEM-MIA,medium,2023-11-21,1,0,0,1,0.0623,1806,1778,116,0.0652,0
MEM-MIA,medium,2023-11-22,2,0,0,1,0.264,1612,1582,102,0.0645,0
MEM-MIA,medium,2023-11-23,3,0,0,1,0.0819,1461,1409,95,0.0674,0
MEM-MIA,medium,2023-11-24,4,0,0,1,0.2719,1509,1481,101,0.0682,0
MEM-MIA,medium,2023-11-25,5,1,0,1,0.2533,856,842,62,0.0736,0
MEM-MIA,medium,2023-11-26,6,1,0,1,0.087,1001,972,82,0.0844,0
MEM-MIA,medium,2023-11-27,0,0,0,1,0.1062,1592,1569,109,0.0695,0
MEM-MIA,medium,2023-11-28,1,0,0,1,0.0,1428,1390,96,0.0691,0
MEM-MIA,medium,2023-11-29,2,0,0,1,0.2039,1704,1665,115,0.0691,0
MEM-MIA,medium,2023-11-30,3,0,0,1,0.0052,1519,1466,101,0.0689,0
MEM-MIA,medium,2023-12-01,4,0,0,1,0.267,1536,1479,96,0.0649,0
MEM-MIA,medium,2023-12-02,5,1,0,1,0.1689,1177,1137,102,0.0897,0
MEM-MIA,medium,2023-12-03,6,1,0,1,0.4143,726,711,79,0.1111,0
MEM-MIA,medium,2023-12-04,0,0,0,1,0.104,1380,1335,109,0.0816,0
MEM-MIA,medium,2023-12-05,1,0,0,1,0.0,1502,1457,91,0.0625,0
MEM-MIA,medium,2023-12-06,2,0,0,1,0.1368,1450,1424,78,0.0548,0
MEM-MIA,medium,2023-12-07,3,0,0,1,0.2151,1511,1485,95,0.064,0
MEM-MIA,medium,2023-12-08,4,0,0,1,0.1106,1467,1414,88,0.0622,0
MEM-MIA,medium,2023-12-09,5,1,0,1,0.1697,775,757,67,0.0885,0
MEM-MIA,medium,2023-12-10,6,1,0,1,0.2347,940,908,78,0.0859,0
MEM-MIA,medium,2023-12-11,0,0,0,1,0.0,2136,2066,132,0.0639,0
MEM-MIA,medium,2023-12-12,1,0,0,1,0.081,1579,1536,111,0.0723,0
MEM-MIA,medium,2023-12-13,2,0,0,1,0.3178,2155,2104,139,0.0661,0
MEM-MIA,medium,2023-12-14,3,0,0,1,0.1111,1598,1547,79,0.0511,0
MEM-MIA,medium,2023-12-15,4,0,0,1,0.3626,1715,1659,114,0.0687,0
MEM-MIA,medium,2023-12-16,5,1,0,1,0.0195,821,796,58,0.0729,0
MEM-MIA,medium,2023-12-17,6,1,0,1,0.0,765,746,50,0.067,0
MEM-MIA,medium,2023-12-18,0,0,0,1,0.3501,1806,1751,124,0.0708,0
MEM-MIA,medium,2023-12-19,1,0,0,1,0.1642,1632,1604,111,0.0692,0
MEM-MIA,medium,2023-12-20,2,0,0,1,0.1634,1661,1630,128,0.0785,0
MEM-MIA,medium,2023-12-21,3,0,0,1,0.0581,1546,1502,102,0.0679,0
MEM-MIA,medium,2023-12-22,4,0,0,1,0.2284,1515,1491,110,0.0738,0
MEM-MIA,medium,2023-12-23,5,1,0,1,0.2511,810,782,73,0.0934,0
MEM-MIA,medium,2023-12-24,6,1,0,1,0.0461,879,862,80,0.0928,0
MEM-MIA,medium,2023-12-25,0,0,1,1,0.2951,378,370,20,0.0541,0
MEM-MIA,medium,2023-12-26,1,0,0,1,0.2278,1626,1587,111,0.0699,0
MEM-MIA,medium,2023-12-27,2,0,0,0,0.1806,1006,974,42,0.0431,0
MEM-MIA,medium,2023-12-28,3,0,0,0,0.1405,1149,1113,56,0.0503,0
MEM-MIA,medium,2023-12-29,4,0,0,0,0.1844,994,976,32,0.0328,0
MEM-MIA,medium,2023-12-30,5,1,0,0,0.1619,583,566,25,0.0442,0
MEM-MIA,medium,2023-12-31,6,1,0,0,0.2611,560,542,29,0.0535,0
MEM-MIA,medium,2024-01-01,0,0,1,0,0.1524,257,247,11,0.0445,0
MEM-MIA,medium,2024-01-02,1,0,0,0,0.1458,1123,1083,45,0.0416,0
MEM-MIA,medium,2024-01-03,2,0,0,0,0.1217,910,884,26,0.0294,0
MEM-MIA,medium,2024-01-04,3,0,0,0,0.0,1228,1196,54,0.0452,0
MEM-MIA,medium,2024-01-05,4,0,0,0,0.1788,870,845,38,0.045,0
MEM-MIA,medium,2024-01-06,5,1,0,0,0.1727,583,564,30,0.0532,0
MEM-MIA,medium,2024-01-07,6,1,0,0,0.191,618,599,35,0.0584,0
MEM-MIA,medium,2024-01-08,0,0,0,0,0.2748,1025,988,30,0.0304,0
MEM-MIA,medium,2024-01-09,1,0,0,0,0.0456,1012,974,36,0.037,0
MEM-MIA,medium,2024-01-10,2,0,0,0,0.8956,821,802,115,0.1434,1
MEM-MIA,medium,2024-01-11,3,0,0,0,0.6373,1170,1144,136,0.1189,1
MEM-MIA,medium,2024-01-12,4,0,0,0,0.0432,942,915,37,0.0404,0
MEM-MIA,medium,2024-01-13,5,1,0,0,0.176,598,586,28,0.0478,0
MEM-MIA,medium,2024-01-14,6,1,0,0,0.0118,567,548,20,0.0365,0
MEM-MIA,medium,2024-01-15,0,0,0,0,0.2235,1023,996,45,0.0452,0
MEM-MIA,medium,2024-01-16,1,0,0,0,0.2203,1134,1115,52,0.0466,0
MEM-MIA,medium,2024-01-17,2,0,0,0,0.1659,924,902,29,0.0322,0
MEM-MIA,medium,2024-01-18,3,0,0,0,0.1989,1066,1032,40,0.0388,0
MEM-MIA,medium,2024-01-19,4,0,0,0,0.0,1037,1007,42,0.0417,0
MEM-MIA,medium,2024-01-20,5,1,0,0,0.1938,594,573,32,0.0558,0
MEM-MIA,medium,2024-01-21,6,1,0,0,0.1262,634,622,34,0.0547,0
MEM-MIA,medium,2024-01-22,0,0,0,0,0.1154,1086,1057,42,0.0397,0
MEM-MIA,medium,2024-01-23,1,0,0,0,0.1991,1050,1019,41,0.0402,0
MEM-MIA,medium,2024-01-24,2,0,0,0,0.2105,947,920,40,0.0435,0
MEM-MIA,medium,2024-01-25,3,0,0,0,0.2132,1083,1069,46,0.043,0
MEM-MIA,medium,2024-01-26,4,0,0,0,0.3177,974,961,36,0.0375,0
MEM-MIA,medium,2024-01-27,5,1,0,0,0.1728,575,554,25,0.0451,0
MEM-MIA,medium,2024-01-28,6,1,0,0,0.201,517,503,24,0.0477,0
MEM-MIA,medium,2024-01-29,0,0,0,0,0.0932,965,951,47,0.0494,0
MEM-MIA,medium,2024-01-30,1,0,0,0,0.0,729,706,28,0.0397,0
MEM-MIA,medium,2024-01-31,2,0,0,0,0.4211,1001,986,41,0.0416,0
MEM-MIA,medium,2024-02-01,3,0,0,0,0.2715,1026,1005,38,0.0378,0
MEM-MIA,medium,2024-02-02,4,0,0,0,0.2541,1081,1063,35,0.0329,0
MEM-MIA,medium,2024-02-03,5,1,0,0,0.0666,497,484,17,0.0351,0
MEM-MIA,medium,2024-02-04,6,1,0,0,0.1092,489,479,18,0.0376,0
MEM-MIA,medium,2024-02-05,0,0,0,0,0.0097,970,949,31,0.0327,0
MEM-MIA,medium,2024-02-06,1,0,0,0,0.0181,810,791,27,0.0341,0
MEM-MIA,medium,2024-02-07,2,0,0,0,0.1934,975,943,35,0.0371,0
MEM-MIA,medium,2024-02-08,3,0,0,0,0.3085,1039,1023,45,0.044,0
MEM-MIA,medium,2024-02-09,4,0,0,0,0.0,1187,1152,48,0.0417,0
MEM-MIA,medium,2024-02-10,5,1,0,0,0.2388,563,549,30,0.0546,0
MEM-MIA,medium,2024-02-11,6,1,0,0,0.111,614,596,26,0.0436,0
MEM-MIA,medium,2024-02-12,0,0,0,0,0.1275,845,830,27,0.0325,0
MEM-MIA,medium,2024-02-13,1,0,0,0,0.1347,1045,1006,42,0.0417,0
MEM-MIA,medium,2024-02-14,2,0,0,0,0.0832,955,926,38,0.041,0
MEM-MIA,medium,2024-02-15,3,0,0,0,0.2421,1063,1048,32,0.0305,0
MEM-MIA,medium,2024-02-16,4,0,0,0,0.0889,905,885,26,0.0294,0
MEM-MIA,medium,2024-02-17,5,1,0,0,0.0,510,492,18,0.0366,0
MEM-MIA,medium,2024-02-18,6,1,0,0,0.1044,608,597,32,0.0536,0
MEM-MIA,medium,2024-02-19,0,0,0,0,0.0861,1126,1094,40,0.0366,0
MEM-MIA,medium,2024-02-20,1,0,0,0,0.0662,973,957,41,0.0428,0
MEM-MIA,medium,2024-02-21,2,0,0,0,0.0871,1124,1100,37,0.0336,0
MEM-MIA,medium,2024-02-22,3,0,0,0,0.3483,1251,1208,59,0.0488,0
MEM-MIA,medium,2024-02-23,4,0,0,0,0.1448,980,953,37,0.0388,0
MEM-MIA,medium,2024-02-24,5,1,0,0,0.1407,606,590,38,0.0644,0
MEM-MIA,medium,2024-02-25,6,1,0,0,0.7126,594,583,98,0.1681,1
MEM-MIA,medium,2024-02-26,0,0,0,0,0.2885,988,971,28,0.0288,0
MEM-MIA,medium,2024-02-27,1,0,0,0,0.1909,955,932,43,0.0461,0
MEM-MIA,medium,2024-02-28,2,0,0,0,0.1042,971,935,34,0.0364,0
MEM-MIA,medium,2024-02-29,3,0,0,0,0.0,1089,1053,47,0.0446,0
MEM-MIA,medium,2024-03-01,4,0,0,0,0.1065,922,893,46,0.0515,0
MEM-MIA,medium,2024-03-02,5,1,0,0,0.3225,536,522,29,0.0556,0
MEM-MIA,medium,2024-03-03,6,1,0,0,0.1327,523,506,27,0.0534,0
MEM-MIA,medium,2024-03-04,0,0,0,0,0.0563,1081,1046,38,0.0363,0
MEM-MIA,medium,2024-03-05,1,0,0,0,0.2378,1135,1109,42,0.0379,0
MEM-MIA,medium,2024-03-06,2,0,0,0,0.3382,1099,1072,38,0.0354,0
MEM-MIA,medium,2024-03-07,3,0,0,0,0.1726,1036,997,46,0.0461,0
MEM-MIA,medium,2024-03-08,4,0,0,0,0.0125,1009,994,47,0.0473,0
MEM-MIA,medium,2024-03-09,5,1,0,0,0.2415,548,541,24,0.0444,0
MEM-MIA,medium,2024-03-10,6,1,0,0,0.1604,449,434,23,0.053,0
MEM-MIA,medium,2024-03-11,0,0,0,0,0.0,1083,1043,37,0.0355,0
MEM-MIA,medium,2024-03-12,1,0,0,0,0.0579,1093,1072,45,0.042,0
MEM-MIA,medium,2024-03-13,2,0,0,0,0.0218,1005,975,40,0.041,0
MEM-MIA,medium,2024-03-14,3,0,0,0,0.0923,956,932,47,0.0504,0
MEM-MIA,medium,2024-03-15,4,0,0,0,0.237,1098,1077,43,0.0399,0
MEM-MIA,medium,2024-03-16,5,1,0,0,0.0823,583,562,26,0.0463,0
MEM-MIA,medium,2024-03-17,6,1,0,0,0.1851,545,527,29,0.055,0
MEM-MIA,medium,2024-03-18,0,0,0,0,0.1721,955,926,30,0.0324,0
MEM-MIA,medium,2024-03-19,1,0,0,0,0.1207,1068,1042,40,0.0384,0
MEM-MIA,medium,2024-03-20,2,0,0,0,0.2919,887,855,31,0.0363,0
MEM-MIA,medium,2024-03-21,3,0,0,0,0.4088,1008,989,38,0.0384,0
MEM-MIA,medium,2024-03-22,4,0,0,0,0.1985,1148,1121,45,0.0401,0
MEM-MIA,medium,2024-03-23,5,1,0,0,0.2846,632,610,41,0.0672,0
MEM-MIA,medium,2024-03-24,6,1,0,0,0.0958,566,555,31,0.0559,0
MEM-MIA,medium,2024-03-25,0,0,0,0,0.398,915,898,35,0.039,0
MEM-MIA,medium,2024-03-26,1,0,0,0,0.1922,913,896,32,0.0357,0
MEM-MIA,medium,2024-03-27,2,0,0,0,0.21,969,954,42,0.044,0
MEM-MIA,medium,2024-03-28,3,0,0,0,0.0486,952,922,34,0.0369,0
MEM-MIA,medium,2024-03-29,4,0,0,0,0.1198,951,924,35,0.0379,0
MEM-MIA,medium,2024-03-30,5,1,0,0,0.2513,617,608,28,0.0461,0
MEM-MIA,medium,2024-03-31,6,1,0,0,0.1971,588,576,33,0.0573,0
MEM-MIA,medium,2024-04-01,0,0,0,0,0.096,931,896,42,0.0469,0
MEM-MIA,medium,2024-04-02,1,0,0,0,0.1257,891,876,40,0.0457,0
MEM-MIA,medium,2024-04-03,2,0,0,0,0.2465,1003,973,42,0.0432,0
MEM-MIA,medium,2024-04-04,3,0,0,0,0.0803,930,909,29,0.0319,0
MEM-MIA,medium,2024-04-05,4,0,0,0,0.3496,914,894,37,0.0414,0
MEM-MIA,medium,2024-04-06,5,1,0,0,0.1805,546,530,33,0.0623,0
MEM-MIA,medium,2024-04-07,6,1,0,0,0.1233,634,623,31,0.0498,0
MEM-MIA,medium,2024-04-08,0,0,0,0,0.1666,943,930,37,0.0398,0
MEM-MIA,medium,2024-04-09,1,0,0,0,0.1885,1044,1016,33,0.0325,0
MEM-MIA,medium,2024-04-10,2,0,0,0,0.2069,970,952,37,0.0389,0
MEM-MIA,medium,2024-04-11,3,0,0,0,0.4815,1038,1025,102,0.0995,1
MEM-MIA,medium,2024-04-12,4,0,0,0,0.8337,1027,994,172,0.173,1
MEM-MIA,medium,2024-04-13,5,1,0,0,0.1621,560,543,31,0.0571,0
MEM-MIA,medium,2024-04-14,6,1,0,0,0.2666,659,636,32,0.0503,0
MEM-MIA,medium,2024-04-15,0,0,0,0,0.0,840,821,32,0.039,0
MEM-MIA,medium,2024-04-16,1,0,0,0,0.0455,1010,979,34,0.0347,0
MEM-MIA,medium,2024-04-17,2,0,0,0,0.1496,1138,1103,40,0.0363,0
MEM-MIA,medium,2024-04-18,3,0,0,0,0.0766,929,910,42,0.0462,0
MEM-MIA,medium,2024-04-19,4,0,0,0,0.2025,1156,1134,44,0.0388,0
MEM-MIA,medium,2024-04-20,5,1,0,0,0.216,580,569,24,0.0422,0
MEM-MIA,medium,2024-04-21,6,1,0,0,0.2196,474,465,18,0.0387,0
MEM-MIA,medium,2024-04-22,0,0,0,0,0.1846,998,969,37,0.0382,0
MEM-MIA,medium,2024-04-23,1,0,0,0,0.3915,1033,1018,47,0.0462,0
MEM-MIA,medium,2024-04-24,2,0,0,0,0.0272,1051,1030,44,0.0427,0
MEM-MIA,medium,2024-04-25,3,0,0,0,0.0,1102,1080,41,0.038,0
MEM-MIA,medium,2024-04-26,4,0,0,0,0.0,884,853,34,0.0399,0
MEM-MIA,medium,2024-04-27,5,1,0,0,0.1892,559,538,21,0.039,0
MEM-MIA,medium,2024-04-28,6,1,0,0,0.2323,613,596,40,0.0671,0
MEM-MIA,medium,2024-04-29,0,0,0,0,0.0234,976,952,43,0.0452,0
MEM-MIA,medium,2024-04-30,1,0,0,0,0.0,1116,1076,37,0.0344,0
MEM-MIA,medium,2024-05-01,2,0,0,0,0.1865,1013,985,36,0.0365,0
MEM-MIA,medium,2024-05-02,3,0,0,0,0.0714,1089,1057,37,0.035,0
MEM-MIA,medium,2024-05-03,4,0,0,0,0.194,1084,1045,27,0.0258,0
MEM-MIA,medium,2024-05-04,5,1,0,0,0.0848,545,530,21,0.0396,0
MEM-MIA,medium,2024-05-05,6,1,0,0,0.0,624,614,29,0.0472,0
MEM-MIA,medium,2024-05-06,0,0,0,0,0.1216,843,814,31,0.0381,0
MEM-MIA,medium,2024-05-07,1,0,0,0,0.1529,994,966,39,0.0404,0
MEM-MIA,medium,2024-05-08,2,0,0,0,0.0,1138,1110,36,0.0324,0
MEM-MIA,medium,2024-05-09,3,0,0,0,0.2608,922,896,38,0.0424,0
MEM-MIA,medium,2024-05-10,4,0,0,0,0.2376,1184,1145,41,0.0358,0
MEM-MIA,medium,2024-05-11,5,1,0,0,0.0981,566,547,35,0.064,0
MEM-MIA,medium,2024-05-12,6,1,0,0,0.1046,577,564,32,0.0567,0
MEM-MIA,medium,2024-05-13,0,0,0,0,0.0482,987,969,37,0.0382,0
MEM-MIA,medium,2024-05-14,1,0,0,0,0.1179,914,888,24,0.027,0
MEM-MIA,medium,2024-05-15,2,0,0,0,0.1883,991,954,37,0.0388,0
MEM-MIA,medium,2024-05-16,3,0,0,0,0.3324,1027,1001,49,0.049,0
MEM-MIA,medium,2024-05-17,4,0,0,0,0.0784,1132,1111,42,0.0378,0
MEM-MIA,medium,2024-05-18,5,1,0,0,0.1678,488,479,15,0.0313,0
MEM-MIA,medium,2024-05-19,6,1,0,0,0.0,591,575,35,0.0609,0
MEM-MIA,medium,2024-05-20,0,0,0,0,0.1002,1008,991,41,0.0414,0
MEM-MIA,medium,2024-05-21,1,0,0,0,0.0641,1010,980,45,0.0459,0
MEM-MIA,medium,2024-05-22,2,0,0,0,0.2669,1040,1014,42,0.0414,0
MEM-MIA,medium,2024-05-23,3,0,0,0,0.1352,1092,1052,35,0.0333,0
MEM-MIA,medium,2024-05-24,4,0,0,0,0.1029,1155,1130,49,0.0434,0
MEM-MIA,medium,2024-05-25,5,1,0,0,0.1876,528,510,20,0.0392,0
MEM-MIA,medium,2024-05-26,6,1,0,0,0.1396,590,573,33,0.0576,0
MEM-MIA,medium,2024-05-27,0,0,0,0,0.0676,902,869,36,0.0414,0
MEM-MIA,medium,2024-05-28,1,0,0,0,0.2027,1124,1105,50,0.0452,0
MEM-MIA,medium,2024-05-29,2,0,0,0,0.2336,909,893,37,0.0414,0
MEM-MIA,medium,2024-05-30,3,0,0,0,0.264,898,880,38,0.0432,0
MEM-MIA,medium,2024-05-31,4,0,0,0,0.1276,938,903,48,0.0532,0
MEM-MIA,medium,2024-06-01,5,1,0,0,0.349,618,599,24,0.0401,0
MEM-MIA,medium,2024-06-02,6,1,0,0,0.2503,458,445,21,0.0472,0
MEM-MIA,medium,2024-06-03,0,0,0,0,0.1704,957,942,38,0.0403,0
MEM-MIA,medium,2024-06-04,1,0,0,0,0.1194,1013,986,35,0.0355,0
MEM-MIA,medium,2024-06-05,2,0,0,0,0.2745,954,936,44,0.047,0
MEM-MIA,medium,2024-06-06,3,0,0,0,0.2034,1076,1044,49,0.0469,0
MEM-MIA,medium,2024-06-07,4,0,0,0,0.282,976,961,32,0.0333,0
MEM-MIA,medium,2024-06-08,5,1,0,0,0.3232,581,574,27,0.047,0
MEM-MIA,medium,2024-06-09,6,1,0,0,0.0,653,632,39,0.0617,0
MEM-MIA,medium,2024-06-10,0,0,0,0,0.0876,924,912,32,0.0351,0
MEM-MIA,medium,2024-06-11,1,0,0,0,0.1811,1072,1042,42,0.0403,0
MEM-MIA,medium,2024-06-12,2,0,0,0,0.1816,991,957,30,0.0313,0
MEM-MIA,medium,2024-06-13,3,0,0,0,0.0,962,928,38,0.0409,0
MEM-MIA,medium,2024-06-14,4,0,0,0,0.1323,910,877,33,0.0376,0
MEM-MIA,medium,2024-06-15,5,1,0,0,0.0865,600,582,24,0.0412,0
MEM-MIA,medium,2024-06-16,6,1,0,0,0.4552,508,489,111,0.227,1
MEM-MIA,medium,2024-06-17,0,0,0,0,0.1136,932,911,32,0.0351,0
MEM-MIA,medium,2024-06-18,1,0,0,0,0.1158,1013,975,43,0.0441,0
MEM-MIA,medium,2024-06-19,2,0,0,0,0.0532,973,945,35,0.037,0
MEM-MIA,medium,2024-06-20,3,0,0,0,0.2977,901,882,44,0.0499,0
MEM-MIA,medium,2024-06-21,4,0,0,0,0.0964,1020,987,33,0.0334,0
MEM-MIA,medium,2024-06-22,5,1,0,0,0.3645,595,586,38,0.0648,0
MEM-MIA,medium,2024-06-23,6,1,0,0,0.2165,444,428,23,0.0537,0
MEM-MIA,medium,2024-06-24,0,0,0,0,0.0855,859,837,39,0.0466,0
MEM-MIA,medium,2024-06-25,1,0,0,0,0.3236,828,808,35,0.0433,0
MEM-MIA,medium,2024-06-26,2,0,0,0,0.1612,1031,993,36,0.0363,0
MEM-MIA,medium,2024-06-27,3,0,0,0,0.2092,988,968,34,0.0351,0
MEM-MIA,medium,2024-06-28,4,0,0,0,0.2471,1005,972,35,0.036,0
MEM-MIA,medium,2024-06-29,5,1,0,0,0.1838,520,507,26,0.0513,0
MEM-MIA,medium,2024-06-30,6,1,0,0,0.1799,576,567,30,0.0529,0
MEM-MIA,medium,2024-07-01,0,0,0,0,0.1624,915,884,33,0.0373,0
MEM-MIA,medium,2024-07-02,1,0,0,0,0.1703,1128,1113,50,0.0449,0
MEM-MIA,medium,2024-07-03,2,0,0,0,0.092,1006,989,32,0.0324,0
MEM-MIA,medium,2024-07-04,3,0,1,0,0.2767,227,220,8,0.0364,0
MEM-MIA,medium,2024-07-05,4,0,0,0,0.0,1091,1053,36,0.0342,0
MEM-MIA,medium,2024-07-06,5,1,0,0,0.1241,561,547,31,0.0567,0
MEM-MIA,medium,2024-07-07,6,1,0,0,0.3015,582,561,30,0.0535,0
MEM-MIA,medium,2024-07-08,0,0,0,0,0.2046,1151,1119,50,0.0447,0
MEM-MIA,medium,2024-07-09,1,0,0,0,0.2337,880,858,37,0.0431,0
MEM-MIA,medium,2024-07-10,2,0,0,0,0.0711,1062,1046,46,0.044,0
MEM-MIA,medium,2024-07-11,3,0,0,0,0.2316,1123,1101,40,0.0363,0
MEM-MIA,medium,2024-07-12,4,0,0,0,0.0,1058,1029,37,0.036,0
MEM-MIA,medium,2024-07-13,5,1,0,0,0.058,572,559,28,0.0501,0
MEM-MIA,medium,2024-07-14,6,1,0,0,0.3439,592,581,28,0.0482,0
MEM-MIA,medium,2024-07-15,0,0,0,0,0.1952,969,948,33,0.0348,0
MEM-MIA,medium,2024-07-16,1,0,0,0,0.0792,996,963,44,0.0457,0
MEM-MIA,medium,2024-07-17,2,0,0,0,0.1656,1073,1053,47,0.0446,0
MEM-MIA,medium,2024-07-18,3,0,0,0,0.0122,1090,1058,33,0.0312,0
MEM-MIA,medium,2024-07-19,4,0,0,0,0.1119,973,940,43,0.0457,0
MEM-MIA,medium,2024-07-20,5,1,0,0,0.4571,559,543,25,0.046,0
MEM-MIA,medium,2024-07-21,6,1,0,0,0.1179,564,553,31,0.0561,0
MEM-MIA,medium,2024-07-22,0,0,0,0,0.0095,1117,1085,38,0.035,0
MEM-MIA,medium,2024-07-23,1,0,0,0,0.2862,1047,1010,44,0.0436,0
MEM-MIA,medium,2024-07-24,2,0,0,0,0.2184,999,982,36,0.0367,0
MEM-MIA,medium,2024-07-25,3,0,0,0,0.1999,1069,1055,35,0.0332,0
MEM-MIA,medium,2024-07-26,4,0,0,0,0.3385,971,959,41,0.0428,0
MEM-MIA,medium,2024-07-27,5,1,0,0,0.044,547,534,29,0.0543,0
MEM-MIA,medium,2024-07-28,6,1,0,0,0.1002,631,617,27,0.0438,0
MEM-MIA,medium,2024-07-29,0,0,0,0,0.0,1019,1002,49,0.0489,0
MEM-MIA,medium,2024-07-30,1,0,0,0,0.2017,1118,1096,43,0.0392,0
MEM-MIA,medium,2024-07-31,2,0,0,0,0.2112,1048,1022,39,0.0382,0
MEM-MIA,medium,2024-08-01,3,0,0,0,0.0,924,911,27,0.0296,0
MEM-MIA,medium,2024-08-02,4,0,0,0,0.2212,898,871,37,0.0425,0
MEM-MIA,medium,2024-08-03,5,1,0,0,0.1881,570,556,25,0.045,0
MEM-MIA,medium,2024-08-04,6,1,0,0,0.2395,421,410,15,0.0366,0
MEM-MIA,medium,2024-08-05,0,0,0,0,0.0114,851,827,30,0.0363,0
MEM-MIA,medium,2024-08-06,1,0,0,0,0.0951,904,888,36,0.0405,0
MEM-MIA,medium,2024-08-07,2,0,0,0,0.066,948,931,39,0.0419,0
MEM-MIA,medium,2024-08-08,3,0,0,0,0.1377,959,939,42,0.0447,0
MEM-MIA,medium,2024-08-09,4,0,0,0,0.0712,984,957,42,0.0439,0
MEM-MIA,medium,2024-08-10,5,1,0,0,0.0,462,450,30,0.0667,0
MEM-MIA,medium,2024-08-11,6,1,0,0,0.2063,482,469,21,0.0448,0
MEM-MIA,medium,2024-08-12,0,0,0,0,0.056,1050,1023,45,0.044,0
MEM-MIA,medium,2024-08-13,1,0,0,0,0.1288,1121,1097,43,0.0392,0
MEM-MIA,medium,2024-08-14,2,0,0,0,0.267,1057,1018,42,0.0413,0
MEM-MIA,medium,2024-08-15,3,0,0,0,0.1833,979,963,45,0.0467,0
MEM-MIA,medium,2024-08-16,4,0,0,0,0.3301,888,862,37,0.0429,0
MEM-MIA,medium,2024-08-17,5,1,0,0,0.1752,499,486,30,0.0617,0
MEM-MIA,medium,2024-08-18,6,1,0,0,0.1825,614,604,19,0.0315,0
MEM-MIA,medium,2024-08-19,0,0,0,0,0.3002,963,935,36,0.0385,0
MEM-MIA,medium,2024-08-20,1,0,0,0,0.04,1179,1143,50,0.0437,0
MEM-MIA,medium,2024-08-21,2,0,0,0,0.2297,844,826,27,0.0327,0
MEM-MIA,medium,2024-08-22,3,0,0,0,0.0366,995,962,40,0.0416,0
MEM-MIA,medium,2024-08-23,4,0,0,0,0.2158,1116,1078,52,0.0482,0
MEM-MIA,medium,2024-08-24,5,1,0,0,0.3059,563,549,32,0.0583,0
MEM-MIA,medium,2024-08-25,6,1,0,0,0.3151,481,465,21,0.0452,0
MEM-MIA,medium,2024-08-26,0,0,0,0,0.243,1194,1160,45,0.0388,0
MEM-MIA,medium,2024-08-27,1,0,0,0,0.0451,1061,1029,51,0.0496,0
MEM-MIA,medium,2024-08-28,2,0,0,0,0.2015,890,858,42,0.049,0
MEM-MIA,medium,2024-08-29,3,0,0,0,0.0672,946,926,41,0.0443,0
MEM-MIA,medium,2024-08-30,4,0,0,0,0.0847,1032,995,43,0.0432,0
MEM-MIA,medium,2024-08-31,5,1,0,0,0.0,491,477,18,0.0377,0
MEM-MIA,medium,2024-09-01,6,1,0,0,0.215,674,650,36,0.0554,0
MEM-MIA,medium,2024-09-02,0,0,0,0,0.0,952,934,32,0.0343,0
MEM-MIA,medium,2024-09-03,1,0,0,0,0.0375,825,802,35,0.0436,0
MEM-MIA,medium,2024-09-04,2,0,0,0,0.0854,1062,1042,51,0.0489,0
MEM-MIA,medium,2024-09-05,3,0,0,0,0.2725,839,826,26,0.0315,0
MEM-MIA,medium,2024-09-06,4,0,0,0,0.228,1052,1035,41,0.0396,0
MEM-MIA,medium,2024-09-07,5,1,0,0,0.0,584,562,27,0.048,0
MEM-MIA,medium,2024-09-08,6,1,0,0,0.3509,488,471,25,0.0531,0
MEM-MIA,medium,2024-09-09,0,0,0,0,0.161,1102,1076,43,0.04,0
MEM-MIA,medium,2024-09-10,1,0,0,0,0.2107,1097,1062,58,0.0546,0
MEM-MIA,medium,2024-09-11,2,0,0,0,0.0,1061,1041,44,0.0423,0
MEM-MIA,medium,2024-09-12,3,0,0,0,0.0664,1102,1082,46,0.0425,0
MEM-MIA,medium,2024-09-13,4,0,0,0,0.0,1100,1060,44,0.0415,0
MEM-MIA,medium,2024-09-14,5,1,0,0,0.1157,474,468,29,0.062,0
MEM-MIA,medium,2024-09-15,6,1,0,0,0.183,617,597,29,0.0486,0
MEM-MIA,medium,2024-09-16,0,0,0,0,0.0562,944,926,33,0.0356,0
MEM-MIA,medium,2024-09-17,1,0,0,0,0.2411,901,873,29,0.0332,0
MEM-MIA,medium,2024-09-18,2,0,0,0,0.3021,1104,1083,25,0.0231,0
MEM-MIA,medium,2024-09-19,3,0,0,0,0.1467,1026,1000,29,0.029,0
MEM-MIA,medium,2024-09-20,4,0,0,0,0.1461,817,806,29,0.036,0
MEM-MIA,medium,2024-09-21,5,1,0,0,0.0432,555,548,34,0.062,0
MEM-MIA,medium,2024-09-22,6,1,0,0,0.1195,508,500,30,0.06,0
MEM-MIA,medium,2024-09-23,0,0,0,0,0.3698,1118,1096,50,0.0456,0
MEM-MIA,medium,2024-09-24,1,0,0,0,0.1504,925,897,44,0.0491,0
MEM-MIA,medium,2024-09-25,2,0,0,0,0.2967,1120,1103,30,0.0272,0
MEM-MIA,medium,2024-09-26,3,0,0,0,0.3805,1121,1084,51,0.047,0
MEM-MIA,medium,2024-09-27,4,0,0,0,0.774,1079,1055,157,0.1488,1
MEM-MIA,medium,2024-09-28,5,1,0,0,0.1322,528,510,25,0.049,0
MEM-MIA,medium,2024-09-29,6,1,0,0,0.2647,519,504,28,0.0556,0
MEM-MIA,medium,2024-09-30,0,0,0,0,0.104,859,833,39,0.0468,0
MEM-MIA,medium,2024-10-01,1,0,0,0,0.0,1060,1043,47,0.0451,0
MEM-MIA,medium,2024-10-02,2,0,0,0,0.3585,847,834,36,0.0432,0
MEM-MIA,medium,2024-10-03,3,0,0,0,0.0,1040,1022,35,0.0342,0
MEM-MIA,medium,2024-10-04,4,0,0,0,0.0618,959,929,45,0.0484,0
MEM-MIA,medium,2024-10-05,5,1,0,0,0.0653,509,495,28,0.0566,0
MEM-MIA,medium,2024-10-06,6,1,0,0,0.0885,482,470,23,0.0489,0
MEM-MIA,medium,2024-10-07,0,0,0,0,0.0,1061,1027,40,0.0389,0
MEM-MIA,medium,2024-10-08,1,0,0,0,0.0779,1036,998,38,0.0381,0
MEM-MIA,medium,2024-10-09,2,0,0,0,0.4608,989,968,48,0.0496,0
MEM-MIA,medium,2024-10-10,3,0,0,0,0.0,1126,1106,29,0.0262,0
MEM-MIA,medium,2024-10-11,4,0,0,0,0.0719,1046,1013,36,0.0355,0
MEM-MIA,medium,2024-10-12,5,1,0,0,0.1425,482,474,23,0.0485,0
MEM-MIA,medium,2024-10-13,6,1,0,0,0.3123,523,511,26,0.0509,0
MEM-MIA,medium,2024-10-14,0,0,0,0,0.0,869,838,26,0.031,0
MEM-MIA,medium,2024-10-15,1,0,0,0,0.1526,946,919,39,0.0424,0
MEM-MIA,medium,2024-10-16,2,0,0,0,0.1189,1099,1066,45,0.0422,0
MEM-MIA,medium,2024-10-17,3,0,0,0,0.1406,983,969,49,0.0506,0
MEM-MIA,medium,2024-10-18,4,0,0,0,0.0446,883,853,34,0.0399,0
MEM-MIA,medium,2024-10-19,5,1,0,0,0.0814,499,490,30,0.0612,0
MEM-MIA,medium,2024-10-20,6,1,0,0,0.2642,519,512,21,0.041,0
MEM-MIA,medium,2024-10-21,0,0,0,0,0.3542,1046,1016,36,0.0354,0
MEM-MIA,medium,2024-10-22,1,0,0,0,0.0194,1083,1048,37,0.0353,0
MEM-MIA,medium,2024-10-23,2,0,0,0,0.0,1126,1110,44,0.0396,0
MEM-MIA,medium,2024-10-24,3,0,0,0,0.3187,959,925,33,0.0357,0
MEM-MIA,medium,2024-10-25,4,0,0,0,0.0241,989,952,36,0.0378,0
MEM-MIA,medium,2024-10-26,5,1,0,0,0.051,548,536,24,0.0448,0
MEM-MIA,medium,2024-10-27,6,1,0,0,0.1539,451,436,31,0.0711,0
MEM-MIA,medium,2024-10-28,0,0,0,0,0.118,902,870,33,0.0379,0
MEM-MIA,medium,2024-10-29,1,0,0,0,0.1455,920,886,40,0.0451,0
MEM-MIA,medium,2024-10-30,2,0,0,0,0.2951,1048,1021,33,0.0323,0
MEM-MIA,medium,2024-10-31,3,0,0,0,0.2895,1066,1044,44,0.0421,0
MEM-MIA,medium,2024-11-01,4,0,0,0,0.2638,926,907,41,0.0452,0
MEM-MIA,medium,2024-11-02,5,1,0,0,0.2811,646,634,31,0.0489,0
MEM-MIA,medium,2024-11-03,6,1,0,0,0.2336,526,514,25,0.0486,0
MEM-MIA,medium,2024-11-04,0,0,0,0,0.1509,959,942,38,0.0403,0
MEM-MIA,medium,2024-11-05,1,0,0,0,0.0597,1018,1004,43,0.0428,0
MEM-MIA,medium,2024-11-06,2,0,0,0,0.5684,886,854,99,0.1159,1
MEM-MIA,medium,2024-11-07,3,0,0,0,0.2016,964,935,44,0.0471,0
MEM-MIA,medium,2024-11-08,4,0,0,0,0.3368,1043,1021,34,0.0333,0
MEM-MIA,medium,2024-11-09,5,1,0,0,0.1492,560,543,23,0.0424,0
MEM-MIA,medium,2024-11-10,6,1,0,0,0.2031,501,484,25,0.0517,0
MEM-MIA,medium,2024-11-11,0,0,1,0,0.2302,245,236,14,0.0593,0
MEM-MIA,medium,2024-11-12,1,0,0,0,0.2668,947,913,37,0.0405,0
MEM-MIA,medium,2024-11-13,2,0,0,0,0.3879,963,949,31,0.0327,0
MEM-MIA,medium,2024-11-14,3,0,0,0,0.2288,1001,974,45,0.0462,0
MEM-MIA,medium,2024-11-15,4,0,0,0,0.1989,966,939,47,0.0501,0
MEM-MIA,medium,2024-11-16,5,1,0,0,0.175,665,645,26,0.0403,0
MEM-MIA,medium,2024-11-17,6,1,0,0,0.2242,582,569,29,0.051,0
MEM-MIA,medium,2024-11-18,0,0,0,0,0.1255,968,950,37,0.0389,0
MEM-MIA,medium,2024-11-19,1,0,0,0,0.2709,812,786,29,0.0369,0
MEM-MIA,medium,2024-11-20,2,0,0,1,0.1306,1673,1622,106,0.0654,0
MEM-MIA,medium,2024-11-21,3,0,0,1,0.3184,1600,1542,112,0.0726,0
MEM-MIA,medium,2024-11-22,4,0,0,1,0.262,1842,1777,109,0.0613,0
MEM-MIA,medium,2024-11-23,5,1,0,1,0.1911,838,826,80,0.0969,0
MEM-MIA,medium,2024-11-24,6,1,0,1,0.0,882,858,72,0.0839,0
MEM-MIA,medium,2024-11-25,0,0,0,1,0.0374,1715,1686,114,0.0676,0
MEM-MIA,medium,2024-11-26,1,0,0,1,0.2838,1766,1735,109,0.0628,0
MEM-MIA,medium,2024-11-27,2,0,0,1,0.0,1758,1718,103,0.06,0
MEM-MIA,medium,2024-11-28,3,0,0,1,0.206,1520,1484,87,0.0586,0
MEM-MIA,medium,2024-11-29,4,0,0,1,0.0678,1732,1669,116,0.0695,0
MEM-MIA,medium,2024-11-30,5,1,0,1,0.1675,881,860,94,0.1093,0
MEM-MIA,medium,2024-12-01,6,1,0,1,0.3079,786,762,73,0.0958,0
MEM-MIA,medium,2024-12-02,0,0,0,1,0.0113,1491,1470,109,0.0741,0
MEM-MIA,medium,2024-12-03,1,0,0,1,0.1456,1703,1662,115,0.0692,0
MEM-MIA,medium,2024-12-04,2,0,0,1,0.3544,1645,1607,116,0.0722,0
MEM-MIA,medium,2024-12-05,3,0,0,1,0.0604,1704,1642,115,0.07,0
MEM-MIA,medium,2024-12-06,4,0,0,1,0.0,1644,1618,113,0.0698,0
MEM-MIA,medium,2024-12-07,5,1,0,1,0.248,873,846,62,0.0733,0
MEM-MIA,medium,2024-12-08,6,1,0,1,0.0304,915,890,80,0.0899,0
MEM-MIA,medium,2024-12-09,0,0,0,1,0.2893,1650,1594,96,0.0602,0
MEM-MIA,medium,2024-12-10,1,0,0,1,0.0888,1638,1587,113,0.0712,0
MEM-MIA,medium,2024-12-11,2,0,0,1,0.0,1932,1861,125,0.0672,0
MEM-MIA,medium,2024-12-12,3,0,0,1,0.1096,1557,1516,106,0.0699,0
MEM-MIA,medium,2024-12-13,4,0,0,1,0.3355,1571,1523,91,0.0598,0
MEM-MIA,medium,2024-12-14,5,1,0,1,0.2668,973,950,76,0.08,0
MEM-MIA,medium,2024-12-15,6,1,0,1,0.0499,1003,971,92,0.0947,0
MEM-MIA,medium,2024-12-16,0,0,0,1,0.0369,1480,1446,90,0.0622,0
MEM-MIA,medium,2024-12-17,1,0,0,1,0.6053,1577,1554,369,0.2375,1
MEM-MIA,medium,2024-12-18,2,0,0,1,0.3599,1593,1562,253,0.162,1
MEM-MIA,medium,2024-12-19,3,0,0,1,0.7423,1433,1401,413,0.2948,1
MEM-MIA,medium,2024-12-20,4,0,0,1,0.0472,1816,1770,116,0.0655,0
MEM-MIA,medium,2024-12-21,5,1,0,1,0.0,883,857,63,0.0735,0
MEM-MIA,medium,2024-12-22,6,1,0,1,0.1074,837,808,78,0.0965,0
MEM-MIA,medium,2024-12-23,0,0,0,1,0.1556,1355,1337,77,0.0576,0
MEM-MIA,medium,2024-12-24,1,0,0,1,0.1217,1604,1545,102,0.066,0
MEM-MIA,medium,2024-12-25,2,0,1,1,0.4002,424,412,30,0.0728,0
MEM-MIA,medium,2024-12-26,3,0,0,1,0.2959,1600,1577,97,0.0615,0
MEM-MIA,medium,2024-12-27,4,0,0,0,0.0,797,779,27,0.0347,0
MEM-MIA,medium,2024-12-28,5,1,0,0,0.1668,474,459,27,0.0588,0
MEM-MIA,medium,2024-12-29,6,1,0,0,0.0,468,455,29,0.0637,0
MEM-MIA,medium,2024-12-30,0,0,0,0,0.1596,1001,986,35,0.0355,0
MEM-MIA,medium,2024-12-31,1,0,0,0,0.0851,805,776,29,0.0374,0
MEM-MIA,medium,2025-01-01,2,0,1,0,0.0979,225,219,8,0.0365,0
MEM-MIA,medium,2025-01-02,3,0,0,0,0.2439,989,953,41,0.043,0
MEM-MIA,medium,2025-01-03,4,0,0,0,0.0,1021,1006,37,0.0368,0
MEM-MIA,medium,2025-01-04,5,1,0,0,0.062,529,514,28,0.0545,0
MEM-MIA,medium,2025-01-05,6,1,0,0,0.2177,579,561,30,0.0535,0
MEM-MIA,medium,2025-01-06,0,0,0,0,0.0787,843,827,40,0.0484,0
MEM-MIA,medium,2025-01-07,1,0,0,0,0.1298,866,843,27,0.032,0
MEM-MIA,medium,2025-01-08,2,0,0,0,0.0,909,878,42,0.0478,0
MEM-MIA,medium,2025-01-09,3,0,0,0,0.1876,920,902,41,0.0455,0
MEM-MIA,medium,2025-01-10,4,0,0,0,0.3176,1038,1022,39,0.0382,0
MEM-MIA,medium,2025-01-11,5,1,0,0,0.3862,503,485,28,0.0577,0
MEM-MIA,medium,2025-01-12,6,1,0,0,0.1093,590,580,30,0.0517,0
MEM-MIA,medium,2025-01-13,0,0,0,0,0.0341,944,926,40,0.0432,0
MEM-MIA,medium,2025-01-14,1,0,0,0,0.0221,882,857,37,0.0432,0
MEM-MIA,medium,2025-01-15,2,0,0,0,0.0796,1047,1029,37,0.036,0
MEM-MIA,medium,2025-01-16,3,0,0,0,0.2639,1065,1041,44,0.0423,0
MEM-MIA,medium,2025-01-17,4,0,0,0,0.1377,929,912,36,0.0395,0
MEM-MIA,medium,2025-01-18,5,1,0,0,0.1917,598,587,31,0.0528,0
MEM-MIA,medium,2025-01-19,6,1,0,0,0.1016,646,623,38,0.061,0
MEM-MIA,medium,2025-01-20,0,0,0,0,0.0,851,833,40,0.048,0
MEM-MIA,medium,2025-01-21,1,0,0,0,0.2631,1037,1002,41,0.0409,0
MEM-MIA,medium,2025-01-22,2,0,0,0,0.0438,911,888,35,0.0394,0
MEM-MIA,medium,2025-01-23,3,0,0,0,0.0,980,964,42,0.0436,0
MEM-MIA,medium,2025-01-24,4,0,0,0,0.056,1068,1030,43,0.0417,0
MEM-MIA,medium,2025-01-25,5,1,0,0,0.2668,461,453,35,0.0773,0
MEM-MIA,medium,2025-01-26,6,1,0,0,0.191,522,505,27,0.0535,0
MEM-MIA,medium,2025-01-27,0,0,0,0,0.1203,988,974,38,0.039,0
MEM-MIA,medium,2025-01-28,1,0,0,0,0.1757,988,961,43,0.0447,0
MEM-MIA,medium,2025-01-29,2,0,0,0,0.2044,772,755,37,0.049,0
MEM-MIA,medium,2025-01-30,3,0,0,0,0.2932,1014,993,38,0.0383,0
MEM-MIA,medium,2025-01-31,4,0,0,0,0.0792,1185,1144,41,0.0358,0
MEM-MIA,medium,2025-02-01,5,1,0,0,0.0962,472,462,23,0.0498,0
MEM-MIA,medium,2025-02-02,6,1,0,0,0.2759,462,449,16,0.0356,0
MEM-MIA,medium,2025-02-03,0,0,0,0,0.1012,851,835,35,0.0419,0
MEM-MIA,medium,2025-02-04,1,0,0,0,0.2571,1034,996,35,0.0351,0
MEM-MIA,medium,2025-02-05,2,0,0,0,0.4826,975,947,38,0.0401,0
MEM-MIA,medium,2025-02-06,3,0,0,0,0.306,969,943,35,0.0371,0
MEM-MIA,medium,2025-02-07,4,0,0,0,0.1819,1148,1125,57,0.0507,0
MEM-MIA,medium,2025-02-08,5,1,0,0,0.2059,594,573,28,0.0489,0
MEM-MIA,medium,2025-02-09,6,1,0,0,0.1009,452,439,25,0.0569,0
MEM-MIA,medium,2025-02-10,0,0,0,0,0.1786,1077,1041,37,0.0355,0
MEM-MIA,medium,2025-02-11,1,0,0,0,0.0208,944,930,30,0.0323,0
MEM-MIA,medium,2025-02-12,2,0,0,0,0.1003,1076,1050,32,0.0305,0
MEM-MIA,medium,2025-02-13,3,0,0,0,0.332,1157,1124,47,0.0418,0
MEM-MIA,medium,2025-02-14,4,0,0,0,0.1105,956,929,42,0.0452,0
MEM-MIA,medium,2025-02-15,5,1,0,0,0.0,556,536,30,0.056,0
MEM-MIA,medium,2025-02-16,6,1,0,0,0.0357,542,528,24,0.0455,0
MEM-MIA,medium,2025-02-17,0,0,0,0,0.4037,1042,1014,39,0.0385,0
MEM-MIA,medium,2025-02-18,1,0,0,0,0.2188,1142,1114,42,0.0377,0
MEM-MIA,medium,2025-02-19,2,0,0,0,0.1171,1152,1136,41,0.0361,0
MEM-MIA,medium,2025-02-20,3,0,0,0,0.1394,964,931,39,0.0419,0
MEM-MIA,medium,2025-02-21,4,0,0,0,0.1875,899,873,38,0.0435,0
MEM-MIA,medium,2025-02-22,5,1,0,0,0.0956,465,449,19,0.0423,0
MEM-MIA,medium,2025-02-23,6,1,0,0,0.1007,508,493,20,0.0406,0
MEM-MIA,medium,2025-02-24,0,0,0,0,0.0418,1010,996,38,0.0382,0
MEM-MIA,medium,2025-02-25,1,0,0,0,0.153,824,812,30,0.0369,0
MEM-MIA,medium,2025-02-26,2,0,0,0,0.0,1089,1065,48,0.0451,0
MEM-MIA,medium,2025-02-27,3,0,0,0,0.1958,981,967,40,0.0414,0
MEM-MIA,medium,2025-02-28,4,0,0,0,0.1399,1124,1106,51,0.0461,0
MEM-MIA,medium,2025-03-01,5,1,0,0,0.0628,448,434,21,0.0484,0
MEM-MIA,medium,2025-03-02,6,1,0,0,0.1658,566,547,30,0.0548,0
MEM-MIA,medium,2025-03-03,0,0,0,0,0.1582,1103,1062,40,0.0377,0
MEM-MIA,medium,2025-03-04,1,0,0,0,0.0618,1166,1133,31,0.0274,0
MEM-MIA,medium,2025-03-05,2,0,0,0,0.0,962,948,45,0.0475,0
MEM-MIA,medium,2025-03-06,3,0,0,0,0.0665,1205,1182,39,0.033,0
MEM-MIA,medium,2025-03-07,4,0,0,0,0.1261,1098,1060,48,0.0453,0
MEM-MIA,medium,2025-03-08,5,1,0,0,0.4034,577,566,31,0.0548,0
MEM-MIA,medium,2025-03-09,6,1,0,0,0.2316,553,537,29,0.054,0
MEM-MIA,medium,2025-03-10,0,0,0,0,0.1526,970,942,42,0.0446,0
MEM-MIA,medium,2025-03-11,1,0,0,0,0.2882,1165,1137,35,0.0308,0
MEM-MIA,medium,2025-03-12,2,0,0,0,0.346,944,925,30,0.0324,0
MEM-MIA,medium,2025-03-13,3,0,0,0,0.3842,939,910,33,0.0363,0
MEM-MIA,medium,2025-03-14,4,0,0,0,0.1785,1115,1097,38,0.0346,0
MEM-MIA,medium,2025-03-15,5,1,0,0,0.0,513,498,22,0.0442,0
MEM-MIA,medium,2025-03-16,6,1,0,0,0.2676,465,455,28,0.0615,0
MEM-MIA,medium,2025-03-17,0,0,0,0,0.0127,815,786,26,0.0331,0
MEM-MIA,medium,2025-03-18,1,0,0,0,0.3212,973,938,25,0.0267,0
MEM-MIA,medium,2025-03-19,2,0,0,0,0.1851,1025,1001,42,0.042,0
MEM-MIA,medium,2025-03-20,3,0,0,0,0.1752,904,892,39,0.0437,0
MEM-MIA,medium,2025-03-21,4,0,0,0,0.5638,933,898,76,0.0846,1
MEM-MIA,medium,2025-03-22,5,1,0,0,0.1064,562,543,25,0.046,0
MEM-MIA,medium,2025-03-23,6,1,0,0,0.0,558,544,34,0.0625,0
MEM-MIA,medium,2025-03-24,0,0,0,0,0.2275,1034,1003,36,0.0359,0
MEM-MIA,medium,2025-03-25,1,0,0,0,0.3721,934,913,45,0.0493,0
MEM-MIA,medium,2025-03-26,2,0,0,0,0.2396,1108,1085,44,0.0406,0
MEM-MIA,medium,2025-03-27,3,0,0,0,0.0893,860,846,29,0.0343,0
MEM-MIA,medium,2025-03-28,4,0,0,0,0.2952,1098,1074,38,0.0354,0
MEM-MIA,medium,2025-03-29,5,1,0,0,0.0931,550,533,26,0.0488,0
MEM-MIA,medium,2025-03-30,6,1,0,0,0.0296,533,518,33,0.0637,0
MEM-MIA,medium,2025-03-31,0,0,0,0,0.2129,939,907,35,0.0386,0
MEM-MIA,medium,2025-04-01,1,0,0,0,0.1519,913,887,44,0.0496,0
MEM-MIA,medium,2025-04-02,2,0,0,0,0.1018,1096,1075,50,0.0465,0
MEM-MIA,medium,2025-04-03,3,0,0,0,0.0,972,958,52,0.0543,0
MEM-MIA,medium,2025-04-04,4,0,0,0,0.0545,904,873,34,0.0389,0
MEM-MIA,medium,2025-04-05,5,1,0,0,0.1125,516,507,31,0.0611,0
MEM-MIA,medium,2025-04-06,6,1,0,0,0.0442,542,529,33,0.0624,0
MEM-MIA,medium,2025-04-07,0,0,0,0,0.3403,936,918,38,0.0414,0
MEM-MIA,medium,2025-04-08,1,0,0,0,0.3804,1133,1097,33,0.0301,0
MEM-MIA,medium,2025-04-09,2,0,0,0,0.1451,964,929,30,0.0323,0
MEM-MIA,medium,2025-04-10,3,0,0,0,0.0569,1061,1031,41,0.0398,0
MEM-MIA,medium,2025-04-11,4,0,0,0,0.0,935,920,24,0.0261,0
MEM-MIA,medium,2025-04-12,5,1,0,0,0.1444,558,544,29,0.0533,0
MEM-MIA,medium,2025-04-13,6,1,0,0,0.7497,603,584,110,0.1884,1
MEM-MIA,medium,2025-04-14,0,0,0,0,0.8018,767,747,112,0.1499,1
MEM-MIA,medium,2025-04-15,1,0,0,0,0.11,911,890,30,0.0337,0
MEM-MIA,medium,2025-04-16,2,0,0,0,0.117,943,909,34,0.0374,0
MEM-MIA,medium,2025-04-17,3,0,0,0,0.1223,1111,1070,47,0.0439,0
MEM-MIA,medium,2025-04-18,4,0,0,0,0.0745,1043,1028,39,0.0379,0
MEM-MIA,medium,2025-04-19,5,1,0,0,0.0996,468,453,26,0.0574,0
MEM-MIA,medium,2025-04-20,6,1,0,0,0.2179,542,528,35,0.0663,0
MEM-MIA,medium,2025-04-21,0,0,0,0,0.1413,1109,1068,34,0.0318,0
MEM-MIA,medium,2025-04-22,1,0,0,0,0.1786,1079,1044,44,0.0421,0
MEM-MIA,medium,2025-04-23,2,0,0,0,0.0,784,769,27,0.0351,0
MEM-MIA,medium,2025-04-24,3,0,0,0,0.6281,947,925,169,0.1827,1
MEM-MIA,medium,2025-04-25,4,0,0,0,0.1254,888,869,36,0.0414,0
MEM-MIA,medium,2025-04-26,5,1,0,0,0.248,554,543,31,0.0571,0
MEM-MIA,medium,2025-04-27,6,1,0,0,0.0,562,555,26,0.0468,0
MEM-MIA,medium,2025-04-28,0,0,0,0,0.0856,986,973,31,0.0319,0
MEM-MIA,medium,2025-04-29,1,0,0,0,0.0,914,898,25,0.0278,0
MEM-MIA,medium,2025-04-30,2,0,0,0,0.4937,1119,1081,45,0.0416,0
MEM-MIA,medium,2025-05-01,3,0,0,0,0.2643,963,939,43,0.0458,0
MEM-MIA,medium,2025-05-02,4,0,0,0,0.0277,826,798,43,0.0539,0
MEM-MIA,medium,2025-05-03,5,1,0,0,0.1936,509,501,29,0.0579,0
MEM-MIA,medium,2025-05-04,6,1,0,0,0.1815,607,586,29,0.0495,0
MEM-MIA,medium,2025-05-05,0,0,0,0,0.017,929,915,36,0.0393,0
MEM-MIA,medium,2025-05-06,1,0,0,0,0.3384,961,937,40,0.0427,0
MEM-MIA,medium,2025-05-07,2,0,0,0,0.0326,932,909,32,0.0352,0
MEM-MIA,medium,2025-05-08,3,0,0,0,0.1072,974,953,41,0.043,0
MEM-MIA,medium,2025-05-09,4,0,0,0,0.1737,1078,1063,30,0.0282,0
MEM-MIA,medium,2025-05-10,5,1,0,0,0.2584,554,542,33,0.0609,0
MEM-MIA,medium,2025-05-11,6,1,0,0,0.0,563,551,25,0.0454,0
MEM-MIA,medium,2025-05-12,0,0,0,0,0.0,995,964,33,0.0342,0
MEM-MIA,medium,2025-05-13,1,0,0,0,0.1097,955,939,36,0.0383,0
MEM-MIA,medium,2025-05-14,2,0,0,0,0.2383,834,821,37,0.0451,0
MEM-MIA,medium,2025-05-15,3,0,0,0,0.4201,917,889,39,0.0439,0
MEM-MIA,medium,2025-05-16,4,0,0,0,0.0103,1058,1023,42,0.0411,0
MEM-MIA,medium,2025-05-17,5,1,0,0,0.2357,506,495,26,0.0525,0
MEM-MIA,medium,2025-05-18,6,1,0,0,0.0672,539,519,24,0.0462,0
MEM-MIA,medium,2025-05-19,0,0,0,0,0.1583,923,897,47,0.0524,0
MEM-MIA,medium,2025-05-20,1,0,0,0,0.1398,693,682,26,0.0381,0
MEM-MIA,medium,2025-05-21,2,0,0,0,0.2328,848,828,29,0.035,0
MEM-MIA,medium,2025-05-22,3,0,0,0,0.2425,929,907,33,0.0364,0
MEM-MIA,medium,2025-05-23,4,0,0,0,0.0343,961,934,37,0.0396,0
MEM-MIA,medium,2025-05-24,5,1,0,0,0.2507,418,403,26,0.0645,0
MEM-MIA,medium,2025-05-25,6,1,0,0,0.0,562,551,21,0.0381,0
MEM-MIA,medium,2025-05-26,0,0,0,0,0.27,1209,1183,46,0.0389,0
MEM-MIA,medium,2025-05-27,1,0,0,0,0.1199,1045,1011,44,0.0435,0
MEM-MIA,medium,2025-05-28,2,0,0,0,0.2425,935,915,45,0.0492,0
MEM-MIA,medium,2025-05-29,3,0,0,0,0.0,968,940,52,0.0553,0
MEM-MIA,medium,2025-05-30,4,0,0,0,0.0,1091,1062,40,0.0377,0
MEM-MIA,medium,2025-05-31,5,1,0,0,0.188,515,498,32,0.0643,0
MEM-MIA,medium,2025-06-01,6,1,0,0,0.1174,582,572,17,0.0297,0
MEM-MIA,medium,2025-06-02,0,0,0,0,0.727,1007,971,161,0.1658,1
MEM-MIA,medium,2025-06-03,1,0,0,0,0.5349,817,801,78,0.0974,1
MEM-MIA,medium,2025-06-04,2,0,0,0,0.8315,1074,1047,161,0.1538,1
MEM-MIA,medium,2025-06-05,3,0,0,0,0.0151,925,891,34,0.0382,0
MEM-MIA,medium,2025-06-06,4,0,0,0,0.3382,1107,1074,37,0.0345,0
MEM-MIA,medium,2025-06-07,5,1,0,0,0.1216,535,523,27,0.0516,0
MEM-MIA,medium,2025-06-08,6,1,0,0,0.1759,552,532,20,0.0376,0
MEM-MIA,medium,2025-06-09,0,0,0,0,0.2174,1048,1033,37,0.0358,0
MEM-MIA,medium,2025-06-10,1,0,0,0,0.166,814,795,36,0.0453,0
MEM-MIA,medium,2025-06-11,2,0,0,0,0.3247,1009,983,37,0.0376,0
MEM-MIA,medium,2025-06-12,3,0,0,0,0.0942,936,922,45,0.0488,0
MEM-MIA,medium,2025-06-13,4,0,0,0,0.2263,979,943,31,0.0329,0
MEM-MIA,medium,2025-06-14,5,1,0,0,0.2054,585,566,28,0.0495,0
MEM-MIA,medium,2025-06-15,6,1,0,0,0.0534,587,568,29,0.0511,0
MEM-MIA,medium,2025-06-16,0,0,0,0,0.1111,1034,1000,57,0.057,0
MEM-MIA,medium,2025-06-17,1,0,0,0,0.2373,999,964,38,0.0394,0
MEM-MIA,medium,2025-06-18,2,0,0,0,0.1407,940,905,41,0.0453,0
MEM-MIA,medium,2025-06-19,3,0,0,0,0.104,944,931,39,0.0419,0
MEM-MIA,medium,2025-06-20,4,0,0,0,0.0052,999,969,32,0.033,0
MEM-MIA,medium,2025-06-21,5,1,0,0,0.0797,654,641,31,0.0484,0
MEM-MIA,medium,2025-06-22,6,1,0,0,0.1328,593,578,32,0.0554,0
MEM-MIA,medium,2025-06-23,0,0,0,0,0.0,954,928,38,0.0409,0
MEM-MIA,medium,2025-06-24,1,0,0,0,0.0,959,943,49,0.052,0
MEM-MIA,medium,2025-06-25,2,0,0,0,0.1325,860,844,24,0.0284,0
MEM-MIA,medium,2025-06-26,3,0,0,0,0.0,981,953,38,0.0399,0
MEM-MIA,medium,2025-06-27,4,0,0,0,0.0692,1028,1012,32,0.0316,0
MEM-MIA,medium,2025-06-28,5,1,0,0,0.3207,532,520,39,0.075,0
MEM-MIA,medium,2025-06-29,6,1,0,0,0.1957,575,567,34,0.06,0
MEM-MIA,medium,2025-06-30,0,0,0,0,0.0,1045,1012,31,0.0306,0
MEM-MIA,medium,2025-07-01,1,0,0,0,0.092,1126,1106,35,0.0316,0
MEM-MIA,medium,2025-07-02,2,0,0,0,0.2234,1132,1116,46,0.0412,0
MEM-MIA,medium,2025-07-03,3,0,0,0,0.3396,981,958,41,0.0428,0
MEM-MIA,medium,2025-07-04,4,0,1,0,0.2877,243,236,8,0.0339,0
MEM-MIA,medium,2025-07-05,5,1,0,0,0.2116,439,429,23,0.0536,0
MEM-MIA,medium,2025-07-06,6,1,0,0,0.1029,661,645,20,0.031,0
MEM-MIA,medium,2025-07-07,0,0,0,0,0.1781,985,963,36,0.0374,0
MEM-MIA,medium,2025-07-08,1,0,0,0,0.1433,1141,1119,53,0.0474,0
MEM-MIA,medium,2025-07-09,2,0,0,0,0.2497,1188,1157,46,0.0398,0
MEM-MIA,medium,2025-07-10,3,0,0,0,0.1877,1110,1072,48,0.0448,0
MEM-MIA,medium,2025-07-11,4,0,0,0,0.0,882,869,39,0.0449,0
MEM-MIA,medium,2025-07-12,5,1,0,0,0.133,551,544,19,0.0349,0
MEM-MIA,medium,2025-07-13,6,1,0,0,0.3018,641,622,33,0.0531,0
MEM-MIA,medium,2025-07-14,0,0,0,0,0.1436,1134,1108,39,0.0352,0
MEM-MIA,medium,2025-07-15,1,0,0,0,0.7271,965,941,118,0.1254,1
MEM-MIA,medium,2025-07-16,2,0,0,0,0.5207,985,969,115,0.1187,1
MEM-MIA,medium,2025-07-17,3,0,0,0,0.0,1040,1022,43,0.0421,0
MEM-MIA,medium,2025-07-18,4,0,0,0,0.3538,1104,1070,49,0.0458,0
MEM-MIA,medium,2025-07-19,5,1,0,0,0.2045,575,566,26,0.0459,0
MEM-MIA,medium,2025-07-20,6,1,0,0,0.1738,444,431,20,0.0464,0
MEM-MIA,medium,2025-07-21,0,0,0,0,0.0332,992,963,38,0.0395,0
MEM-MIA,medium,2025-07-22,1,0,0,0,0.2385,997,984,42,0.0427,0
MEM-MIA,medium,2025-07-23,2,0,0,0,0.2519,1015,990,47,0.0475,0
MEM-MIA,medium,2025-07-24,3,0,0,0,0.127,1172,1133,50,0.0441,0
MEM-MIA,medium,2025-07-25,4,0,0,0,0.7111,970,947,171,0.1806,1
MEM-MIA,medium,2025-07-26,5,1,0,0,0.9311,528,515,74,0.1437,1
MEM-MIA,medium,2025-07-27,6,1,0,0,0.1799,494,478,24,0.0502,0
MEM-MIA,medium,2025-07-28,0,0,0,0,0.2535,908,880,35,0.0398,0
MEM-MIA,medium,2025-07-29,1,0,0,0,0.1337,974,957,32,0.0334,0
MEM-MIA,medium,2025-07-30,2,0,0,0,0.1307,1117,1101,43,0.0391,0
MEM-MIA,medium,2025-07-31,3,0,0,0,0.016,1052,1034,44,0.0426,0
MEM-MIA,medium,2025-08-01,4,0,0,0,0.2533,1021,1003,35,0.0349,0
MEM-MIA,medium,2025-08-02,5,1,0,0,0.2101,663,650,32,0.0492,0
MEM-MIA,medium,2025-08-03,6,1,0,0,0.0,457,449,20,0.0445,0
MEM-MIA,medium,2025-08-04,0,0,0,0,0.162,866,855,40,0.0468,0
MEM-MIA,medium,2025-08-05,1,0,0,0,0.1132,1006,979,30,0.0306,0
MEM-MIA,medium,2025-08-06,2,0,0,0,0.1742,981,958,29,0.0303,0
MEM-MIA,medium,2025-08-07,3,0,0,0,0.0,909,894,32,0.0358,0
MEM-MIA,medium,2025-08-08,4,0,0,0,0.1011,1060,1035,36,0.0348,0
MEM-MIA,medium,2025-08-09,5,1,0,0,0.0632,681,670,43,0.0642,0
MEM-MIA,medium,2025-08-10,6,1,0,0,0.2578,591,579,19,0.0328,0
MEM-MIA,medium,2025-08-11,0,0,0,0,0.2198,925,905,43,0.0475,0
MEM-MIA,medium,2025-08-12,1,0,0,0,0.0566,1061,1045,50,0.0478,0
MEM-MIA,medium,2025-08-13,2,0,0,0,0.2221,987,951,41,0.0431,0
MEM-MIA,medium,2025-08-14,3,0,0,0,0.0412,822,796,28,0.0352,0
MEM-MIA,medium,2025-08-15,4,0,0,0,0.762,882,857,121,0.1412,1
MEM-MIA,medium,2025-08-16,5,1,0,0,0.5754,606,597,111,0.1859,1
MEM-MIA,medium,2025-08-17,6,1,0,0,0.6463,563,555,89,0.1604,1
MEM-MIA,medium,2025-08-18,0,0,0,0,0.0077,964,944,39,0.0413,0
MEM-MIA,medium,2025-08-19,1,0,0,0,0.3559,903,880,32,0.0364,0
MEM-MIA,medium,2025-08-20,2,0,0,0,0.0973,917,897,31,0.0346,0
MEM-MIA,medium,2025-08-21,3,0,0,0,0.0283,1023,1003,49,0.0489,0
MEM-MIA,medium,2025-08-22,4,0,0,0,0.2193,1153,1121,55,0.0491,0
MEM-MIA,medium,2025-08-23,5,1,0,0,0.0221,599,579,30,0.0518,0
MEM-MIA,medium,2025-08-24,6,1,0,0,0.0313,574,566,31,0.0548,0
MEM-MIA,medium,2025-08-25,0,0,0,0,0.3043,943,929,28,0.0301,0
MEM-MIA,medium,2025-08-26,1,0,0,0,0.1506,1055,1016,48,0.0472,0
MEM-MIA,medium,2025-08-27,2,0,0,0,0.0,972,939,40,0.0426,0
MEM-MIA,medium,2025-08-28,3,0,0,0,0.1606,907,884,38,0.043,0
MEM-MIA,medium,2025-08-29,4,0,0,0,0.1695,1153,1123,55,0.049,0
MEM-MIA,medium,2025-08-30,5,1,0,0,0.1664,559,542,23,0.0424,0
MEM-MIA,medium,2025-08-31,6,1,0,0,0.201,524,514,32,0.0623,0
MEM-MIA,medium,2025-09-01,0,0,0,0,0.1328,1043,1026,37,0.0361,0
MEM-MIA,medium,2025-09-02,1,0,0,0,0.1922,855,824,31,0.0376,0
MEM-MIA,medium,2025-09-03,2,0,0,0,0.0553,911,895,46,0.0514,0
MEM-MIA,medium,2025-09-04,3,0,0,0,0.8567,1095,1056,166,0.1572,1
MEM-MIA,medium,2025-09-05,4,0,0,0,0.5654,1025,1001,176,0.1758,1
MEM-MIA,medium,2025-09-06,5,1,0,0,0.6524,587,577,93,0.1612,1
MEM-MIA,medium,2025-09-07,6,1,0,0,0.1827,649,630,33,0.0524,0
MEM-MIA,medium,2025-09-08,0,0,0,0,0.1085,1132,1115,43,0.0386,0
MEM-MIA,medium,2025-09-09,1,0,0,0,0.1248,936,910,35,0.0385,0
MEM-MIA,medium,2025-09-10,2,0,0,0,0.0657,956,921,29,0.0315,0
MEM-MIA,medium,2025-09-11,3,0,0,0,0.1796,1119,1102,36,0.0327,0
MEM-MIA,medium,2025-09-12,4,0,0,0,0.3745,1058,1018,36,0.0354,0
MEM-MIA,medium,2025-09-13,5,1,0,0,0.2176,573,561,26,0.0463,0
MEM-MIA,medium,2025-09-14,6,1,0,0,0.1909,683,672,33,0.0491,0
MEM-MIA,medium,2025-09-15,0,0,0,0,0.21,976,940,45,0.0479,0
MEM-MIA,medium,2025-09-16,1,0,0,0,0.2592,1061,1030,33,0.032,0
MEM-MIA,medium,2025-09-17,2,0,0,0,0.795,933,920,148,0.1609,1
MEM-MIA,medium,2025-09-18,3,0,0,0,0.8417,932,901,135,0.1498,1
MEM-MIA,medium,2025-09-19,4,0,0,0,0.8379,1055,1026,196,0.191,1
MEM-MIA,medium,2025-09-20,5,1,0,0,0.0,511,504,32,0.0635,0
MEM-MIA,medium,2025-09-21,6,1,0,0,0.0,438,431,17,0.0394,0
MEM-MIA,medium,2025-09-22,0,0,0,0,0.1454,1098,1060,36,0.034,0
MEM-MIA,medium,2025-09-23,1,0,0,0,0.2553,1017,997,37,0.0371,0
MEM-MIA,medium,2025-09-24,2,0,0,0,0.0331,1179,1159,46,0.0397,0
MEM-MIA,medium,2025-09-25,3,0,0,0,0.1161,877,857,30,0.035,0
MEM-MIA,medium,2025-09-26,4,0,0,0,0.0899,1154,1139,38,0.0334,0
MEM-MIA,medium,2025-09-27,5,1,0,0,0.2001,537,518,31,0.0598,0
MEM-MIA,medium,2025-09-28,6,1,0,0,0.1008,467,459,27,0.0588,0
MEM-MIA,medium,2025-09-29,0,0,0,0,0.0498,952,931,42,0.0451,0
MEM-MIA,medium,2025-09-30,1,0,0,0,0.0426,957,936,36,0.0385,0
MEM-MIA,medium,2025-10-01,2,0,0,0,0.0651,920,888,29,0.0327,0
MEM-MIA,medium,2025-10-02,3,0,0,0,0.1496,938,910,29,0.0319,0
MEM-MIA,medium,2025-10-03,4,0,0,0,0.1885,1050,1028,31,0.0302,0
MEM-MIA,medium,2025-10-04,5,1,0,0,0.1973,558,544,31,0.057,0
MEM-MIA,medium,2025-10-05,6,1,0,0,0.1666,536,529,28,0.0529,0
MEM-MIA,medium,2025-10-06,0,0,0,0,0.1057,1107,1085,51,0.047,0
MEM-MIA,medium,2025-10-07,1,0,0,0,0.1785,935,906,26,0.0287,0
MEM-MIA,medium,2025-10-08,2,0,0,0,0.0446,1080,1054,42,0.0398,0
MEM-MIA,medium,2025-10-09,3,0,0,0,0.0394,843,826,36,0.0436,0
MEM-MIA,medium,2025-10-10,4,0,0,0,0.2812,918,902,51,0.0565,0
MEM-MIA,medium,2025-10-11,5,1,0,0,0.2093,473,455,26,0.0571,0
MEM-MIA,medium,2025-10-12,6,1,0,0,0.136,460,445,21,0.0472,0
MEM-MIA,medium,2025-10-13,0,0,0,0,0.1861,1016,978,41,0.0419,0
MEM-MIA,medium,2025-10-14,1,0,0,0,0.2623,1064,1040,49,0.0471,0
MEM-MIA,medium,2025-10-15,2,0,0,0,0.1847,996,971,47,0.0484,0
MEM-MIA,medium,2025-10-16,3,0,0,0,0.0437,1069,1053,46,0.0437,0
MEM-MIA,medium,2025-10-17,4,0,0,0,0.0,1182,1157,58,0.0501,0
MEM-MIA,medium,2025-10-18,5,1,0,0,0.0,562,553,37,0.0669,0
MEM-MIA,medium,2025-10-19,6,1,0,0,0.067,580,560,29,0.0518,0
MEM-MIA,medium,2025-10-20,0,0,0,0,0.7578,945,917,146,0.1592,1
MEM-MIA,medium,2025-10-21,1,0,0,0,0.3044,919,889,32,0.036,0
MEM-MIA,medium,2025-10-22,2,0,0,0,0.0,1035,1020,42,0.0412,0
MEM-MIA,medium,2025-10-23,3,0,0,0,0.0,1032,994,34,0.0342,0
MEM-MIA,medium,2025-10-24,4,0,0,0,0.0,1043,1018,43,0.0422,0
MEM-MIA,medium,2025-10-25,5,1,0,0,0.1963,573,559,25,0.0447,0
MEM-MIA,medium,2025-10-26,6,1,0,0,0.316,537,530,27,0.0509,0
MEM-MIA,medium,2025-10-27,0,0,0,0,0.1442,917,884,38,0.043,0
MEM-MIA,medium,2025-10-28,1,0,0,0,0.0772,1001,965,24,0.0249,0
MEM-MIA,medium,2025-10-29,2,0,0,0,0.0871,901,881,38,0.0431,0
MEM-MIA,medium,2025-10-30,3,0,0,0,0.1337,980,956,46,0.0481,0
MEM-MIA,medium,2025-10-31,4,0,0,0,0.2426,969,937,50,0.0534,0
MEM-MIA,medium,2025-11-01,5,1,0,0,0.13,530,518,34,0.0656,0
MEM-MIA,medium,2025-11-02,6,1,0,0,0.1329,506,488,19,0.0389,0
MEM-MIA,medium,2025-11-03,0,0,0,0,0.3519,1115,1093,45,0.0412,0
MEM-MIA,medium,2025-11-04,1,0,0,0,0.0772,856,839,28,0.0334,0
MEM-MIA,medium,2025-11-05,2,0,0,0,0.1995,921,899,34,0.0378,0
MEM-MIA,medium,2025-11-06,3,0,0,0,0.3641,1077,1053,53,0.0503,0
MEM-MIA,medium,2025-11-07,4,0,0,0,0.158,932,902,35,0.0388,0
MEM-MIA,medium,2025-11-08,5,1,0,0,0.0049,589,575,21,0.0365,0
MEM-MIA,medium,2025-11-09,6,1,0,0,0.0353,587,567,28,0.0494,0
MEM-MIA,medium,2025-11-10,0,0,0,0,0.2394,968,945,32,0.0339,0
MEM-MIA,medium,2025-11-11,1,0,1,0,0.0783,270,262,10,0.0382,0
MEM-MIA,medium,2025-11-12,2,0,0,0,0.5651,902,881,126,0.143,1
MEM-MIA,medium,2025-11-13,3,0,0,0,0.5969,951,920,104,0.113,1
MEM-MIA,medium,2025-11-14,4,0,0,0,0.2563,966,951,37,0.0389,0
MEM-MIA,medium,2025-11-15,5,1,0,0,0.2125,570,561,35,0.0624,0
MEM-MIA,medium,2025-11-16,6,1,0,0,0.3735,496,478,26,0.0544,0
MEM-MIA,medium,2025-11-17,0,0,0,0,0.1848,975,942,36,0.0382,0
MEM-MIA,medium,2025-11-18,1,0,0,0,0.6344,934,922,91,0.0987,1
MEM-MIA,medium,2025-11-19,2,0,0,0,0.6185,926,904,123,0.1361,1
MEM-MIA,medium,2025-11-20,3,0,0,1,0.2491,1810,1763,132,0.0749,0
MEM-MIA,medium,2025-11-21,4,0,0,1,0.1392,1431,1382,101,0.0731,0
MEM-MIA,medium,2025-11-22,5,1,0,1,0.3282,905,892,87,0.0975,0
MEM-MIA,medium,2025-11-23,6,1,0,1,0.2604,814,790,74,0.0937,0
MEM-MIA,medium,2025-11-24,0,0,0,1,0.1328,1455,1431,94,0.0657,0
MEM-MIA,medium,2025-11-25,1,0,0,1,0.0515,1581,1535,102,0.0664,0
MEM-MIA,medium,2025-11-26,2,0,0,1,0.0,1483,1461,84,0.0575,0
MEM-MIA,medium,2025-11-27,3,0,0,1,0.235,1510,1462,100,0.0684,0
MEM-MIA,medium,2025-11-28,4,0,0,1,0.254,1534,1494,107,0.0716,0
MEM-MIA,medium,2025-11-29,5,1,0,1,0.0,916,889,76,0.0855,0
MEM-MIA,medium,2025-11-30,6,1,0,1,0.2386,945,933,97,0.104,0
MEM-MIA,medium,2025-12-01,0,0,0,1,0.1039,1340,1291,99,0.0767,0
MEM-MIA,medium,2025-12-02,1,0,0,1,0.0932,1501,1467,105,0.0716,0
MEM-MIA,medium,2025-12-03,2,0,0,1,0.0609,1555,1535,87,0.0567,0
MEM-MIA,medium,2025-12-04,3,0,0,1,0.1329,1794,1732,95,0.0548,0
MEM-MIA,medium,2025-12-05,4,0,0,1,0.2272,1740,1691,118,0.0698,0
MEM-MIA,medium,2025-12-06,5,1,0,1,0.2779,747,720,68,0.0944,0
MEM-MIA,medium,2025-12-07,6,1,0,1,0.3017,1004,973,70,0.0719,0
MEM-MIA,medium,2025-12-08,0,0,0,1,0.29,1346,1321,86,0.0651,0
MEM-MIA,medium,2025-12-09,1,0,0,1,0.1661,1558,1534,132,0.086,0
MEM-MIA,medium,2025-12-10,2,0,0,1,0.0817,1464,1422,77,0.0541,0
MEM-MIA,medium,2025-12-11,3,0,0,1,0.3325,1539,1490,112,0.0752,0
MEM-MIA,medium,2025-12-12,4,0,0,1,0.1317,1573,1525,111,0.0728,0
MEM-MIA,medium,2025-12-13,5,1,0,1,0.3139,826,814,100,0.1229,0
MEM-MIA,medium,2025-12-14,6,1,0,1,0.0893,913,895,94,0.105,0
MEM-MIA,medium,2025-12-15,0,0,0,1,0.076,1495,1443,106,0.0735,0
MEM-MIA,medium,2025-12-16,1,0,0,1,0.0227,1617,1563,111,0.071,0
MEM-MIA,medium,2025-12-17,2,0,0,1,0.0241,1469,1445,107,0.074,0
MEM-MIA,medium,2025-12-18,3,0,0,1,0.0,1627,1584,113,0.0713,0
MEM-MIA,medium,2025-12-19,4,0,0,1,0.1607,1642,1607,108,0.0672,0
MEM-MIA,medium,2025-12-20,5,1,0,1,0.1805,866,848,74,0.0873,0
MEM-MIA,medium,2025-12-21,6,1,0,1,0.0368,924,897,83,0.0925,0
MEM-MIA,medium,2025-12-22,0,0,0,1,0.1688,1705,1650,124,0.0752,0
MEM-MIA,medium,2025-12-23,1,0,0,1,0.0,1289,1246,89,0.0714,0
MEM-MIA,medium,2025-12-24,2,0,0,1,0.0999,1586,1564,118,0.0754,0
MEM-MIA,medium,2025-12-25,3,0,1,1,0.0,424,408,31,0.076,0
MEM-MIA,medium,2025-12-26,4,0,0,1,0.1808,1623,1577,115,0.0729,0
MEM-MIA,medium,2025-12-27,5,1,0,0,0.3722,552,540,28,0.0519,0
MEM-MIA,medium,2025-12-28,6,1,0,0,0.3661,558,539,31,0.0575,0
MEM-MIA,medium,2025-12-29,0,0,0,0,0.1078,993,959,41,0.0428,0
MEM-MIA,medium,2025-12-30,1,0,0,0,0.0775,964,937,36,0.0384,0
MEM-MIA,medium,2025-12-31,2,0,0,0,0.1905,1014,980,56,0.0571,0
MEM-MIA,medium,2026-01-01,3,0,1,0,0.1551,237,228,4,0.0175,0
MEM-MIA,medium,2026-01-02,4,0,0,0,0.0744,988,953,35,0.0367,0
MEM-MIA,medium,2026-01-03,5,1,0,0,0.315,558,542,29,0.0535,0
MEM-MIA,medium,2026-01-04,6,1,0,0,0.1004,452,440,28,0.0636,0
MEM-MIA,medium,2026-01-05,0,0,0,0,0.0759,973,946,39,0.0412,0
MEM-MIA,medium,2026-01-06,1,0,0,0,0.2433,988,958,46,0.048,0
MEM-MIA,medium,2026-01-07,2,0,0,0,0.0785,1069,1053,60,0.057,0
MEM-MIA,medium,2026-01-08,3,0,0,0,0.2214,1132,1109,43,0.0388,0
MEM-MIA,medium,2026-01-09,4,0,0,0,0.0772,977,960,30,0.0312,0
MEM-MIA,medium,2026-01-10,5,1,0,0,0.2363,566,545,33,0.0606,0
MEM-MIA,medium,2026-01-11,6,1,0,0,0.1658,468,461,21,0.0456,0
MEM-MIA,medium,2026-01-12,0,0,0,0,0.0,1095,1071,36,0.0336,0
MEM-MIA,medium,2026-01-13,1,0,0,0,0.1949,1128,1086,46,0.0424,0
MEM-MIA,medium,2026-01-14,2,0,0,0,0.0722,1121,1094,42,0.0384,0
MEM-MIA,medium,2026-01-15,3,0,0,0,0.1536,974,955,53,0.0555,0
MEM-MIA,medium,2026-01-16,4,0,0,0,0.1403,976,943,41,0.0435,0
MEM-MIA,medium,2026-01-17,5,1,0,0,0.3449,561,549,27,0.0492,0
MEM-MIA,medium,2026-01-18,6,1,0,0,0.0,528,517,29,0.0561,0
MEM-MIA,medium,2026-01-19,0,0,0,0,0.0,1010,997,41,0.0411,0
MEM-MIA,medium,2026-01-20,1,0,0,0,0.0899,1094,1064,43,0.0404,0
MEM-MIA,medium,2026-01-21,2,0,0,0,0.0585,1034,1006,34,0.0338,0
MEM-MIA,medium,2026-01-22,3,0,0,0,0.1531,871,846,28,0.0331,0
MEM-MIA,medium,2026-01-23,4,0,0,0,0.053,915,889,43,0.0484,0
MEM-MIA,medium,2026-01-24,5,1,0,0,0.207,653,640,34,0.0531,0
MEM-MIA,medium,2026-01-25,6,1,0,0,0.0,557,546,30,0.0549,0
MEM-MIA,medium,2026-01-26,0,0,0,0,0.0011,1026,991,47,0.0474,0
MEM-MIA,medium,2026-01-27,1,0,0,0,0.349,1087,1053,49,0.0465,0
MEM-MIA,medium,2026-01-28,2,0,0,0,0.0,1073,1056,40,0.0379,0
MEM-MIA,medium,2026-01-29,3,0,0,0,0.0195,904,876,36,0.0411,0
MEM-MIA,medium,2026-01-30,4,0,0,0,0.1614,837,822,26,0.0316,0
MEM-MIA,medium,2026-01-31,5,1,0,0,0.2737,498,481,24,0.0499,0
MEM-MIA,medium,2026-02-01,6,1,0,0,0.2338,675,664,29,0.0437,0
MEM-MIA,medium,2026-02-02,0,0,0,0,0.0983,859,841,30,0.0357,0
MEM-MIA,medium,2026-02-03,1,0,0,0,0.2959,1120,1080,38,0.0352,0
MEM-MIA,medium,2026-02-04,2,0,0,0,0.0,1005,973,36,0.037,0
MEM-MIA,medium,2026-02-05,3,0,0,0,0.3201,1017,990,36,0.0364,0
MEM-MIA,medium,2026-02-06,4,0,0,0,0.1743,1186,1160,35,0.0302,0
MEM-MIA,medium,2026-02-07,5,1,0,0,0.0,607,598,29,0.0485,0
MEM-MIA,medium,2026-02-08,6,1,0,0,0.0,502,488,32,0.0656,0
MEM-MIA,medium,2026-02-09,0,0,0,0,0.026,865,848,35,0.0413,0
MEM-MIA,medium,2026-02-10,1,0,0,0,0.0,936,916,51,0.0557,0
MEM-MIA,medium,2026-02-11,2,0,0,0,0.0861,875,847,38,0.0449,0
MEM-MIA,medium,2026-02-12,3,0,0,0,0.145,985,952,36,0.0378,0
MEM-MIA,medium,2026-02-13,4,0,0,0,0.1153,972,958,32,0.0334,0
MEM-MIA,medium,2026-02-14,5,1,0,0,0.0152,544,537,26,0.0484,0
MEM-MIA,medium,2026-02-15,6,1,0,0,0.3401,591,579,34,0.0587,0
MEM-MIA,medium,2026-02-16,0,0,0,0,0.416,1107,1074,39,0.0363,0
MEM-MIA,medium,2026-02-17,1,0,0,0,0.2948,927,905,31,0.0343,0
MEM-MIA,medium,2026-02-18,2,0,0,0,0.0691,994,978,37,0.0378,0
MEM-MIA,medium,2026-02-19,3,0,0,0,0.2838,1028,994,40,0.0402,0
MEM-MIA,medium,2026-02-20,4,0,0,0,0.2443,977,942,42,0.0446,0
MEM-MIA,medium,2026-02-21,5,1,0,0,0.148,463,449,27,0.0601,0
MEM-MIA,medium,2026-02-22,6,1,0,0,0.1137,624,601,27,0.0449,0
MEM-MIA,medium,2026-02-23,0,0,0,0,0.0939,1092,1069,47,0.044,0
MEM-MIA,medium,2026-02-24,1,0,0,0,0.288,1057,1025,44,0.0429,0
MEM-MIA,medium,2026-02-25,2,0,0,0,0.2876,1062,1047,39,0.0372,0
MEM-MIA,medium,2026-02-26,3,0,0,0,0.3347,872,853,33,0.0387,0
MEM-MIA,medium,2026-02-27,4,0,0,0,0.3683,909,882,40,0.0454,0
MEM-MIA,medium,2026-02-28,5,1,0,0,0.0795,614,603,22,0.0365,0
MEM-MIA,medium,2026-03-01,6,1,0,0,0.0,596,579,34,0.0587,0
MEM-MIA,medium,2026-03-02,0,0,0,0,0.0459,1049,1021,39,0.0382,0
MEM-MIA,medium,2026-03-03,1,0,0,0,0.3177,949,917,39,0.0425,0
MEM-MIA,medium,2026-03-04,2,0,0,0,0.0381,982,962,40,0.0416,0
MEM-MIA,medium,2026-03-05,3,0,0,0,0.2773,957,927,33,0.0356,0
MEM-MIA,medium,2026-03-06,4,0,0,0,0.1806,982,963,44,0.0457,0
MEM-MIA,medium,2026-03-07,5,1,0,0,0.0898,462,453,21,0.0464,0
MEM-MIA,medium,2026-03-08,6,1,0,0,0.0,627,617,33,0.0535,0
MEM-MIA,medium,2026-03-09,0,0,0,0,0.2249,1091,1076,35,0.0325,0
MEM-MIA,medium,2026-03-10,1,0,0,0,0.0334,1118,1087,39,0.0359,0
MEM-MIA,medium,2026-03-11,2,0,0,0,0.1231,902,874,45,0.0515,0
MEM-MIA,medium,2026-03-12,3,0,0,0,0.4146,947,931,43,0.0462,0
MEM-MIA,medium,2026-03-13,4,0,0,0,0.2275,990,965,38,0.0394,0
MEM-MIA,medium,2026-03-14,5,1,0,0,0.2754,515,502,38,0.0757,0
MEM-MIA,medium,2026-03-15,6,1,0,0,0.1411,603,585,25,0.0427,0
MEM-MIA,medium,2026-03-16,0,0,0,0,0.2057,1094,1076,42,0.039,0
MEM-MIA,medium,2026-03-17,1,0,0,0,0.189,1018,986,40,0.0406,0
MEM-MIA,medium,2026-03-18,2,0,0,0,0.0133,983,959,41,0.0428,0
MEM-MIA,medium,2026-03-19,3,0,0,0,0.0486,867,836,36,0.0431,0
MEM-MIA,medium,2026-03-20,4,0,0,0,0.3165,919,900,44,0.0489,0
MEM-MIA,medium,2026-03-21,5,1,0,0,0.0,479,470,30,0.0638,0
MEM-MIA,medium,2026-03-22,6,1,0,0,0.3422,556,540,36,0.0667,0
MEM-MIA,medium,2026-03-23,0,0,0,0,0.1065,904,883,40,0.0453,0
MEM-MIA,medium,2026-03-24,1,0,0,0,0.0704,965,940,37,0.0394,0
MEM-MIA,medium,2026-03-25,2,0,0,0,0.1632,1123,1083,45,0.0416,0
MEM-MIA,medium,2026-03-26,3,0,0,0,0.1571,998,979,44,0.0449,0
MEM-MIA,medium,2026-03-27,4,0,0,0,0.0805,951,923,41,0.0444,0
MEM-MIA,medium,2026-03-28,5,1,0,0,0.1601,551,538,30,0.0558,0
MEM-MIA,medium,2026-03-29,6,1,0,0,0.8552,455,444,84,0.1892,1
MEM-MIA,medium,2026-03-30,0,0,0,0,0.7381,1149,1131,188,0.1662,1
MEM-MIA,medium,2026-03-31,1,0,0,0,0.776,734,718,116,0.1616,1
MEM-MIA,medium,2026-04-01,2,0,0,0,0.0168,1078,1045,41,0.0392,0
MEM-MIA,medium,2026-04-02,3,0,0,0,0.0929,873,840,39,0.0464,0
MEM-MIA,medium,2026-04-03,4,0,0,0,0.0868,1068,1054,37,0.0351,0
MEM-MIA,medium,2026-04-04,5,1,0,0,0.3421,559,549,21,0.0383,0
MEM-MIA,medium,2026-04-05,6,1,0,0,0.0,470,453,20,0.0442,0
MEM-MIA,medium,2026-04-06,0,0,0,0,0.0,1068,1040,47,0.0452,0
MEM-MIA,medium,2026-04-07,1,0,0,0,0.0,929,896,35,0.0391,0
MEM-MIA,medium,2026-04-08,2,0,0,0,0.0806,1012,999,39,0.039,0
MEM-MIA,medium,2026-04-09,3,0,0,0,0.3293,1150,1121,51,0.0455,0
MEM-MIA,medium,2026-04-10,4,0,0,0,0.1312,918,891,52,0.0584,0
MEM-MIA,medium,2026-04-11,5,1,0,0,0.0,577,558,29,0.052,0
MEM-MIA,medium,2026-04-12,6,1,0,0,0.1555,491,482,15,0.0311,0
MEM-MIA,medium,2026-04-13,0,0,0,0,0.3204,1109,1094,40,0.0366,0
MEM-MIA,medium,2026-04-14,1,0,0,0,0.1758,1177,1140,38,0.0333,0
MEM-MIA,medium,2026-04-15,2,0,0,0,0.1472,1009,975,39,0.04,0
MEM-MIA,medium,2026-04-16,3,0,0,0,0.2427,1187,1164,35,0.0301,0
MEM-MIA,medium,2026-04-17,4,0,0,0,0.0265,899,870,28,0.0322,0
MEM-MIA,medium,2026-04-18,5,1,0,0,0.0918,591,571,36,0.063,0
MEM-MIA,medium,2026-04-19,6,1,0,0,0.146,611,588,15,0.0255,0
MEM-MIA,medium,2026-04-20,0,0,0,0,0.1998,899,884,51,0.0577,0
MEM-MIA,medium,2026-04-21,1,0,0,0,0.078,1189,1151,41,0.0356,0
MEM-MIA,medium,2026-04-22,2,0,0,0,0.0301,974,948,33,0.0348,0
MEM-MIA,medium,2026-04-23,3,0,0,0,0.151,1172,1150,48,0.0417,0
MEM-MIA,medium,2026-04-24,4,0,0,0,0.2475,913,889,26,0.0292,0
MEM-MIA,medium,2026-04-25,5,1,0,0,0.0591,634,621,33,0.0531,0
MEM-MIA,medium,2026-04-26,6,1,0,0,0.1466,637,617,34,0.0551,0
MEM-MIA,medium,2026-04-27,0,0,0,0,0.2147,1001,979,39,0.0398,0
MEM-MIA,medium,2026-04-28,1,0,0,0,0.1289,1055,1025,44,0.0429,0
MEM-MIA,medium,2026-04-29,2,0,0,0,0.0284,987,970,35,0.0361,0
MEM-MIA,medium,2026-04-30,3,0,0,0,0.1483,884,855,36,0.0421,0
MEM-MIA,medium,2026-05-01,4,0,0,0,0.1605,940,928,28,0.0302,0
MEM-MIA,medium,2026-05-02,5,1,0,0,0.2589,516,505,20,0.0396,0
MEM-MIA,medium,2026-05-03,6,1,0,0,0.0872,569,558,33,0.0591,0
MEM-MIA,medium,2026-05-04,0,0,0,0,0.1185,931,902,40,0.0443,0
MEM-MIA,medium,2026-05-05,1,0,0,0,0.0062,994,974,48,0.0493,0
MEM-MIA,medium,2026-05-06,2,0,0,0,0.16,947,930,43,0.0462,0
MEM-MIA,medium,2026-05-07,3,0,0,0,0.0743,912,889,35,0.0394,0
MEM-MIA,medium,2026-05-08,4,0,0,0,0.0542,948,932,41,0.044,0
MEM-MIA,medium,2026-05-09,5,1,0,0,0.1487,523,508,22,0.0433,0
MEM-MIA,medium,2026-05-10,6,1,0,0,0.4246,538,518,21,0.0405,0
MEM-MIA,medium,2026-05-11,0,0,0,0,0.1453,1046,1013,39,0.0385,0
MEM-MIA,medium,2026-05-12,1,0,0,0,0.0052,917,900,30,0.0333,0
MEM-MIA,medium,2026-05-13,2,0,0,0,0.2994,898,865,28,0.0324,0
MEM-MIA,medium,2026-05-14,3,0,0,0,0.3552,1128,1093,35,0.032,0
MEM-MIA,medium,2026-05-15,4,0,0,0,0.102,1069,1052,42,0.0399,0
MEM-MIA,medium,2026-05-16,5,1,0,0,0.5817,535,520,118,0.2269,1
MEM-MIA,medium,2026-05-17,6,1,0,0,0.1687,522,506,26,0.0514,0
MEM-MIA,medium,2026-05-18,0,0,0,0,0.0,1071,1055,41,0.0389,0
MEM-MIA,medium,2026-05-19,1,0,0,0,0.2518,731,705,28,0.0397,0
MEM-MIA,medium,2026-05-20,2,0,0,0,0.3194,1059,1041,30,0.0288,0
MEM-MIA,medium,2026-05-21,3,0,0,0,0.1649,1031,1013,37,0.0365,0
MEM-MIA,medium,2026-05-22,4,0,0,0,0.3214,1087,1061,48,0.0452,0
MEM-MIA,medium,2026-05-23,5,1,0,0,0.0319,476,469,20,0.0426,0
MEM-MIA,medium,2026-05-24,6,1,0,0,0.2772,463,457,17,0.0372,0
MEM-MIA,medium,2026-05-25,0,0,0,0,0.313,862,839,25,0.0298,0
MEM-MIA,medium,2026-05-26,1,0,0,0,0.0507,985,948,42,0.0443,0
MEM-MIA,medium,2026-05-27,2,0,0,0,0.2023,912,882,32,0.0363,0
MEM-MIA,medium,2026-05-28,3,0,0,0,0.0864,1031,1005,43,0.0428,0
MEM-MIA,medium,2026-05-29,4,0,0,0,0.0555,910,887,19,0.0214,0
MEM-MIA,medium,2026-05-30,5,1,0,0,0.4083,591,573,38,0.0663,0
MEM-MIA,medium,2026-05-31,6,1,0,0,0.0654,597,583,22,0.0377,0
MEM-MIA,medium,2026-06-01,0,0,0,0,0.0693,975,945,41,0.0434,0
MEM-MIA,medium,2026-06-02,1,0,0,0,0.0426,896,866,36,0.0416,0
MEM-MIA,medium,2026-06-03,2,0,0,0,0.0659,958,936,38,0.0406,0
MEM-MIA,medium,2026-06-04,3,0,0,0,0.0,922,894,18,0.0201,0
MEM-MIA,medium,2026-06-05,4,0,0,0,0.2891,1022,991,53,0.0535,0
MEM-MIA,medium,2026-06-06,5,1,0,0,0.2697,606,595,26,0.0437,0
MEM-MIA,medium,2026-06-07,6,1,0,0,0.4177,525,513,30,0.0585,0
MEM-MIA,medium,2026-06-08,0,0,0,0,0.0864,907,875,36,0.0411,0
MEM-MIA,medium,2026-06-09,1,0,0,0,0.1494,1007,982,35,0.0356,0
MEM-MIA,medium,2026-06-10,2,0,0,0,0.1949,1066,1047,48,0.0458,0
MEM-MIA,medium,2026-06-11,3,0,0,0,0.0013,960,931,42,0.0451,0
MEM-MIA,medium,2026-06-12,4,0,0,0,0.1122,1206,1189,57,0.0479,0
MEM-MIA,medium,2026-06-13,5,1,0,0,0.1927,554,540,29,0.0537,0
MEM-MIA,medium,2026-06-14,6,1,0,0,0.1941,565,555,34,0.0613,0
MEM-MIA,medium,2026-06-15,0,0,0,0,0.2607,1009,979,37,0.0378,0
MEM-MIA,medium,2026-06-16,1,0,0,0,0.2782,1071,1040,44,0.0423,0
MEM-MIA,medium,2026-06-17,2,0,0,0,0.2127,1056,1042,45,0.0432,0
MEM-MIA,medium,2026-06-18,3,0,0,0,0.0662,1045,1008,34,0.0337,0
MEM-MIA,medium,2026-06-19,4,0,0,0,0.1656,903,880,28,0.0318,0
MEM-MIA,medium,2026-06-20,5,1,0,0,0.1474,523,508,32,0.063,0
MEM-MIA,medium,2026-06-21,6,1,0,0,0.1602,572,557,24,0.0431,0
MEM-MIA,medium,2026-06-22,0,0,0,0,0.1912,1091,1051,44,0.0419,0
MEM-MIA,medium,2026-06-23,1,0,0,0,0.2285,1024,988,33,0.0334,0
MEM-MIA,medium,2026-06-24,2,0,0,0,0.1288,1089,1052,46,0.0437,0
MEM-MIA,medium,2026-06-25,3,0,0,0,0.1339,980,949,43,0.0453,0
MEM-MIA,medium,2026-06-26,4,0,0,0,0.1991,900,887,34,0.0383,0
MEM-MIA,medium,2026-06-27,5,1,0,0,0.1562,574,562,39,0.0694,0
MEM-MIA,medium,2026-06-28,6,1,0,0,0.0339,498,480,30,0.0625,0
MEM-MIA,medium,2026-06-29,0,0,0,0,0.1878,978,951,38,0.04,0
MEM-MIA,medium,2026-06-30,1,0,0,0,0.0407,934,919,33,0.0359,0
MEM-MIA,medium,2026-07-01,2,0,0,0,0.0,987,965,42,0.0435,0
MEM-MIA,medium,2026-07-02,3,0,0,0,0.236,1089,1066,53,0.0497,0
MEM-MIA,medium,2026-07-03,4,0,0,0,0.1628,1103,1087,32,0.0294,0
MEM-MIA,medium,2026-07-04,5,1,1,0,0.0249,156,152,7,0.0461,0
MEM-MIA,medium,2026-07-05,6,1,0,0,0.3043,572,556,25,0.045,0
MEM-MIA,medium,2026-07-06,0,0,0,0,0.1298,888,870,31,0.0356,0
MEM-MIA,medium,2026-07-07,1,0,0,0,0.149,955,929,34,0.0366,0
MEM-MIA,medium,2026-07-08,2,0,0,0,0.0761,948,921,41,0.0445,0
MEM-MIA,medium,2026-07-09,3,0,0,0,0.2155,1066,1042,39,0.0374,0
MEM-MIA,medium,2026-07-10,4,0,0,0,0.2754,929,903,37,0.041,0
MEM-MIA,medium,2026-07-11,5,1,0,0,0.3055,571,555,31,0.0559,0
MEM-MIA,medium,2026-07-12,6,1,0,0,0.0468,570,552,29,0.0525,0
MEM-MIA,medium,2026-07-13,0,0,0,0,0.0405,1048,1023,34,0.0332,0
MEM-MIA,medium,2026-07-14,1,0,0,0,0.0,954,919,31,0.0337,0
MEM-MIA,medium,2026-07-15,2,0,0,0,0.1245,971,938,31,0.033,0
MEM-MIA,medium,2026-07-16,3,0,0,0,0.0,894,878,38,0.0433,0
MEM-MIA,medium,2026-07-17,4,0,0,0,0.1427,1042,1018,45,0.0442,0
MEM-MIA,medium,2026-07-18,5,1,0,0,0.2171,549,529,30,0.0567,0
MEM-MIA,medium,2026-07-19,6,1,0,0,0.356,536,519,25,0.0482,0
MEM-MIA,medium,2026-07-20,0,0,0,0,0.0771,1008,975,42,0.0431,0
MEM-MIA,medium,2026-07-21,1,0,0,0,0.2375,974,947,27,0.0285,0
MEM-MIA,medium,2026-07-22,2,0,0,0,0.1528,992,963,51,0.053,0
MEM-MIA,medium,2026-07-23,3,0,0,0,0.0062,1062,1033,31,0.03,0
MEM-MIA,medium,2026-07-24,4,0,0,0,0.1337,1043,1027,42,0.0409,0
MEM-MIA,medium,2026-07-25,5,1,0,0,0.1378,688,677,40,0.0591,0
MEM-MIA,medium,2026-07-26,6,1,0,0,0.059,624,601,30,0.0499,0
MEM-MIA,medium,2026-07-27,0,0,0,0,0.0392,952,938,37,0.0394,0
MEM-MIA,medium,2026-07-28,1,0,0,0,0.2379,826,808,32,0.0396,0
MEM-MIA,medium,2026-07-29,2,0,0,0,0.9621,1108,1071,146,0.1363,1
MEM-MIA,medium,2026-07-30,3,0,0,0,0.2796,1122,1087,48,0.0442,0
MEM-MIA,medium,2026-07-31,4,0,0,0,0.1177,1067,1051,35,0.0333,0
MEM-MIA,medium,2026-08-01,5,1,0,0,0.0,558,550,26,0.0473,0
MEM-MIA,medium,2026-08-02,6,1,0,0,0.0,486,471,31,0.0658,0
MEM-MIA,medium,2026-08-03,0,0,0,0,0.1041,979,950,41,0.0432,0
MEM-MIA,medium,2026-08-04,1,0,0,0,0.1055,911,893,33,0.037,0
MEM-MIA,medium,2026-08-05,2,0,0,0,0.0349,868,846,35,0.0414,0
MEM-MIA,medium,2026-08-06,3,0,0,0,0.2951,957,940,34,0.0362,0
MEM-MIA,medium,2026-08-07,4,0,0,0,0.212,1037,1017,33,0.0324,0
MEM-MIA,medium,2026-08-08,5,1,0,0,0.2375,489,473,26,0.055,0
MEM-MIA,medium,2026-08-09,6,1,0,0,0.1751,515,508,18,0.0354,0
MEM-MIA,medium,2026-08-10,0,0,0,0,0.8027,1023,1008,155,0.1538,1
MEM-MIA,medium,2026-08-11,1,0,0,0,0.7008,1200,1166,135,0.1158,1
MEM-MIA,medium,2026-08-12,2,0,0,0,0.3064,897,870,27,0.031,0
MEM-MIA,medium,2026-08-13,3,0,0,0,0.3094,946,913,30,0.0329,0
MEM-MIA,medium,2026-08-14,4,0,0,0,0.07,965,930,46,0.0495,0
MEM-MIA,medium,2026-08-15,5,1,0,0,0.0,508,499,33,0.0661,0
MEM-MIA,medium,2026-08-16,6,1,0,0,0.1214,565,549,27,0.0492,0
MEM-MIA,medium,2026-08-17,0,0,0,0,0.1479,1156,1141,51,0.0447,0
MEM-MIA,medium,2026-08-18,1,0,0,0,0.1872,991,968,35,0.0362,0
MEM-MIA,medium,2026-08-19,2,0,0,0,0.3657,1055,1019,47,0.0461,0
MEM-MIA,medium,2026-08-20,3,0,0,0,0.1843,1110,1079,40,0.0371,0
MEM-MIA,medium,2026-08-21,4,0,0,0,0.2651,771,756,41,0.0542,0
MEM-MIA,medium,2026-08-22,5,1,0,0,0.1045,609,599,29,0.0484,0
MEM-MIA,medium,2026-08-23,6,1,0,0,0.5152,515,498,29,0.0582,0
MEM-PHX,medium,2023-08-25,4,0,0,0,0.171,606,594,21,0.0354,0
MEM-PHX,medium,2023-08-26,5,1,0,0,0.3773,362,349,16,0.0458,0
MEM-PHX,medium,2023-08-27,6,1,0,0,0.048,368,357,16,0.0448,0
MEM-PHX,medium,2023-08-28,0,0,0,0,0.2533,660,635,28,0.0441,0
MEM-PHX,medium,2023-08-29,1,0,0,0,0.032,650,633,26,0.0411,0
MEM-PHX,medium,2023-08-30,2,0,0,0,0.2052,489,473,17,0.0359,0
MEM-PHX,medium,2023-08-31,3,0,0,0,0.0911,735,708,24,0.0339,0
MEM-PHX,medium,2023-09-01,4,0,0,0,0.0872,624,615,18,0.0293,0
MEM-PHX,medium,2023-09-02,5,1,0,0,0.1109,346,341,17,0.0499,0
MEM-PHX,medium,2023-09-03,6,1,0,0,0.2497,399,391,31,0.0793,0
MEM-PHX,medium,2023-09-04,0,0,0,0,0.3109,661,644,18,0.028,0
MEM-PHX,medium,2023-09-05,1,0,0,0,0.1381,556,538,16,0.0297,0
MEM-PHX,medium,2023-09-06,2,0,0,0,0.0878,607,586,24,0.041,0
MEM-PHX,medium,2023-09-07,3,0,0,0,0.0508,723,697,28,0.0402,0
MEM-PHX,medium,2023-09-08,4,0,0,0,0.0616,829,808,22,0.0272,0
MEM-PHX,medium,2023-09-09,5,1,0,0,0.2962,366,355,13,0.0366,0
MEM-PHX,medium,2023-09-10,6,1,0,0,0.2803,365,355,15,0.0423,0
MEM-PHX,medium,2023-09-11,0,0,0,0,0.3558,629,606,34,0.0561,0
MEM-PHX,medium,2023-09-12,1,0,0,0,0.374,550,530,14,0.0264,0
MEM-PHX,medium,2023-09-13,2,0,0,0,0.0842,640,632,16,0.0253,0
MEM-PHX,medium,2023-09-14,3,0,0,0,0.1593,689,680,32,0.0471,0
MEM-PHX,medium,2023-09-15,4,0,0,0,0.4561,626,612,19,0.031,0
MEM-PHX,medium,2023-09-16,5,1,0,0,0.4186,309,299,22,0.0736,0
MEM-PHX,medium,2023-09-17,6,1,0,0,0.4073,369,363,21,0.0579,0
MEM-PHX,medium,2023-09-18,0,0,0,0,0.0733,628,617,23,0.0373,0
MEM-PHX,medium,2023-09-19,1,0,0,0,0.2378,642,621,20,0.0322,0
MEM-PHX,medium,2023-09-20,2,0,0,0,0.0734,654,646,19,0.0294,0
MEM-PHX,medium,2023-09-21,3,0,0,0,0.1117,612,593,19,0.032,0
MEM-PHX,medium,2023-09-22,4,0,0,0,0.1255,697,676,22,0.0325,0
MEM-PHX,medium,2023-09-23,5,1,0,0,0.038,370,363,14,0.0386,0
MEM-PHX,medium,2023-09-24,6,1,0,0,0.0,336,327,20,0.0612,0
MEM-PHX,medium,2023-09-25,0,0,0,0,0.1139,607,593,20,0.0337,0
MEM-PHX,medium,2023-09-26,1,0,0,0,0.107,633,612,11,0.018,0
MEM-PHX,medium,2023-09-27,2,0,0,0,0.3682,669,659,29,0.044,0
MEM-PHX,medium,2023-09-28,3,0,0,0,0.2802,699,675,27,0.04,0
MEM-PHX,medium,2023-09-29,4,0,0,0,0.0468,695,673,24,0.0357,0
MEM-PHX,medium,2023-09-30,5,1,0,0,0.122,369,357,21,0.0588,0
MEM-PHX,medium,2023-10-01,6,1,0,0,0.1975,429,419,18,0.043,0
MEM-PHX,medium,2023-10-02,0,0,0,0,0.293,489,477,30,0.0629,0
MEM-PHX,medium,2023-10-03,1,0,0,0,0.0962,677,668,12,0.018,0
MEM-PHX,medium,2023-10-04,2,0,0,0,0.1983,574,564,23,0.0408,0
MEM-PHX,medium,2023-10-05,3,0,0,0,0.3734,764,748,29,0.0388,0
MEM-PHX,medium,2023-10-06,4,0,0,0,0.3577,645,630,15,0.0238,0
MEM-PHX,medium,2023-10-07,5,1,0,0,0.1867,350,343,20,0.0583,0
MEM-PHX,medium,2023-10-08,6,1,0,0,0.0506,365,356,22,0.0618,0
MEM-PHX,medium,2023-10-09,0,0,0,0,0.1692,679,667,28,0.042,0
MEM-PHX,medium,2023-10-10,1,0,0,0,0.1794,573,561,15,0.0267,0
MEM-PHX,medium,2023-10-11,2,0,0,0,0.655,593,575,91,0.1583,1
MEM-PHX,medium,2023-10-12,3,0,0,0,0.004,572,563,17,0.0302,0
MEM-PHX,medium,2023-10-13,4,0,0,0,0.0521,622,601,24,0.0399,0
MEM-PHX,medium,2023-10-14,5,1,0,0,0.2185,357,348,18,0.0517,0
MEM-PHX,medium,2023-10-15,6,1,0,0,0.1571,357,352,27,0.0767,0
MEM-PHX,medium,2023-10-16,0,0,0,0,0.0916,528,521,19,0.0365,0
MEM-PHX,medium,2023-10-17,1,0,0,0,0.2021,625,610,21,0.0344,0
MEM-PHX,medium,2023-10-18,2,0,0,0,0.2098,516,501,17,0.0339,0
MEM-PHX,medium,2023-10-19,3,0,0,0,0.1385,708,699,29,0.0415,0
MEM-PHX,medium,2023-10-20,4,0,0,0,0.3519,649,629,22,0.035,0
MEM-PHX,medium,2023-10-21,5,1,0,0,0.2247,299,293,9,0.0307,0
MEM-PHX,medium,2023-10-22,6,1,0,0,0.3918,341,334,14,0.0419,0
MEM-PHX,medium,2023-10-23,0,0,0,0,0.2329,673,649,31,0.0478,0
MEM-PHX,medium,2023-10-24,1,0,0,0,0.1023,620,599,21,0.0351,0
MEM-PHX,medium,2023-10-25,2,0,0,0,0.1383,638,621,23,0.037,0
MEM-PHX,medium,2023-10-26,3,0,0,0,0.0167,618,597,22,0.0369,0
MEM-PHX,medium,2023-10-27,4,0,0,0,0.3646,701,687,20,0.0291,0
MEM-PHX,medium,2023-10-28,5,1,0,0,0.6747,382,368,76,0.2065,1
MEM-PHX,medium,2023-10-29,6,1,0,0,0.3668,349,337,72,0.2136,1
MEM-PHX,medium,2023-10-30,0,0,0,0,0.7694,580,563,53,0.0941,1
MEM-PHX,medium,2023-10-31,1,0,0,0,0.3627,659,641,27,0.0421,0
MEM-PHX,medium,2023-11-01,2,0,0,0,0.2162,706,683,25,0.0366,0
MEM-PHX,medium,2023-11-02,3,0,0,0,0.0,649,628,24,0.0382,0
MEM-PHX,medium,2023-11-03,4,0,0,0,0.08,510,498,20,0.0402,0
MEM-PHX,medium,2023-11-04,5,1,0,0,0.0912,276,266,18,0.0677,0
MEM-PHX,medium,2023-11-05,6,1,0,0,0.1832,328,317,17,0.0536,0
MEM-PHX,medium,2023-11-06,0,0,0,0,0.2921,798,771,32,0.0415,0
MEM-PHX,medium,2023-11-07,1,0,0,0,0.0154,701,685,41,0.0599,0
MEM-PHX,medium,2023-11-08,2,0,0,0,0.2343,723,712,24,0.0337,0
MEM-PHX,medium,2023-11-09,3,0,0,0,0.2795,652,642,19,0.0296,0
MEM-PHX,medium,2023-11-10,4,0,0,0,0.3519,621,610,20,0.0328,0
MEM-PHX,medium,2023-11-11,5,1,1,0,0.0911,98,96,6,0.0625,0
MEM-PHX,medium,2023-11-12,6,1,0,0,0.2664,357,352,20,0.0568,0
MEM-PHX,medium,2023-11-13,0,0,0,0,0.2573,762,741,30,0.0405,0
MEM-PHX,medium,2023-11-14,1,0,0,0,0.1504,683,672,14,0.0208,0
MEM-PHX,medium,2023-11-15,2,0,0,0,0.0,735,709,18,0.0254,0
MEM-PHX,medium,2023-11-16,3,0,0,0,0.2008,684,668,26,0.0389,0
MEM-PHX,medium,2023-11-17,4,0,0,0,0.0,603,584,16,0.0274,0
MEM-PHX,medium,2023-11-18,5,1,0,0,0.0,314,307,12,0.0391,0
MEM-PHX,medium,2023-11-19,6,1,0,0,0.0,322,312,23,0.0737,0
MEM-PHX,medium,2023-11-20,0,0,0,1,0.0,985,966,52,0.0538,0
MEM-PHX,medium,2023-11-21,1,0,0,1,0.1074,1045,1014,76,0.075,0
MEM-PHX,medium,2023-11-22,2,0,0,1,0.1445,1248,1203,80,0.0665,0
MEM-PHX,medium,2023-11-23,3,0,0,1,0.5807,987,968,59,0.061,0
MEM-PHX,medium,2023-11-24,4,0,0,1,0.0,1193,1157,69,0.0596,0
MEM-PHX,medium,2023-11-25,5,1,0,1,0.0093,614,599,46,0.0768,0
MEM-PHX,medium,2023-11-26,6,1,0,1,0.28,579,565,43,0.0761,0
MEM-PHX,medium,2023-11-27,0,0,0,1,0.471,834,803,42,0.0523,0
MEM-PHX,medium,2023-11-28,1,0,0,1,0.2046,862,840,59,0.0702,0
MEM-PHX,medium,2023-11-29,2,0,0,1,0.3124,1091,1077,71,0.0659,0
MEM-PHX,medium,2023-11-30,3,0,0,1,0.4083,1097,1078,80,0.0742,0
MEM-PHX,medium,2023-12-01,4,0,0,1,0.1506,1011,979,55,0.0562,0
MEM-PHX,medium,2023-12-02,5,1,0,1,0.1914,557,548,50,0.0912,0
MEM-PHX,medium,2023-12-03,6,1,0,1,0.1201,602,587,37,0.063,0
MEM-PHX,medium,2023-12-04,0,0,0,1,0.2327,988,963,54,0.0561,0
MEM-PHX,medium,2023-12-05,1,0,0,1,0.1968,1006,968,71,0.0733,0
MEM-PHX,medium,2023-12-06,2,0,0,1,0.2649,994,973,54,0.0555,0
MEM-PHX,medium,2023-12-07,3,0,0,1,0.3021,1102,1087,70,0.0644,0
MEM-PHX,medium,2023-12-08,4,0,0,1,0.0,1037,1019,76,0.0746,0
MEM-PHX,medium,2023-12-09,5,1,0,1,0.2276,613,592,44,0.0743,0
MEM-PHX,medium,2023-12-10,6,1,0,1,0.084,524,509,41,0.0806,0
MEM-PHX,medium,2023-12-11,0,0,0,1,0.0545,1090,1058,60,0.0567,0
MEM-PHX,medium,2023-12-12,1,0,0,1,0.2887,970,956,75,0.0785,0
MEM-PHX,medium,2023-12-13,2,0,0,1,0.1756,929,913,52,0.057,0
MEM-PHX,medium,2023-12-14,3,0,0,1,0.2016,1134,1098,63,0.0574,0
MEM-PHX,medium,2023-12-15,4,0,0,1,0.1229,1167,1149,66,0.0574,0
MEM-PHX,medium,2023-12-16,5,1,0,1,0.0344,670,646,45,0.0697,0
MEM-PHX,medium,2023-12-17,6,1,0,1,0.0948,595,577,46,0.0797,0
MEM-PHX,medium,2023-12-18,0,0,0,1,0.2254,932,906,65,0.0717,0
MEM-PHX,medium,2023-12-19,1,0,0,1,0.337,1083,1051,68,0.0647,0
MEM-PHX,medium,2023-12-20,2,0,0,1,0.1664,1196,1153,74,0.0642,0
MEM-PHX,medium,2023-12-21,3,0,0,1,0.3304,1030,1009,76,0.0753,0
MEM-PHX,medium,2023-12-22,4,0,0,1,0.1474,1111,1091,61,0.0559,0
MEM-PHX,medium,2023-12-23,5,1,0,1,0.0,575,559,52,0.093,0
MEM-PHX,medium,2023-12-24,6,1,0,1,0.1656,554,533,49,0.0919,0
MEM-PHX,medium,2023-12-25,0,0,1,1,0.0,277,270,20,0.0741,0
MEM-PHX,medium,2023-12-26,1,0,0,1,0.3974,1003,979,68,0.0695,0
MEM-PHX,medium,2023-12-27,2,0,0,0,0.2026,633,624,22,0.0353,0
MEM-PHX,medium,2023-12-28,3,0,0,0,0.2102,666,642,22,0.0343,0
MEM-PHX,medium,2023-12-29,4,0,0,0,0.1705,678,655,20,0.0305,0
MEM-PHX,medium,2023-12-30,5,1,0,0,0.0835,356,348,23,0.0661,0
MEM-PHX,medium,2023-12-31,6,1,0,0,0.0254,321,310,14,0.0452,0
MEM-PHX,medium,2024-01-01,0,0,1,0,0.4772,169,163,6,0.0368,0
MEM-PHX,medium,2024-01-02,1,0,0,0,0.0,567,550,18,0.0327,0
MEM-PHX,medium,2024-01-03,2,0,0,0,0.3361,628,614,19,0.0309,0
MEM-PHX,medium,2024-01-04,3,0,0,0,0.397,694,670,34,0.0507,0
MEM-PHX,medium,2024-01-05,4,0,0,0,0.0,712,698,33,0.0473,0
MEM-PHX,medium,2024-01-06,5,1,0,0,0.2633,336,324,12,0.037,0
MEM-PHX,medium,2024-01-07,6,1,0,0,0.0257,373,364,23,0.0632,0
MEM-PHX,medium,2024-01-08,0,0,0,0,0.0,585,571,18,0.0315,0
MEM-PHX,medium,2024-01-09,1,0,0,0,0.0524,740,726,36,0.0496,0
MEM-PHX,medium,2024-01-10,2,0,0,0,0.1741,700,676,30,0.0444,0
MEM-PHX,medium,2024-01-11,3,0,0,0,0.3086,732,720,33,0.0458,0
MEM-PHX,medium,2024-01-12,4,0,0,0,0.3834,661,645,38,0.0589,0
MEM-PHX,medium,2024-01-13,5,1,0,0,0.1586,260,252,15,0.0595,0
MEM-PHX,medium,2024-01-14,6,1,0,0,0.0502,356,343,14,0.0408,0
MEM-PHX,medium,2024-01-15,0,0,0,0,0.3716,638,625,21,0.0336,0
MEM-PHX,medium,2024-01-16,1,0,0,0,0.0,604,589,34,0.0577,0
MEM-PHX,medium,2024-01-17,2,0,0,0,0.065,593,577,31,0.0537,0
MEM-PHX,medium,2024-01-18,3,0,0,0,0.1349,666,656,23,0.0351,0
MEM-PHX,medium,2024-01-19,4,0,0,0,0.3059,563,552,27,0.0489,0
MEM-PHX,medium,2024-01-20,5,1,0,0,0.2549,376,365,19,0.0521,0
MEM-PHX,medium,2024-01-21,6,1,0,0,0.2033,362,357,18,0.0504,0
MEM-PHX,medium,2024-01-22,0,0,0,0,0.2128,576,568,14,0.0246,0
MEM-PHX,medium,2024-01-23,1,0,0,0,0.3788,706,689,16,0.0232,0
MEM-PHX,medium,2024-01-24,2,0,0,0,0.2709,699,690,24,0.0348,0
MEM-PHX,medium,2024-01-25,3,0,0,0,0.0514,681,664,24,0.0361,0
MEM-PHX,medium,2024-01-26,4,0,0,0,0.2578,571,564,19,0.0337,0
MEM-PHX,medium,2024-01-27,5,1,0,0,0.0924,353,348,13,0.0374,0
MEM-PHX,medium,2024-01-28,6,1,0,0,0.2982,389,379,17,0.0449,0
MEM-PHX,medium,2024-01-29,0,0,0,0,0.0,650,630,19,0.0302,0
MEM-PHX,medium,2024-01-30,1,0,0,0,0.186,736,726,24,0.0331,0
MEM-PHX,medium,2024-01-31,2,0,0,0,0.245,525,509,24,0.0472,0
MEM-PHX,medium,2024-02-01,3,0,0,0,0.3031,766,747,32,0.0428,0
MEM-PHX,medium,2024-02-02,4,0,0,0,0.1206,837,812,34,0.0419,0
MEM-PHX,medium,2024-02-03,5,1,0,0,0.2122,353,343,16,0.0466,0
MEM-PHX,medium,2024-02-04,6,1,0,0,0.2795,355,344,12,0.0349,0
MEM-PHX,medium,2024-02-05,0,0,0,0,0.7618,583,565,78,0.1381,1
MEM-PHX,medium,2024-02-06,1,0,0,0,0.608,681,667,109,0.1634,1
MEM-PHX,medium,2024-02-07,2,0,0,0,0.5796,673,664,100,0.1506,1
MEM-PHX,medium,2024-02-08,3,0,0,0,0.0837,605,594,27,0.0455,0
MEM-PHX,medium,2024-02-09,4,0,0,0,0.0948,640,631,31,0.0491,0
MEM-PHX,medium,2024-02-10,5,1,0,0,0.1256,295,288,11,0.0382,0
MEM-PHX,medium,2024-02-11,6,1,0,0,0.1328,302,295,17,0.0576,0
MEM-PHX,medium,2024-02-12,0,0,0,0,0.17,592,571,21,0.0368,0
MEM-PHX,medium,2024-02-13,1,0,0,0,0.8207,676,653,70,0.1072,1
MEM-PHX,medium,2024-02-14,2,0,0,0,0.8065,638,616,105,0.1705,1
MEM-PHX,medium,2024-02-15,3,0,0,0,0.4076,777,758,27,0.0356,0
MEM-PHX,medium,2024-02-16,4,0,0,0,0.1947,570,553,21,0.038,0
MEM-PHX,medium,2024-02-17,5,1,0,0,0.2447,371,358,17,0.0475,0
MEM-PHX,medium,2024-02-18,6,1,0,0,0.0,362,355,12,0.0338,0
MEM-PHX,medium,2024-02-19,0,0,0,0,0.0093,727,702,18,0.0256,0
MEM-PHX,medium,2024-02-20,1,0,0,0,0.2885,677,667,21,0.0315,0
MEM-PHX,medium,2024-02-21,2,0,0,0,0.1528,581,573,25,0.0436,0
MEM-PHX,medium,2024-02-22,3,0,0,0,0.0899,655,632,31,0.0491,0
MEM-PHX,medium,2024-02-23,4,0,0,0,0.0539,734,710,31,0.0437,0
MEM-PHX,medium,2024-02-24,5,1,0,0,0.16,366,361,16,0.0443,0
MEM-PHX,medium,2024-02-25,6,1,0,0,0.3396,419,411,14,0.0341,0
MEM-PHX,medium,2024-02-26,0,0,0,0,0.0585,588,567,25,0.0441,0
MEM-PHX,medium,2024-02-27,1,0,0,0,0.1647,756,732,29,0.0396,0
MEM-PHX,medium,2024-02-28,2,0,0,0,0.1495,636,617,14,0.0227,0
MEM-PHX,medium,2024-02-29,3,0,0,0,0.149,641,628,34,0.0541,0
MEM-PHX,medium,2024-03-01,4,0,0,0,0.0,634,623,22,0.0353,0
MEM-PHX,medium,2024-03-02,5,1,0,0,0.0179,396,383,16,0.0418,0
MEM-PHX,medium,2024-03-03,6,1,0,0,0.0068,379,368,17,0.0462,0
MEM-PHX,medium,2024-03-04,0,0,0,0,0.161,854,830,31,0.0373,0
MEM-PHX,medium,2024-03-05,1,0,0,0,0.594,759,743,93,0.1252,1
MEM-PHX,medium,2024-03-06,2,0,0,0,0.6504,795,769,81,0.1053,1
MEM-PHX,medium,2024-03-07,3,0,0,0,0.5834,756,746,87,0.1166,1
MEM-PHX,medium,2024-03-08,4,0,0,0,0.0651,671,654,28,0.0428,0
MEM-PHX,medium,2024-03-09,5,1,0,0,0.0,410,400,23,0.0575,0
MEM-PHX,medium,2024-03-10,6,1,0,0,0.113,265,257,15,0.0584,0
MEM-PHX,medium,2024-03-11,0,0,0,0,0.0418,672,661,20,0.0303,0
MEM-PHX,medium,2024-03-12,1,0,0,0,0.3471,640,630,20,0.0317,0
MEM-PHX,medium,2024-03-13,2,0,0,0,1.0,633,611,66,0.108,1
MEM-PHX,medium,2024-03-14,3,0,0,0,0.7442,657,644,86,0.1335,1
MEM-PHX,medium,2024-03-15,4,0,0,0,0.7332,541,527,44,0.0835,1
MEM-PHX,medium,2024-03-16,5,1,0,0,0.4065,304,300,12,0.04,0
MEM-PHX,medium,2024-03-17,6,1,0,0,0.1687,371,365,16,0.0438,0
MEM-PHX,medium,2024-03-18,0,0,0,0,0.0,764,748,21,0.0281,0
MEM-PHX,medium,2024-03-19,1,0,0,0,0.175,675,661,20,0.0303,0
MEM-PHX,medium,2024-03-20,2,0,0,0,0.1019,731,712,29,0.0407,0
MEM-PHX,medium,2024-03-21,3,0,0,0,0.2803,545,536,13,0.0243,0
MEM-PHX,medium,2024-03-22,4,0,0,0,0.1806,595,581,27,0.0465,0
MEM-PHX,medium,2024-03-23,5,1,0,0,0.0084,363,358,20,0.0559,0
MEM-PHX,medium,2024-03-24,6,1,0,0,0.2905,406,398,15,0.0377,0
MEM-PHX,medium,2024-03-25,0,0,0,0,0.0742,607,596,24,0.0403,0
MEM-PHX,medium,2024-03-26,1,0,0,0,0.0317,608,586,35,0.0597,0
MEM-PHX,medium,2024-03-27,2,0,0,0,0.2508,683,662,20,0.0302,0
MEM-PHX,medium,2024-03-28,3,0,0,0,0.0072,715,697,24,0.0344,0
MEM-PHX,medium,2024-03-29,4,0,0,0,0.0,641,632,20,0.0316,0
MEM-PHX,medium,2024-03-30,5,1,0,0,0.1502,398,385,24,0.0623,0
MEM-PHX,medium,2024-03-31,6,1,0,0,0.0975,354,342,14,0.0409,0
MEM-PHX,medium,2024-04-01,0,0,0,0,0.0029,649,632,19,0.0301,0
MEM-PHX,medium,2024-04-02,1,0,0,0,0.1808,765,748,24,0.0321,0
MEM-PHX,medium,2024-04-03,2,0,0,0,0.1611,706,684,21,0.0307,0
MEM-PHX,medium,2024-04-04,3,0,0,0,0.0,634,619,19,0.0307,0
MEM-PHX,medium,2024-04-05,4,0,0,0,0.0,551,533,19,0.0356,0
MEM-PHX,medium,2024-04-06,5,1,0,0,0.1388,394,388,17,0.0438,0
MEM-PHX,medium,2024-04-07,6,1,0,0,0.2439,325,316,18,0.057,0
MEM-PHX,medium,2024-04-08,0,0,0,0,0.1892,737,725,27,0.0372,0
MEM-PHX,medium,2024-04-09,1,0,0,0,0.2104,517,503,17,0.0338,0
MEM-PHX,medium,2024-04-10,2,0,0,0,0.0,614,600,25,0.0417,0
MEM-PHX,medium,2024-04-11,3,0,0,0,0.0,638,614,26,0.0423,0
MEM-PHX,medium,2024-04-12,4,0,0,0,0.1676,624,613,21,0.0343,0
MEM-PHX,medium,2024-04-13,5,1,0,0,0.2995,379,374,17,0.0455,0
MEM-PHX,medium,2024-04-14,6,1,0,0,0.3785,426,415,18,0.0434,0
MEM-PHX,medium,2024-04-15,0,0,0,0,0.2506,554,544,19,0.0349,0
MEM-PHX,medium,2024-04-16,1,0,0,0,0.2339,727,710,23,0.0324,0
MEM-PHX,medium,2024-04-17,2,0,0,0,0.1532,649,634,24,0.0379,0
MEM-PHX,medium,2024-04-18,3,0,0,0,0.0564,805,776,25,0.0322,0
MEM-PHX,medium,2024-04-19,4,0,0,0,0.1702,661,636,27,0.0425,0
MEM-PHX,medium,2024-04-20,5,1,0,0,0.4066,321,315,20,0.0635,0
MEM-PHX,medium,2024-04-21,6,1,0,0,0.0794,379,370,14,0.0378,0
MEM-PHX,medium,2024-04-22,0,0,0,0,0.1382,541,529,20,0.0378,0
MEM-PHX,medium,2024-04-23,1,0,0,0,0.0905,612,599,17,0.0284,0
MEM-PHX,medium,2024-04-24,2,0,0,0,0.0307,785,759,32,0.0422,0
MEM-PHX,medium,2024-04-25,3,0,0,0,0.2002,631,617,27,0.0438,0
MEM-PHX,medium,2024-04-26,4,0,0,0,0.2501,654,638,15,0.0235,0
MEM-PHX,medium,2024-04-27,5,1,0,0,0.2813,356,344,17,0.0494,0
MEM-PHX,medium,2024-04-28,6,1,0,0,0.2149,333,329,20,0.0608,0
MEM-PHX,medium,2024-04-29,0,0,0,0,0.2721,656,632,34,0.0538,0
MEM-PHX,medium,2024-04-30,1,0,0,0,0.4702,563,550,18,0.0327,0
MEM-PHX,medium,2024-05-01,2,0,0,0,0.0952,530,512,16,0.0312,0
MEM-PHX,medium,2024-05-02,3,0,0,0,0.292,733,709,23,0.0324,0
MEM-PHX,medium,2024-05-03,4,0,0,0,0.2038,604,587,15,0.0256,0
MEM-PHX,medium,2024-05-04,5,1,0,0,0.0149,415,402,17,0.0423,0
MEM-PHX,medium,2024-05-05,6,1,0,0,0.2269,386,374,18,0.0481,0
MEM-PHX,medium,2024-05-06,0,0,0,0,0.2161,611,597,30,0.0503,0
MEM-PHX,medium,2024-05-07,1,0,0,0,0.1664,695,676,28,0.0414,0
MEM-PHX,medium,2024-05-08,2,0,0,0,0.1081,670,647,23,0.0355,0
MEM-PHX,medium,2024-05-09,3,0,0,0,0.1285,646,634,25,0.0394,0
MEM-PHX,medium,2024-05-10,4,0,0,0,0.0,599,586,15,0.0256,0
MEM-PHX,medium,2024-05-11,5,1,0,0,0.2439,322,314,21,0.0669,0
MEM-PHX,medium,2024-05-12,6,1,0,0,0.0126,330,320,16,0.05,0
MEM-PHX,medium,2024-05-13,0,0,0,0,0.2146,591,580,19,0.0328,0
MEM-PHX,medium,2024-05-14,1,0,0,0,0.0404,599,580,26,0.0448,0
MEM-PHX,medium,2024-05-15,2,0,0,0,0.1305,730,720,28,0.0389,0
MEM-PHX,medium,2024-05-16,3,0,0,0,0.3022,724,713,30,0.0421,0
MEM-PHX,medium,2024-05-17,4,0,0,0,0.2922,582,567,21,0.037,0
MEM-PHX,medium,2024-05-18,5,1,0,0,0.2885,338,326,19,0.0583,0
MEM-PHX,medium,2024-05-19,6,1,0,0,0.1387,348,343,18,0.0525,0
MEM-PHX,medium,2024-05-20,0,0,0,0,0.1267,629,607,23,0.0379,0
MEM-PHX,medium,2024-05-21,1,0,0,0,0.2792,667,644,28,0.0435,0
MEM-PHX,medium,2024-05-22,2,0,0,0,0.0736,617,596,22,0.0369,0
MEM-PHX,medium,2024-05-23,3,0,0,0,0.2434,556,544,29,0.0533,0
MEM-PHX,medium,2024-05-24,4,0,0,0,0.1799,644,623,26,0.0417,0
MEM-PHX,medium,2024-05-25,5,1,0,0,0.3531,260,251,12,0.0478,0
MEM-PHX,medium,2024-05-26,6,1,0,0,0.1253,321,316,14,0.0443,0
MEM-PHX,medium,2024-05-27,0,0,0,0,0.0053,671,652,20,0.0307,0
MEM-PHX,medium,2024-05-28,1,0,0,0,0.061,617,596,20,0.0336,0
MEM-PHX,medium,2024-05-29,2,0,0,0,0.1358,734,716,26,0.0363,0
MEM-PHX,medium,2024-05-30,3,0,0,0,0.1571,774,755,29,0.0384,0
MEM-PHX,medium,2024-05-31,4,0,0,0,0.2938,755,734,29,0.0395,0
MEM-PHX,medium,2024-06-01,5,1,0,0,0.0855,336,331,19,0.0574,0
MEM-PHX,medium,2024-06-02,6,1,0,0,0.0598,385,379,17,0.0449,0
MEM-PHX,medium,2024-06-03,0,0,0,0,0.0346,712,692,14,0.0202,0
MEM-PHX,medium,2024-06-04,1,0,0,0,0.2037,583,572,22,0.0385,0
MEM-PHX,medium,2024-06-05,2,0,0,0,0.0763,685,668,20,0.0299,0
MEM-PHX,medium,2024-06-06,3,0,0,0,0.4095,660,638,21,0.0329,0
MEM-PHX,medium,2024-06-07,4,0,0,0,0.0699,622,613,27,0.044,0
MEM-PHX,medium,2024-06-08,5,1,0,0,0.2971,397,388,18,0.0464,0
MEM-PHX,medium,2024-06-09,6,1,0,0,0.3208,338,329,17,0.0517,0
MEM-PHX,medium,2024-06-10,0,0,0,0,0.0,834,823,31,0.0377,0
MEM-PHX,medium,2024-06-11,1,0,0,0,0.0819,666,644,19,0.0295,0
MEM-PHX,medium,2024-06-12,2,0,0,0,0.0871,658,637,19,0.0298,0
MEM-PHX,medium,2024-06-13,3,0,0,0,0.1376,693,668,28,0.0419,0
MEM-PHX,medium,2024-06-14,4,0,0,0,0.1916,662,641,30,0.0468,0
MEM-PHX,medium,2024-06-15,5,1,0,0,0.2949,362,357,18,0.0504,0
MEM-PHX,medium,2024-06-16,6,1,0,0,0.2714,326,316,20,0.0633,0
MEM-PHX,medium,2024-06-17,0,0,0,0,0.1584,623,609,21,0.0345,0
MEM-PHX,medium,2024-06-18,1,0,0,0,0.3311,619,610,29,0.0475,0
MEM-PHX,medium,2024-06-19,2,0,0,0,0.1553,810,793,28,0.0353,0
MEM-PHX,medium,2024-06-20,3,0,0,0,0.0853,573,563,15,0.0266,0
MEM-PHX,medium,2024-06-21,4,0,0,0,0.1618,597,586,22,0.0375,0
MEM-PHX,medium,2024-06-22,5,1,0,0,0.2457,364,353,14,0.0397,0
MEM-PHX,medium,2024-06-23,6,1,0,0,0.2712,329,317,18,0.0568,0
MEM-PHX,medium,2024-06-24,0,0,0,0,0.2601,570,556,23,0.0414,0
MEM-PHX,medium,2024-06-25,1,0,0,0,0.0433,639,626,30,0.0479,0
MEM-PHX,medium,2024-06-26,2,0,0,0,0.2162,669,654,29,0.0443,0
MEM-PHX,medium,2024-06-27,3,0,0,0,0.2988,491,480,21,0.0437,0
MEM-PHX,medium,2024-06-28,4,0,0,0,0.1904,697,684,26,0.038,0
MEM-PHX,medium,2024-06-29,5,1,0,0,0.1313,338,327,17,0.052,0
MEM-PHX,medium,2024-06-30,6,1,0,0,0.2892,333,323,14,0.0433,0
MEM-PHX,medium,2024-07-01,0,0,0,0,0.132,690,667,18,0.027,0
MEM-PHX,medium,2024-07-02,1,0,0,0,0.1975,648,630,24,0.0381,0
MEM-PHX,medium,2024-07-03,2,0,0,0,0.1518,570,561,18,0.0321,0
MEM-PHX,medium,2024-07-04,3,0,1,0,0.0704,179,173,7,0.0405,0
MEM-PHX,medium,2024-07-05,4,0,0,0,0.0125,538,522,19,0.0364,0
MEM-PHX,medium,2024-07-06,5,1,0,0,0.1282,372,367,17,0.0463,0
MEM-PHX,medium,2024-07-07,6,1,0,0,0.1385,404,393,17,0.0433,0
MEM-PHX,medium,2024-07-08,0,0,0,0,0.0931,645,630,24,0.0381,0
MEM-PHX,medium,2024-07-09,1,0,0,0,0.1188,534,521,24,0.0461,0
MEM-PHX,medium,2024-07-10,2,0,0,0,0.0878,580,567,21,0.037,0
MEM-PHX,medium,2024-07-11,3,0,0,0,0.3565,638,626,20,0.0319,0
MEM-PHX,medium,2024-07-12,4,0,0,0,0.0475,751,729,27,0.037,0
MEM-PHX,medium,2024-07-13,5,1,0,0,0.1067,348,336,20,0.0595,0
MEM-PHX,medium,2024-07-14,6,1,0,0,0.0841,338,326,9,0.0276,0
MEM-PHX,medium,2024-07-15,0,0,0,0,0.301,590,580,21,0.0362,0
MEM-PHX,medium,2024-07-16,1,0,0,0,0.0,625,616,28,0.0455,0
MEM-PHX,medium,2024-07-17,2,0,0,0,0.6239,702,685,76,0.1109,1
MEM-PHX,medium,2024-07-18,3,0,0,0,0.6192,685,672,101,0.1503,1
MEM-PHX,medium,2024-07-19,4,0,0,0,0.6828,635,615,77,0.1252,1
MEM-PHX,medium,2024-07-20,5,1,0,0,0.0,369,359,19,0.0529,0
MEM-PHX,medium,2024-07-21,6,1,0,0,0.0993,324,317,14,0.0442,0
MEM-PHX,medium,2024-07-22,0,0,0,0,0.1546,720,707,29,0.041,0
MEM-PHX,medium,2024-07-23,1,0,0,0,0.3774,681,668,19,0.0284,0
MEM-PHX,medium,2024-07-24,2,0,0,0,0.0771,630,619,16,0.0258,0
MEM-PHX,medium,2024-07-25,3,0,0,0,0.2015,606,588,19,0.0323,0
MEM-PHX,medium,2024-07-26,4,0,0,0,0.0433,574,563,19,0.0337,0
MEM-PHX,medium,2024-07-27,5,1,0,0,0.1291,323,315,13,0.0413,0
MEM-PHX,medium,2024-07-28,6,1,0,0,0.1404,344,332,14,0.0422,0
MEM-PHX,medium,2024-07-29,0,0,0,0,0.0519,654,639,30,0.0469,0
MEM-PHX,medium,2024-07-30,1,0,0,0,0.217,590,581,23,0.0396,0
MEM-PHX,medium,2024-07-31,2,0,0,0,0.1144,608,589,16,0.0272,0
MEM-PHX,medium,2024-08-01,3,0,0,0,0.1453,689,678,24,0.0354,0
MEM-PHX,medium,2024-08-02,4,0,0,0,0.1628,637,617,31,0.0502,0
MEM-PHX,medium,2024-08-03,5,1,0,0,0.0,434,420,27,0.0643,0
MEM-PHX,medium,2024-08-04,6,1,0,0,0.2316,368,355,12,0.0338,0
MEM-PHX,medium,2024-08-05,0,0,0,0,0.203,661,644,27,0.0419,0
MEM-PHX,medium,2024-08-06,1,0,0,0,0.3834,616,597,9,0.0151,0
MEM-PHX,medium,2024-08-07,2,0,0,0,0.0713,625,612,29,0.0474,0
MEM-PHX,medium,2024-08-08,3,0,0,0,0.0081,659,647,29,0.0448,0
MEM-PHX,medium,2024-08-09,4,0,0,0,0.111,720,697,22,0.0316,0
MEM-PHX,medium,2024-08-10,5,1,0,0,0.2044,309,300,19,0.0633,0
MEM-PHX,medium,2024-08-11,6,1,0,0,0.0435,313,302,21,0.0695,0
MEM-PHX,medium,2024-08-12,0,0,0,0,0.0,786,758,34,0.0449,0
MEM-PHX,medium,2024-08-13,1,0,0,0,0.1043,544,527,18,0.0342,0
MEM-PHX,medium,2024-08-14,2,0,0,0,0.0,558,549,22,0.0401,0
MEM-PHX,medium,2024-08-15,3,0,0,0,0.0,632,610,19,0.0311,0
MEM-PHX,medium,2024-08-16,4,0,0,0,0.2346,645,626,26,0.0415,0
MEM-PHX,medium,2024-08-17,5,1,0,0,0.1504,320,312,13,0.0417,0
MEM-PHX,medium,2024-08-18,6,1,0,0,0.1865,323,314,10,0.0318,0
MEM-PHX,medium,2024-08-19,0,0,0,0,0.122,813,799,34,0.0426,0
MEM-PHX,medium,2024-08-20,1,0,0,0,0.0398,734,708,29,0.041,0
MEM-PHX,medium,2024-08-21,2,0,0,0,0.2289,627,612,21,0.0343,0
MEM-PHX,medium,2024-08-22,3,0,0,0,0.3382,689,675,25,0.037,0
MEM-PHX,medium,2024-08-23,4,0,0,0,0.362,623,606,30,0.0495,0
MEM-PHX,medium,2024-08-24,5,1,0,0,0.0949,405,398,19,0.0477,0
MEM-PHX,medium,2024-08-25,6,1,0,0,0.0365,344,338,15,0.0444,0
MEM-PHX,medium,2024-08-26,0,0,0,0,0.0504,573,556,23,0.0414,0
MEM-PHX,medium,2024-08-27,1,0,0,0,0.1407,636,614,21,0.0342,0
MEM-PHX,medium,2024-08-28,2,0,0,0,0.0,608,586,17,0.029,0
MEM-PHX,medium,2024-08-29,3,0,0,0,0.2502,719,692,27,0.039,0
MEM-PHX,medium,2024-08-30,4,0,0,0,0.1706,682,663,21,0.0317,0
MEM-PHX,medium,2024-08-31,5,1,0,0,0.3258,356,343,17,0.0496,0
MEM-PHX,medium,2024-09-01,6,1,0,0,0.0531,295,289,18,0.0623,0
MEM-PHX,medium,2024-09-02,0,0,0,0,0.1993,577,559,18,0.0322,0
MEM-PHX,medium,2024-09-03,1,0,0,0,0.0747,718,692,22,0.0318,0
MEM-PHX,medium,2024-09-04,2,0,0,0,0.1467,622,609,26,0.0427,0
MEM-PHX,medium,2024-09-05,3,0,0,0,0.2193,669,647,19,0.0294,0
MEM-PHX,medium,2024-09-06,4,0,0,0,0.2762,662,645,19,0.0295,0
MEM-PHX,medium,2024-09-07,5,1,0,0,0.2221,364,356,20,0.0562,0
MEM-PHX,medium,2024-09-08,6,1,0,0,0.0978,340,333,19,0.0571,0
MEM-PHX,medium,2024-09-09,0,0,0,0,0.3103,643,624,26,0.0417,0
MEM-PHX,medium,2024-09-10,1,0,0,0,0.2728,736,709,27,0.0381,0
MEM-PHX,medium,2024-09-11,2,0,0,0,0.4667,596,577,28,0.0485,0
MEM-PHX,medium,2024-09-12,3,0,0,0,0.1483,735,718,21,0.0292,0
MEM-PHX,medium,2024-09-13,4,0,0,0,0.0633,682,660,30,0.0455,0
MEM-PHX,medium,2024-09-14,5,1,0,0,0.076,337,329,13,0.0395,0
MEM-PHX,medium,2024-09-15,6,1,0,0,0.2609,344,332,18,0.0542,0
MEM-PHX,medium,2024-09-16,0,0,0,0,0.1143,709,691,29,0.042,0
MEM-PHX,medium,2024-09-17,1,0,0,0,0.2156,595,583,20,0.0343,0
MEM-PHX,medium,2024-09-18,2,0,0,0,0.2243,614,598,15,0.0251,0
MEM-PHX,medium,2024-09-19,3,0,0,0,0.0554,604,589,25,0.0424,0
MEM-PHX,medium,2024-09-20,4,0,0,0,0.0007,550,531,25,0.0471,0
MEM-PHX,medium,2024-09-21,5,1,0,0,0.0867,304,299,16,0.0535,0
MEM-PHX,medium,2024-09-22,6,1,0,0,0.2188,420,414,19,0.0459,0
MEM-PHX,medium,2024-09-23,0,0,0,0,0.2278,571,560,24,0.0429,0
MEM-PHX,medium,2024-09-24,1,0,0,0,0.1213,602,586,27,0.0461,0
MEM-PHX,medium,2024-09-25,2,0,0,0,0.2242,604,586,23,0.0392,0
MEM-PHX,medium,2024-09-26,3,0,0,0,0.2509,645,626,27,0.0431,0
MEM-PHX,medium,2024-09-27,4,0,0,0,0.0332,593,574,21,0.0366,0
MEM-PHX,medium,2024-09-28,5,1,0,0,0.4807,336,328,12,0.0366,0
MEM-PHX,medium,2024-09-29,6,1,0,0,0.0201,381,367,17,0.0463,0
MEM-PHX,medium,2024-09-30,0,0,0,0,0.1055,698,684,23,0.0336,0
MEM-PHX,medium,2024-10-01,1,0,0,0,0.1041,627,616,19,0.0308,0
MEM-PHX,medium,2024-10-02,2,0,0,0,0.0664,673,654,30,0.0459,0
MEM-PHX,medium,2024-10-03,3,0,0,0,0.2215,576,565,31,0.0549,0
MEM-PHX,medium,2024-10-04,4,0,0,0,0.2292,740,720,33,0.0458,0
MEM-PHX,medium,2024-10-05,5,1,0,0,0.0,376,364,11,0.0302,0
MEM-PHX,medium,2024-10-06,6,1,0,0,0.0412,358,347,15,0.0432,0
MEM-PHX,medium,2024-10-07,0,0,0,0,0.169,661,645,30,0.0465,0
MEM-PHX,medium,2024-10-08,1,0,0,0,0.0864,658,644,24,0.0373,0
MEM-PHX,medium,2024-10-09,2,0,0,0,0.0,706,682,31,0.0455,0
MEM-PHX,medium,2024-10-10,3,0,0,0,0.1242,572,551,21,0.0381,0
MEM-PHX,medium,2024-10-11,4,0,0,0,0.0289,715,693,27,0.039,0
MEM-PHX,medium,2024-10-12,5,1,0,0,0.1332,332,324,15,0.0463,0
MEM-PHX,medium,2024-10-13,6,1,0,0,0.1151,438,424,19,0.0448,0
MEM-PHX,medium,2024-10-14,0,0,0,0,0.0,670,651,22,0.0338,0
MEM-PHX,medium,2024-10-15,1,0,0,0,0.1744,628,615,24,0.039,0
MEM-PHX,medium,2024-10-16,2,0,0,0,0.0931,718,694,16,0.0231,0
MEM-PHX,medium,2024-10-17,3,0,0,0,0.3686,620,599,19,0.0317,0
MEM-PHX,medium,2024-10-18,4,0,0,0,0.4948,586,572,26,0.0455,0
MEM-PHX,medium,2024-10-19,5,1,0,0,0.1328,367,358,14,0.0391,0
MEM-PHX,medium,2024-10-20,6,1,0,0,0.1375,318,306,13,0.0425,0
MEM-PHX,medium,2024-10-21,0,0,0,0,0.3266,470,457,17,0.0372,0
MEM-PHX,medium,2024-10-22,1,0,0,0,0.1485,684,658,25,0.038,0
MEM-PHX,medium,2024-10-23,2,0,0,0,0.1699,576,555,19,0.0342,0
MEM-PHX,medium,2024-10-24,3,0,0,0,0.2037,639,624,30,0.0481,0
MEM-PHX,medium,2024-10-25,4,0,0,0,0.1792,654,635,27,0.0425,0
MEM-PHX,medium,2024-10-26,5,1,0,0,0.252,367,355,15,0.0423,0
MEM-PHX,medium,2024-10-27,6,1,0,0,0.0,374,363,19,0.0523,0
MEM-PHX,medium,2024-10-28,0,0,0,0,0.387,634,625,23,0.0368,0
MEM-PHX,medium,2024-10-29,1,0,0,0,0.023,689,677,30,0.0443,0
MEM-PHX,medium,2024-10-30,2,0,0,0,0.0,631,613,27,0.044,0
MEM-PHX,medium,2024-10-31,3,0,0,0,0.0,792,780,22,0.0282,0
MEM-PHX,medium,2024-11-01,4,0,0,0,0.1161,663,650,30,0.0462,0
MEM-PHX,medium,2024-11-02,5,1,0,0,0.0023,296,288,12,0.0417,0
MEM-PHX,medium,2024-11-03,6,1,0,0,0.1499,346,337,20,0.0593,0
MEM-PHX,medium,2024-11-04,0,0,0,0,0.0528,513,500,21,0.042,0
MEM-PHX,medium,2024-11-05,1,0,0,0,0.1181,626,605,21,0.0347,0
MEM-PHX,medium,2024-11-06,2,0,0,0,0.2912,722,709,27,0.0381,0
MEM-PHX,medium,2024-11-07,3,0,0,0,0.3503,681,672,29,0.0432,0
MEM-PHX,medium,2024-11-08,4,0,0,0,0.228,629,606,28,0.0462,0
MEM-PHX,medium,2024-11-09,5,1,0,0,0.1979,352,347,14,0.0403,0
MEM-PHX,medium,2024-11-10,6,1,0,0,0.0347,394,381,22,0.0577,0
MEM-PHX,medium,2024-11-11,0,0,1,0,0.0157,152,149,10,0.0671,0
MEM-PHX,medium,2024-11-12,1,0,0,0,0.5436,655,642,91,0.1417,1
MEM-PHX,medium,2024-11-13,2,0,0,0,0.5817,531,516,82,0.1589,1
MEM-PHX,medium,2024-11-14,3,0,0,0,0.3349,656,633,26,0.0411,0
MEM-PHX,medium,2024-11-15,4,0,0,0,0.0774,565,547,16,0.0293,0
MEM-PHX,medium,2024-11-16,5,1,0,0,0.0351,443,431,28,0.065,0
MEM-PHX,medium,2024-11-17,6,1,0,0,0.0459,418,409,16,0.0391,0
MEM-PHX,medium,2024-11-18,0,0,0,0,0.0058,694,682,21,0.0308,0
MEM-PHX,medium,2024-11-19,1,0,0,0,0.0567,636,614,23,0.0375,0
MEM-PHX,medium,2024-11-20,2,0,0,1,0.1658,1031,1003,78,0.0778,0
MEM-PHX,medium,2024-11-21,3,0,0,1,0.0968,1086,1062,77,0.0725,0
MEM-PHX,medium,2024-11-22,4,0,0,1,0.1817,1078,1049,73,0.0696,0
MEM-PHX,medium,2024-11-23,5,1,0,1,0.2829,536,522,57,0.1092,0
MEM-PHX,medium,2024-11-24,6,1,0,1,0.03,589,578,46,0.0796,0
MEM-PHX,medium,2024-11-25,0,0,0,1,0.0905,972,937,61,0.0651,0
MEM-PHX,medium,2024-11-26,1,0,0,1,0.1319,1009,991,57,0.0575,0
MEM-PHX,medium,2024-11-27,2,0,0,1,0.274,1175,1155,59,0.0511,0
MEM-PHX,medium,2024-11-28,3,0,0,1,0.1183,1145,1104,73,0.0661,0
MEM-PHX,medium,2024-11-29,4,0,0,1,0.1704,1074,1053,62,0.0589,0
MEM-PHX,medium,2024-11-30,5,1,0,1,0.0632,597,588,39,0.0663,0
MEM-PHX,medium,2024-12-01,6,1,0,1,0.1061,488,477,32,0.0671,0
MEM-PHX,medium,2024-12-02,0,0,0,1,0.071,1080,1048,64,0.0611,0
MEM-PHX,medium,2024-12-03,1,0,0,1,0.2022,1058,1043,75,0.0719,0
MEM-PHX,medium,2024-12-04,2,0,0,1,0.0,1089,1066,69,0.0647,0
MEM-PHX,medium,2024-12-05,3,0,0,1,0.1404,928,904,49,0.0542,0
MEM-PHX,medium,2024-12-06,4,0,0,1,0.2107,1047,1013,51,0.0503,0
MEM-PHX,medium,2024-12-07,5,1,0,1,0.1339,660,648,60,0.0926,0
MEM-PHX,medium,2024-12-08,6,1,0,1,0.1466,550,542,46,0.0849,0
MEM-PHX,medium,2024-12-09,0,0,0,1,0.0646,954,922,56,0.0607,0
MEM-PHX,medium,2024-12-10,1,0,0,1,0.0222,1041,1008,51,0.0506,0
MEM-PHX,medium,2024-12-11,2,0,0,1,0.4177,1005,992,73,0.0736,0
MEM-PHX,medium,2024-12-12,3,0,0,1,0.2357,873,852,45,0.0528,0
MEM-PHX,medium,2024-12-13,4,0,0,1,0.1252,1041,1005,68,0.0677,0
MEM-PHX,medium,2024-12-14,5,1,0,1,0.0791,637,629,51,0.0811,0
MEM-PHX,medium,2024-12-15,6,1,0,1,0.1116,579,569,43,0.0756,0
MEM-PHX,medium,2024-12-16,0,0,0,1,0.2483,1067,1050,68,0.0648,0
MEM-PHX,medium,2024-12-17,1,0,0,1,0.0612,1001,978,69,0.0706,0
MEM-PHX,medium,2024-12-18,2,0,0,1,0.0807,878,863,57,0.066,0
MEM-PHX,medium,2024-12-19,3,0,0,1,0.0084,939,915,63,0.0689,0
MEM-PHX,medium,2024-12-20,4,0,0,1,0.2078,890,864,55,0.0637,0
MEM-PHX,medium,2024-12-21,5,1,0,1,0.2576,641,623,36,0.0578,0
MEM-PHX,medium,2024-12-22,6,1,0,1,0.0,545,526,51,0.097,0
MEM-PHX,medium,2024-12-23,0,0,0,1,0.0507,1145,1112,57,0.0513,0
MEM-PHX,medium,2024-12-24,1,0,0,1,0.2826,1091,1060,72,0.0679,0
MEM-PHX,medium,2024-12-25,2,0,1,1,0.0422,288,280,19,0.0679,0
MEM-PHX,medium,2024-12-26,3,0,0,1,0.0,1148,1112,60,0.054,0
MEM-PHX,medium,2024-12-27,4,0,0,0,0.1354,649,639,28,0.0438,0
MEM-PHX,medium,2024-12-28,5,1,0,0,0.1571,342,335,17,0.0507,0
MEM-PHX,medium,2024-12-29,6,1,0,0,0.0,354,346,9,0.026,0
MEM-PHX,medium,2024-12-30,0,0,0,0,0.111,594,578,24,0.0415,0
MEM-PHX,medium,2024-12-31,1,0,0,0,0.278,688,675,31,0.0459,0
MEM-PHX,medium,2025-01-01,2,0,1,0,0.3663,147,145,6,0.0414,0
MEM-PHX,medium,2025-01-02,3,0,0,0,0.0,748,731,22,0.0301,0
MEM-PHX,medium,2025-01-03,4,0,0,0,0.1972,625,615,21,0.0341,0
MEM-PHX,medium,2025-01-04,5,1,0,0,0.1439,405,396,25,0.0631,0
MEM-PHX,medium,2025-01-05,6,1,0,0,0.3106,281,276,17,0.0616,0
MEM-PHX,medium,2025-01-06,0,0,0,0,0.1568,631,622,28,0.045,0
MEM-PHX,medium,2025-01-07,1,0,0,0,0.1369,567,560,23,0.0411,0
MEM-PHX,medium,2025-01-08,2,0,0,0,0.1396,660,649,21,0.0324,0
MEM-PHX,medium,2025-01-09,3,0,0,0,0.3243,665,652,20,0.0307,0
MEM-PHX,medium,2025-01-10,4,0,0,0,0.2418,671,652,26,0.0399,0
MEM-PHX,medium,2025-01-11,5,1,0,0,0.0861,326,317,7,0.0221,0
MEM-PHX,medium,2025-01-12,6,1,0,0,0.0681,383,374,17,0.0455,0
MEM-PHX,medium,2025-01-13,0,0,0,0,0.2147,658,650,22,0.0338,0
MEM-PHX,medium,2025-01-14,1,0,0,0,0.1699,704,690,31,0.0449,0
MEM-PHX,medium,2025-01-15,2,0,0,0,0.0546,633,624,29,0.0465,0
MEM-PHX,medium,2025-01-16,3,0,0,0,0.1062,607,594,16,0.0269,0
MEM-PHX,medium,2025-01-17,4,0,0,0,0.0689,701,676,25,0.037,0
MEM-PHX,medium,2025-01-18,5,1,0,0,0.1204,395,390,17,0.0436,0
MEM-PHX,medium,2025-01-19,6,1,0,0,0.019,255,251,15,0.0598,0
MEM-PHX,medium,2025-01-20,0,0,0,0,0.0,774,763,31,0.0406,0
MEM-PHX,medium,2025-01-21,1,0,0,0,0.0492,582,563,20,0.0355,0
MEM-PHX,medium,2025-01-22,2,0,0,0,0.0,679,668,22,0.0329,0
MEM-PHX,medium,2025-01-23,3,0,0,0,0.0646,569,553,16,0.0289,0
MEM-PHX,medium,2025-01-24,4,0,0,0,0.2359,571,551,20,0.0363,0
MEM-PHX,medium,2025-01-25,5,1,0,0,0.4111,399,388,15,0.0387,0
MEM-PHX,medium,2025-01-26,6,1,0,0,0.039,328,319,10,0.0313,0
MEM-PHX,medium,2025-01-27,0,0,0,0,0.2298,649,630,24,0.0381,0
MEM-PHX,medium,2025-01-28,1,0,0,0,0.0998,650,629,18,0.0286,0
MEM-PHX,medium,2025-01-29,2,0,0,0,0.2601,652,632,30,0.0475,0
MEM-PHX,medium,2025-01-30,3,0,0,0,0.3472,678,664,25,0.0377,0
MEM-PHX,medium,2025-01-31,4,0,0,0,0.1181,627,616,21,0.0341,0
MEM-PHX,medium,2025-02-01,5,1,0,0,0.0012,301,296,16,0.0541,0
MEM-PHX,medium,2025-02-02,6,1,0,0,0.0877,393,383,15,0.0392,0
MEM-PHX,medium,2025-02-03,0,0,0,0,0.0,713,695,29,0.0417,0
MEM-PHX,medium,2025-02-04,1,0,0,0,0.0434,819,797,27,0.0339,0
MEM-PHX,medium,2025-02-05,2,0,0,0,0.0715,664,648,15,0.0231,0
MEM-PHX,medium,2025-02-06,3,0,0,0,0.4087,644,631,25,0.0396,0
MEM-PHX,medium,2025-02-07,4,0,0,0,0.085,607,594,19,0.032,0
MEM-PHX,medium,2025-02-08,5,1,0,0,0.0838,407,392,17,0.0434,0
MEM-PHX,medium,2025-02-09,6,1,0,0,0.1315,308,302,9,0.0298,0
MEM-PHX,medium,2025-02-10,0,0,0,0,0.0406,664,649,24,0.037,0
MEM-PHX,medium,2025-02-11,1,0,0,0,0.2351,686,666,31,0.0465,0
MEM-PHX,medium,2025-02-12,2,0,0,0,0.1719,787,765,28,0.0366,0
MEM-PHX,medium,2025-02-13,3,0,0,0,0.3488,698,678,24,0.0354,0
MEM-PHX,medium,2025-02-14,4,0,0,0,0.2144,614,599,34,0.0568,0
MEM-PHX,medium,2025-02-15,5,1,0,0,0.29,441,428,28,0.0654,0
MEM-PHX,medium,2025-02-16,6,1,0,0,0.1344,400,390,18,0.0462,0
MEM-PHX,medium,2025-02-17,0,0,0,0,0.1812,509,499,18,0.0361,0
MEM-PHX,medium,2025-02-18,1,0,0,0,0.0514,622,604,25,0.0414,0
MEM-PHX,medium,2025-02-19,2,0,0,0,0.0783,575,557,24,0.0431,0
MEM-PHX,medium,2025-02-20,3,0,0,0,0.2323,662,651,21,0.0323,0
MEM-PHX,medium,2025-02-21,4,0,0,0,0.234,720,706,35,0.0496,0
MEM-PHX,medium,2025-02-22,5,1,0,0,0.2615,338,329,23,0.0699,0
MEM-PHX,medium,2025-02-23,6,1,0,0,0.0,452,445,14,0.0315,0
MEM-PHX,medium,2025-02-24,0,0,0,0,0.1947,661,641,30,0.0468,0
MEM-PHX,medium,2025-02-25,1,0,0,0,0.1814,668,648,29,0.0448,0
MEM-PHX,medium,2025-02-26,2,0,0,0,0.1562,761,742,27,0.0364,0
MEM-PHX,medium,2025-02-27,3,0,0,0,0.0,805,777,33,0.0425,0
MEM-PHX,medium,2025-02-28,4,0,0,0,0.1464,654,637,30,0.0471,0
MEM-PHX,medium,2025-03-01,5,1,0,0,0.0587,359,350,19,0.0543,0
MEM-PHX,medium,2025-03-02,6,1,0,0,0.1446,367,354,15,0.0424,0
MEM-PHX,medium,2025-03-03,0,0,0,0,0.2342,719,698,24,0.0344,0
MEM-PHX,medium,2025-03-04,1,0,0,0,0.1035,728,714,26,0.0364,0
MEM-PHX,medium,2025-03-05,2,0,0,0,0.0612,687,668,27,0.0404,0
MEM-PHX,medium,2025-03-06,3,0,0,0,0.2038,649,640,18,0.0281,0
MEM-PHX,medium,2025-03-07,4,0,0,0,0.0,635,614,26,0.0423,0
MEM-PHX,medium,2025-03-08,5,1,0,0,0.1575,361,355,14,0.0394,0
MEM-PHX,medium,2025-03-09,6,1,0,0,0.1177,354,349,9,0.0258,0
MEM-PHX,medium,2025-03-10,0,0,0,0,0.0972,594,580,23,0.0397,0
MEM-PHX,medium,2025-03-11,1,0,0,0,0.3068,647,629,26,0.0413,0
MEM-PHX,medium,2025-03-12,2,0,0,0,0.2166,605,583,23,0.0395,0
MEM-PHX,medium,2025-03-13,3,0,0,0,0.0044,573,557,29,0.0521,0
MEM-PHX,medium,2025-03-14,4,0,0,0,0.0038,632,618,26,0.0421,0
MEM-PHX,medium,2025-03-15,5,1,0,0,0.2439,314,307,17,0.0554,0
MEM-PHX,medium,2025-03-16,6,1,0,0,0.1573,337,327,14,0.0428,0
MEM-PHX,medium,2025-03-17,0,0,0,0,0.2761,606,586,18,0.0307,0
MEM-PHX,medium,2025-03-18,1,0,0,0,0.1397,592,574,18,0.0314,0
MEM-PHX,medium,2025-03-19,2,0,0,0,0.1321,730,709,21,0.0296,0
MEM-PHX,medium,2025-03-20,3,0,0,0,0.7769,669,656,77,0.1174,1
MEM-PHX,medium,2025-03-21,4,0,0,0,0.7594,704,689,95,0.1379,1
MEM-PHX,medium,2025-03-22,5,1,0,0,1.0,405,396,68,0.1717,1
MEM-PHX,medium,2025-03-23,6,1,0,0,0.2422,377,371,20,0.0539,0
MEM-PHX,medium,2025-03-24,0,0,0,0,0.0623,663,640,12,0.0187,0
MEM-PHX,medium,2025-03-25,1,0,0,0,0.2928,727,702,22,0.0313,0
MEM-PHX,medium,2025-03-26,2,0,0,0,0.0,748,735,21,0.0286,0
MEM-PHX,medium,2025-03-27,3,0,0,0,0.0751,678,662,12,0.0181,0
MEM-PHX,medium,2025-03-28,4,0,0,0,0.2454,686,669,26,0.0389,0
MEM-PHX,medium,2025-03-29,5,1,0,0,0.1066,343,333,14,0.042,0
MEM-PHX,medium,2025-03-30,6,1,0,0,0.1636,381,375,17,0.0453,0
MEM-PHX,medium,2025-03-31,0,0,0,0,0.0377,619,603,18,0.0299,0
MEM-PHX,medium,2025-04-01,1,0,0,0,0.0753,703,682,32,0.0469,0
MEM-PHX,medium,2025-04-02,2,0,0,0,0.0,714,702,27,0.0385,0
MEM-PHX,medium,2025-04-03,3,0,0,0,0.2032,602,580,19,0.0328,0
MEM-PHX,medium,2025-04-04,4,0,0,0,0.0,660,637,21,0.033,0
MEM-PHX,medium,2025-04-05,5,1,0,0,0.0691,361,349,12,0.0344,0
MEM-PHX,medium,2025-04-06,6,1,0,0,0.0139,346,339,11,0.0324,0
MEM-PHX,medium,2025-04-07,0,0,0,0,0.1267,690,679,23,0.0339,0
MEM-PHX,medium,2025-04-08,1,0,0,0,0.3381,725,698,26,0.0372,0
MEM-PHX,medium,2025-04-09,2,0,0,0,0.303,765,754,22,0.0292,0
MEM-PHX,medium,2025-04-10,3,0,0,0,0.2191,654,632,26,0.0411,0
MEM-PHX,medium,2025-04-11,4,0,0,0,0.275,686,676,27,0.0399,0
MEM-PHX,medium,2025-04-12,5,1,0,0,0.2989,395,390,22,0.0564,0
MEM-PHX,medium,2025-04-13,6,1,0,0,0.2144,387,380,19,0.05,0
MEM-PHX,medium,2025-04-14,0,0,0,0,0.0805,585,565,23,0.0407,0
MEM-PHX,medium,2025-04-15,1,0,0,0,0.0,602,585,24,0.041,0
MEM-PHX,medium,2025-04-16,2,0,0,0,0.0531,651,642,25,0.0389,0
MEM-PHX,medium,2025-04-17,3,0,0,0,0.0,642,619,28,0.0452,0
MEM-PHX,medium,2025-04-18,4,0,0,0,0.0,605,586,29,0.0495,0
MEM-PHX,medium,2025-04-19,5,1,0,0,0.2288,337,332,15,0.0452,0
MEM-PHX,medium,2025-04-20,6,1,0,0,0.1226,345,338,13,0.0385,0
MEM-PHX,medium,2025-04-21,0,0,0,0,0.22,713,698,29,0.0415,0
MEM-PHX,medium,2025-04-22,1,0,0,0,0.1399,632,612,18,0.0294,0
MEM-PHX,medium,2025-04-23,2,0,0,0,0.0396,745,724,26,0.0359,0
MEM-PHX,medium,2025-04-24,3,0,0,0,0.1008,705,681,20,0.0294,0
MEM-PHX,medium,2025-04-25,4,0,0,0,0.1504,657,635,23,0.0362,0
MEM-PHX,medium,2025-04-26,5,1,0,0,0.0668,326,320,12,0.0375,0
MEM-PHX,medium,2025-04-27,6,1,0,0,0.2226,319,309,13,0.0421,0
MEM-PHX,medium,2025-04-28,0,0,0,0,0.5353,694,683,102,0.1493,1
MEM-PHX,medium,2025-04-29,1,0,0,0,0.8342,715,689,98,0.1422,1
MEM-PHX,medium,2025-04-30,2,0,0,0,0.343,686,674,91,0.135,1
MEM-PHX,medium,2025-05-01,3,0,0,0,0.2149,595,577,17,0.0295,0
MEM-PHX,medium,2025-05-02,4,0,0,0,0.0,617,606,32,0.0528,0
MEM-PHX,medium,2025-05-03,5,1,0,0,0.3265,392,380,16,0.0421,0
MEM-PHX,medium,2025-05-04,6,1,0,0,0.0,313,303,20,0.066,0
MEM-PHX,medium,2025-05-05,0,0,0,0,0.1649,709,699,24,0.0343,0
MEM-PHX,medium,2025-05-06,1,0,0,0,0.1222,684,673,26,0.0386,0
MEM-PHX,medium,2025-05-07,2,0,0,0,0.7567,702,678,98,0.1445,1
MEM-PHX,medium,2025-05-08,3,0,0,0,0.0187,684,668,25,0.0374,0
MEM-PHX,medium,2025-05-09,4,0,0,0,0.2447,595,578,16,0.0277,0
MEM-PHX,medium,2025-05-10,5,1,0,0,0.0178,374,360,17,0.0472,0
MEM-PHX,medium,2025-05-11,6,1,0,0,0.2406,423,412,30,0.0728,0
MEM-PHX,medium,2025-05-12,0,0,0,0,0.1635,716,697,24,0.0344,0
MEM-PHX,medium,2025-05-13,1,0,0,0,0.1265,880,849,28,0.033,0
MEM-PHX,medium,2025-05-14,2,0,0,0,0.1672,776,753,24,0.0319,0
MEM-PHX,medium,2025-05-15,3,0,0,0,0.1322,528,513,12,0.0234,0
MEM-PHX,medium,2025-05-16,4,0,0,0,0.1921,588,579,25,0.0432,0
MEM-PHX,medium,2025-05-17,5,1,0,0,0.227,354,343,13,0.0379,0
MEM-PHX,medium,2025-05-18,6,1,0,0,0.2066,306,295,15,0.0508,0
MEM-PHX,medium,2025-05-19,0,0,0,0,0.0195,805,783,26,0.0332,0
MEM-PHX,medium,2025-05-20,1,0,0,0,0.2268,772,746,24,0.0322,0
MEM-PHX,medium,2025-05-21,2,0,0,0,0.2563,657,640,29,0.0453,0
MEM-PHX,medium,2025-05-22,3,0,0,0,0.1728,665,651,18,0.0276,0
MEM-PHX,medium,2025-05-23,4,0,0,0,0.0319,607,587,23,0.0392,0
MEM-PHX,medium,2025-05-24,5,1,0,0,0.0985,405,400,23,0.0575,0
MEM-PHX,medium,2025-05-25,6,1,0,0,0.1077,283,273,10,0.0366,0
MEM-PHX,medium,2025-05-26,0,0,0,0,0.1078,715,688,21,0.0305,0
MEM-PHX,medium,2025-05-27,1,0,0,0,0.1555,692,683,24,0.0351,0
MEM-PHX,medium,2025-05-28,2,0,0,0,0.055,642,628,24,0.0382,0
MEM-PHX,medium,2025-05-29,3,0,0,0,0.3818,658,638,14,0.0219,0
MEM-PHX,medium,2025-05-30,4,0,0,0,0.1971,693,676,29,0.0429,0
MEM-PHX,medium,2025-05-31,5,1,0,0,0.1667,378,368,17,0.0462,0
MEM-PHX,medium,2025-06-01,6,1,0,0,0.0578,297,289,16,0.0554,0
MEM-PHX,medium,2025-06-02,0,0,0,0,0.2076,629,618,13,0.021,0
MEM-PHX,medium,2025-06-03,1,0,0,0,0.0,675,659,19,0.0288,0
MEM-PHX,medium,2025-06-04,2,0,0,0,0.438,537,526,14,0.0266,0
MEM-PHX,medium,2025-06-05,3,0,0,0,0.1319,626,614,22,0.0358,0
MEM-PHX,medium,2025-06-06,4,0,0,0,0.0888,635,617,33,0.0535,0
MEM-PHX,medium,2025-06-07,5,1,0,0,0.2166,354,349,8,0.0229,0
MEM-PHX,medium,2025-06-08,6,1,0,0,0.0879,377,369,23,0.0623,0
MEM-PHX,medium,2025-06-09,0,0,0,0,0.1566,569,548,21,0.0383,0
MEM-PHX,medium,2025-06-10,1,0,0,0,0.068,601,587,24,0.0409,0
MEM-PHX,medium,2025-06-11,2,0,0,0,0.3484,609,593,20,0.0337,0
MEM-PHX,medium,2025-06-12,3,0,0,0,0.0974,677,652,10,0.0153,0
MEM-PHX,medium,2025-06-13,4,0,0,0,0.1513,653,643,23,0.0358,0
MEM-PHX,medium,2025-06-14,5,1,0,0,0.0875,295,286,14,0.049,0
MEM-PHX,medium,2025-06-15,6,1,0,0,0.1835,356,349,12,0.0344,0
MEM-PHX,medium,2025-06-16,0,0,0,0,0.1621,562,551,15,0.0272,0
MEM-PHX,medium,2025-06-17,1,0,0,0,0.1052,584,574,28,0.0488,0
MEM-PHX,medium,2025-06-18,2,0,0,0,0.0549,623,607,22,0.0362,0
MEM-PHX,medium,2025-06-19,3,0,0,0,0.2192,612,604,19,0.0315,0
MEM-PHX,medium,2025-06-20,4,0,0,0,0.3911,673,649,21,0.0324,0
MEM-PHX,medium,2025-06-21,5,1,0,0,0.029,433,423,17,0.0402,0
MEM-PHX,medium,2025-06-22,6,1,0,0,0.1185,325,313,24,0.0767,0
MEM-PHX,medium,2025-06-23,0,0,0,0,0.0343,714,688,24,0.0349,0
MEM-PHX,medium,2025-06-24,1,0,0,0,0.9025,661,650,77,0.1185,1
MEM-PHX,medium,2025-06-25,2,0,0,0,0.9859,756,744,87,0.1169,1
MEM-PHX,medium,2025-06-26,3,0,0,0,0.1656,781,758,34,0.0449,0
MEM-PHX,medium,2025-06-27,4,0,0,0,0.3807,679,664,25,0.0377,0
MEM-PHX,medium,2025-06-28,5,1,0,0,0.3005,340,329,19,0.0578,0
MEM-PHX,medium,2025-06-29,6,1,0,0,0.1115,332,325,18,0.0554,0
MEM-PHX,medium,2025-06-30,0,0,0,0,0.4498,667,652,29,0.0445,0
MEM-PHX,medium,2025-07-01,1,0,0,0,0.1049,618,598,16,0.0268,0
MEM-PHX,medium,2025-07-02,2,0,0,0,0.0526,721,695,29,0.0417,0
MEM-PHX,medium,2025-07-03,3,0,0,0,0.0847,518,499,28,0.0561,0
MEM-PHX,medium,2025-07-04,4,0,1,0,0.1759,137,135,4,0.0296,0
MEM-PHX,medium,2025-07-05,5,1,0,0,0.0,384,377,21,0.0557,0
MEM-PHX,medium,2025-07-06,6,1,0,0,0.2654,372,367,28,0.0763,0
MEM-PHX,medium,2025-07-07,0,0,0,0,0.0255,746,726,24,0.0331,0
MEM-PHX,medium,2025-07-08,1,0,0,0,0.095,618,606,17,0.0281,0
MEM-PHX,medium,2025-07-09,2,0,0,0,0.1959,639,630,18,0.0286,0
MEM-PHX,medium,2025-07-10,3,0,0,0,0.0522,692,678,35,0.0516,0
MEM-PHX,medium,2025-07-11,4,0,0,0,0.2255,566,548,26,0.0474,0
MEM-PHX,medium,2025-07-12,5,1,0,0,0.0,370,357,16,0.0448,0
MEM-PHX,medium,2025-07-13,6,1,0,0,0.0882,421,414,14,0.0338,0
MEM-PHX,medium,2025-07-14,0,0,0,0,0.2103,643,625,27,0.0432,0
MEM-PHX,medium,2025-07-15,1,0,0,0,0.0729,656,643,23,0.0358,0
MEM-PHX,medium,2025-07-16,2,0,0,0,0.1238,665,654,23,0.0352,0
MEM-PHX,medium,2025-07-17,3,0,0,0,0.2721,539,526,21,0.0399,0
MEM-PHX,medium,2025-07-18,4,0,0,0,0.0917,761,745,38,0.051,0
MEM-PHX,medium,2025-07-19,5,1,0,0,0.0254,370,358,22,0.0615,0
MEM-PHX,medium,2025-07-20,6,1,0,0,0.0,335,330,20,0.0606,0
MEM-PHX,medium,2025-07-21,0,0,0,0,0.1219,550,531,21,0.0395,0
MEM-PHX,medium,2025-07-22,1,0,0,0,0.2858,607,599,23,0.0384,0
MEM-PHX,medium,2025-07-23,2,0,0,0,0.1161,663,640,25,0.0391,0
MEM-PHX,medium,2025-07-24,3,0,0,0,0.0274,572,552,21,0.038,0
MEM-PHX,medium,2025-07-25,4,0,0,0,0.2508,689,665,24,0.0361,0
MEM-PHX,medium,2025-07-26,5,1,0,0,0.3759,371,364,21,0.0577,0
MEM-PHX,medium,2025-07-27,6,1,0,0,0.155,409,399,24,0.0602,0
MEM-PHX,medium,2025-07-28,0,0,0,0,0.0664,612,600,21,0.035,0
MEM-PHX,medium,2025-07-29,1,0,0,0,0.1172,673,656,26,0.0396,0
MEM-PHX,medium,2025-07-30,2,0,0,0,0.1049,636,620,18,0.029,0
MEM-PHX,medium,2025-07-31,3,0,0,0,0.084,686,663,20,0.0302,0
MEM-PHX,medium,2025-08-01,4,0,0,0,0.1184,577,557,21,0.0377,0
MEM-PHX,medium,2025-08-02,5,1,0,0,0.2575,375,366,15,0.041,0
MEM-PHX,medium,2025-08-03,6,1,0,0,0.0,340,334,15,0.0449,0
MEM-PHX,medium,2025-08-04,0,0,0,0,0.1768,681,659,16,0.0243,0
MEM-PHX,medium,2025-08-05,1,0,0,0,0.1335,598,586,20,0.0341,0
MEM-PHX,medium,2025-08-06,2,0,0,0,0.2183,747,736,22,0.0299,0
MEM-PHX,medium,2025-08-07,3,0,0,0,0.18,590,580,19,0.0328,0
MEM-PHX,medium,2025-08-08,4,0,0,0,0.0,586,578,21,0.0363,0
MEM-PHX,medium,2025-08-09,5,1,0,0,0.218,325,317,17,0.0536,0
MEM-PHX,medium,2025-08-10,6,1,0,0,0.2258,356,349,17,0.0487,0
MEM-PHX,medium,2025-08-11,0,0,0,0,0.0511,697,680,28,0.0412,0
MEM-PHX,medium,2025-08-12,1,0,0,0,0.2198,629,616,15,0.0244,0
MEM-PHX,medium,2025-08-13,2,0,0,0,0.2302,724,701,19,0.0271,0
MEM-PHX,medium,2025-08-14,3,0,0,0,0.2574,631,614,21,0.0342,0
MEM-PHX,medium,2025-08-15,4,0,0,0,0.1524,592,582,26,0.0447,0
MEM-PHX,medium,2025-08-16,5,1,0,0,0.1896,389,375,17,0.0453,0
MEM-PHX,medium,2025-08-17,6,1,0,0,0.7986,376,364,52,0.1429,1
MEM-PHX,medium,2025-08-18,0,0,0,0,0.7385,640,624,88,0.141,1
MEM-PHX,medium,2025-08-19,1,0,0,0,0.044,653,639,27,0.0423,0
MEM-PHX,medium,2025-08-20,2,0,0,0,0.0785,677,658,25,0.038,0
MEM-PHX,medium,2025-08-21,3,0,0,0,0.3503,676,651,28,0.043,0
MEM-PHX,medium,2025-08-22,4,0,0,0,0.0,630,622,23,0.037,0
MEM-PHX,medium,2025-08-23,5,1,0,0,0.2209,309,300,21,0.07,0
MEM-PHX,medium,2025-08-24,6,1,0,0,0.2769,298,291,12,0.0412,0
MEM-PHX,medium,2025-08-25,0,0,0,0,0.0727,729,715,26,0.0364,0
MEM-PHX,medium,2025-08-26,1,0,0,0,0.1451,747,733,25,0.0341,0
MEM-PHX,medium,2025-08-27,2,0,0,0,0.31,665,652,16,0.0245,0
MEM-PHX,medium,2025-08-28,3,0,0,0,0.0964,605,591,15,0.0254,0
MEM-PHX,medium,2025-08-29,4,0,0,0,0.1712,679,666,21,0.0315,0
MEM-PHX,medium,2025-08-30,5,1,0,0,0.4802,389,377,17,0.0451,0
MEM-PHX,medium,2025-08-31,6,1,0,0,0.3914,396,382,13,0.034,0
MEM-PHX,medium,2025-09-01,0,0,0,0,0.299,676,661,25,0.0378,0
MEM-PHX,medium,2025-09-02,1,0,0,0,0.1088,594,575,17,0.0296,0
MEM-PHX,medium,2025-09-03,2,0,0,0,0.3736,640,627,21,0.0335,0
MEM-PHX,medium,2025-09-04,3,0,0,0,0.2516,744,720,23,0.0319,0
MEM-PHX,medium,2025-09-05,4,0,0,0,0.1866,632,610,21,0.0344,0
MEM-PHX,medium,2025-09-06,5,1,0,0,0.248,299,295,19,0.0644,0
MEM-PHX,medium,2025-09-07,6,1,0,0,0.111,340,328,10,0.0305,0
MEM-PHX,medium,2025-09-08,0,0,0,0,0.3953,710,695,27,0.0388,0
MEM-PHX,medium,2025-09-09,1,0,0,0,0.0,657,639,23,0.036,0
MEM-PHX,medium,2025-09-10,2,0,0,0,0.0142,737,714,26,0.0364,0
MEM-PHX,medium,2025-09-11,3,0,0,0,0.1952,543,528,21,0.0398,0
MEM-PHX,medium,2025-09-12,4,0,0,0,0.1002,586,567,12,0.0212,0
MEM-PHX,medium,2025-09-13,5,1,0,0,0.1083,403,397,24,0.0605,0
MEM-PHX,medium,2025-09-14,6,1,0,0,0.2387,353,343,20,0.0583,0
MEM-PHX,medium,2025-09-15,0,0,0,0,0.2453,609,601,29,0.0483,0
MEM-PHX,medium,2025-09-16,1,0,0,0,0.2406,675,656,32,0.0488,0
MEM-PHX,medium,2025-09-17,2,0,0,0,0.0,737,710,28,0.0394,0
MEM-PHX,medium,2025-09-18,3,0,0,0,0.2951,579,560,15,0.0268,0
MEM-PHX,medium,2025-09-19,4,0,0,0,0.0716,699,680,20,0.0294,0
MEM-PHX,medium,2025-09-20,5,1,0,0,0.3588,350,340,18,0.0529,0
MEM-PHX,medium,2025-09-21,6,1,0,0,0.2915,391,386,18,0.0466,0
MEM-PHX,medium,2025-09-22,0,0,0,0,0.3733,615,603,22,0.0365,0
MEM-PHX,medium,2025-09-23,1,0,0,0,0.0,770,760,24,0.0316,0
MEM-PHX,medium,2025-09-24,2,0,0,0,0.0637,603,583,26,0.0446,0
MEM-PHX,medium,2025-09-25,3,0,0,0,0.0083,766,739,21,0.0284,0
MEM-PHX,medium,2025-09-26,4,0,0,0,0.2502,609,590,30,0.0508,0
MEM-PHX,medium,2025-09-27,5,1,0,0,0.2319,363,351,18,0.0513,0
MEM-PHX,medium,2025-09-28,6,1,0,0,0.0303,313,307,13,0.0423,0
MEM-PHX,medium,2025-09-29,0,0,0,0,0.1937,627,604,17,0.0281,0
MEM-PHX,medium,2025-09-30,1,0,0,0,0.2714,609,598,20,0.0334,0
MEM-PHX,medium,2025-10-01,2,0,0,0,0.0806,647,629,26,0.0413,0
MEM-PHX,medium,2025-10-02,3,0,0,0,0.064,527,510,12,0.0235,0
MEM-PHX,medium,2025-10-03,4,0,0,0,0.1344,743,716,25,0.0349,0
MEM-PHX,medium,2025-10-04,5,1,0,0,0.2813,257,251,19,0.0757,0
MEM-PHX,medium,2025-10-05,6,1,0,0,0.0,388,381,14,0.0367,0
MEM-PHX,medium,2025-10-06,0,0,0,0,0.1331,580,560,29,0.0518,0
MEM-PHX,medium,2025-10-07,1,0,0,0,0.1749,602,587,25,0.0426,0
MEM-PHX,medium,2025-10-08,2,0,0,0,0.1348,641,629,29,0.0461,0
MEM-PHX,medium,2025-10-09,3,0,0,0,0.6974,695,678,104,0.1534,1
MEM-PHX,medium,2025-10-10,4,0,0,0,0.8569,665,654,98,0.1498,1
MEM-PHX,medium,2025-10-11,5,1,0,0,0.6584,402,390,70,0.1795,1
MEM-PHX,medium,2025-10-12,6,1,0,0,0.6661,390,378,60,0.1587,1
MEM-PHX,medium,2025-10-13,0,0,0,0,0.1211,627,604,32,0.053,0
MEM-PHX,medium,2025-10-14,1,0,0,0,0.1422,659,638,15,0.0235,0
MEM-PHX,medium,2025-10-15,2,0,0,0,0.2417,628,613,18,0.0294,0
MEM-PHX,medium,2025-10-16,3,0,0,0,0.072,669,649,28,0.0431,0
MEM-PHX,medium,2025-10-17,4,0,0,0,0.022,748,722,20,0.0277,0
MEM-PHX,medium,2025-10-18,5,1,0,0,0.0,336,327,28,0.0856,0
MEM-PHX,medium,2025-10-19,6,1,0,0,0.0954,363,355,18,0.0507,0
MEM-PHX,medium,2025-10-20,0,0,0,0,0.0,652,629,21,0.0334,0
MEM-PHX,medium,2025-10-21,1,0,0,0,0.1806,668,647,25,0.0386,0
MEM-PHX,medium,2025-10-22,2,0,0,0,0.0868,603,593,15,0.0253,0
MEM-PHX,medium,2025-10-23,3,0,0,0,0.041,720,699,27,0.0386,0
MEM-PHX,medium,2025-10-24,4,0,0,0,0.1127,609,600,29,0.0483,0
MEM-PHX,medium,2025-10-25,5,1,0,0,0.1911,345,337,20,0.0593,0
MEM-PHX,medium,2025-10-26,6,1,0,0,0.4432,342,333,13,0.039,0
MEM-PHX,medium,2025-10-27,0,0,0,0,0.4705,640,625,14,0.0224,0
MEM-PHX,medium,2025-10-28,1,0,0,0,0.0851,607,589,24,0.0407,0
MEM-PHX,medium,2025-10-29,2,0,0,0,0.0892,750,736,29,0.0394,0
MEM-PHX,medium,2025-10-30,3,0,0,0,0.2735,634,621,30,0.0483,0
MEM-PHX,medium,2025-10-31,4,0,0,0,0.2738,586,567,16,0.0282,0
MEM-PHX,medium,2025-11-01,5,1,0,0,0.0,291,283,17,0.0601,0
MEM-PHX,medium,2025-11-02,6,1,0,0,0.2422,339,330,16,0.0485,0
MEM-PHX,medium,2025-11-03,0,0,0,0,0.1591,795,769,29,0.0377,0
MEM-PHX,medium,2025-11-04,1,0,0,0,0.1803,735,711,24,0.0338,0
MEM-PHX,medium,2025-11-05,2,0,0,0,0.0907,600,591,13,0.022,0
MEM-PHX,medium,2025-11-06,3,0,0,0,0.0455,586,571,16,0.028,0
MEM-PHX,medium,2025-11-07,4,0,0,0,0.0,619,598,27,0.0452,0
MEM-PHX,medium,2025-11-08,5,1,0,0,0.1405,381,374,24,0.0642,0
MEM-PHX,medium,2025-11-09,6,1,0,0,0.2873,415,403,21,0.0521,0
MEM-PHX,medium,2025-11-10,0,0,0,0,0.0837,538,521,15,0.0288,0
MEM-PHX,medium,2025-11-11,1,0,1,0,0.0084,139,134,2,0.0149,0
MEM-PHX,medium,2025-11-12,2,0,0,0,0.0164,578,564,22,0.039,0
MEM-PHX,medium,2025-11-13,3,0,0,0,0.1935,622,605,22,0.0364,0
MEM-PHX,medium,2025-11-14,4,0,0,0,0.0,665,653,26,0.0398,0
MEM-PHX,medium,2025-11-15,5,1,0,0,0.2228,329,318,16,0.0503,0
MEM-PHX,medium,2025-11-16,6,1,0,0,0.0943,322,315,18,0.0571,0
MEM-PHX,medium,2025-11-17,0,0,0,0,0.1035,510,492,25,0.0508,0
MEM-PHX,medium,2025-11-18,1,0,0,0,0.0794,610,596,19,0.0319,0
MEM-PHX,medium,2025-11-19,2,0,0,0,0.0567,676,654,26,0.0398,0
MEM-PHX,medium,2025-11-20,3,0,0,1,0.0819,999,967,52,0.0538,0
MEM-PHX,medium,2025-11-21,4,0,0,1,0.1928,988,958,68,0.071,0
MEM-PHX,medium,2025-11-22,5,1,0,1,0.0178,482,470,31,0.066,0
MEM-PHX,medium,2025-11-23,6,1,0,1,0.0,517,498,37,0.0743,0
MEM-PHX,medium,2025-11-24,0,0,0,1,0.2006,990,969,47,0.0485,0
MEM-PHX,medium,2025-11-25,1,0,0,1,0.1288,1055,1040,68,0.0654,0
MEM-PHX,medium,2025-11-26,2,0,0,1,0.1031,887,866,55,0.0635,0
MEM-PHX,medium,2025-11-27,3,0,0,1,0.7708,925,893,196,0.2195,1
MEM-PHX,medium,2025-11-28,4,0,0,1,0.5553,1121,1094,202,0.1846,1
MEM-PHX,medium,2025-11-29,5,1,0,1,0.6519,531,523,139,0.2658,1
MEM-PHX,medium,2025-11-30,6,1,0,1,0.1312,611,595,47,0.079,0
MEM-PHX,medium,2025-12-01,0,0,0,1,0.0889,959,945,62,0.0656,0
MEM-PHX,medium,2025-12-02,1,0,0,1,0.0,943,920,59,0.0641,0
MEM-PHX,medium,2025-12-03,2,0,0,1,0.2025,1289,1267,91,0.0718,0
MEM-PHX,medium,2025-12-04,3,0,0,1,0.1125,875,857,50,0.0583,0
MEM-PHX,medium,2025-12-05,4,0,0,1,0.1748,1043,1026,62,0.0604,0
MEM-PHX,medium,2025-12-06,5,1,0,1,0.0987,545,526,45,0.0856,0
MEM-PHX,medium,2025-12-07,6,1,0,1,0.0,544,535,49,0.0916,0
MEM-PHX,medium,2025-12-08,0,0,0,1,0.0,1256,1238,67,0.0541,0
MEM-PHX,medium,2025-12-09,1,0,0,1,0.2394,1073,1041,54,0.0519,0
MEM-PHX,medium,2025-12-10,2,0,0,1,0.2714,988,965,69,0.0715,0
MEM-PHX,medium,2025-12-11,3,0,0,1,0.1988,1210,1194,71,0.0595,0
MEM-PHX,medium,2025-12-12,4,0,0,1,0.1923,914,887,52,0.0586,0
MEM-PHX,medium,2025-12-13,5,1,0,1,0.1234,588,576,61,0.1059,0
MEM-PHX,medium,2025-12-14,6,1,0,1,0.3709,533,524,37,0.0706,0
MEM-PHX,medium,2025-12-15,0,0,0,1,0.0,906,890,54,0.0607,0
MEM-PHX,medium,2025-12-16,1,0,0,1,0.0281,1065,1050,64,0.061,0
MEM-PHX,medium,2025-12-17,2,0,0,1,0.3885,1080,1065,65,0.061,0
MEM-PHX,medium,2025-12-18,3,0,0,1,0.4103,1104,1077,70,0.065,0
MEM-PHX,medium,2025-12-19,4,0,0,1,0.1383,1114,1083,72,0.0665,0
MEM-PHX,medium,2025-12-20,5,1,0,1,0.0667,506,496,28,0.0565,0
MEM-PHX,medium,2025-12-21,6,1,0,1,0.2447,514,504,34,0.0675,0
MEM-PHX,medium,2025-12-22,0,0,0,1,0.0,967,955,59,0.0618,0
MEM-PHX,medium,2025-12-23,1,0,0,1,0.0,927,902,63,0.0698,0
MEM-PHX,medium,2025-12-24,2,0,0,1,0.3492,1151,1135,79,0.0696,0
MEM-PHX,medium,2025-12-25,3,0,1,1,0.0967,303,292,17,0.0582,0
MEM-PHX,medium,2025-12-26,4,0,0,1,0.1673,903,873,51,0.0584,0
MEM-PHX,medium,2025-12-27,5,1,0,0,0.0,374,365,16,0.0438,0
MEM-PHX,medium,2025-12-28,6,1,0,0,0.1519,342,336,17,0.0506,0
MEM-PHX,medium,2025-12-29,0,0,0,0,0.1947,656,647,26,0.0402,0
MEM-PHX,medium,2025-12-30,1,0,0,0,0.1312,650,634,23,0.0363,0
MEM-PHX,medium,2025-12-31,2,0,0,0,0.319,646,632,18,0.0285,0
MEM-PHX,medium,2026-01-01,3,0,1,0,0.7227,156,152,11,0.0724,1
MEM-PHX,medium,2026-01-02,4,0,0,0,0.2421,568,551,22,0.0399,0
MEM-PHX,medium,2026-01-03,5,1,0,0,0.2533,373,362,15,0.0414,0
MEM-PHX,medium,2026-01-04,6,1,0,0,0.2204,308,297,14,0.0471,0
MEM-PHX,medium,2026-01-05,0,0,0,0,0.1348,644,631,33,0.0523,0
MEM-PHX,medium,2026-01-06,1,0,0,0,0.1072,706,691,21,0.0304,0
MEM-PHX,medium,2026-01-07,2,0,0,0,0.0747,674,650,30,0.0462,0
MEM-PHX,medium,2026-01-08,3,0,0,0,0.0,692,667,28,0.042,0
MEM-PHX,medium,2026-01-09,4,0,0,0,0.2968,635,622,29,0.0466,0
MEM-PHX,medium,2026-01-10,5,1,0,0,0.2686,354,343,17,0.0496,0
MEM-PHX,medium,2026-01-11,6,1,0,0,0.2332,343,334,24,0.0719,0
MEM-PHX,medium,2026-01-12,0,0,0,0,0.0267,638,620,22,0.0355,0
MEM-PHX,medium,2026-01-13,1,0,0,0,0.0,707,684,29,0.0424,0
MEM-PHX,medium,2026-01-14,2,0,0,0,0.137,721,698,27,0.0387,0
MEM-PHX,medium,2026-01-15,3,0,0,0,0.091,750,740,18,0.0243,0
MEM-PHX,medium,2026-01-16,4,0,0,0,0.106,668,648,31,0.0478,0
MEM-PHX,medium,2026-01-17,5,1,0,0,0.0,298,287,14,0.0488,0
MEM-PHX,medium,2026-01-18,6,1,0,0,0.2206,360,347,15,0.0432,0
MEM-PHX,medium,2026-01-19,0,0,0,0,0.2723,595,580,22,0.0379,0
MEM-PHX,medium,2026-01-20,1,0,0,0,0.1273,704,682,26,0.0381,0
MEM-PHX,medium,2026-01-21,2,0,0,0,0.2928,570,561,24,0.0428,0
MEM-PHX,medium,2026-01-22,3,0,0,0,0.0295,563,548,26,0.0474,0
MEM-PHX,medium,2026-01-23,4,0,0,0,0.7781,692,668,100,0.1497,1
MEM-PHX,medium,2026-01-24,5,1,0,0,0.002,301,291,12,0.0412,0
MEM-PHX,medium,2026-01-25,6,1,0,0,0.0,413,400,16,0.04,0
MEM-PHX,medium,2026-01-26,0,0,0,0,0.3258,627,614,29,0.0472,0
MEM-PHX,medium,2026-01-27,1,0,0,0,0.3027,686,662,18,0.0272,0
MEM-PHX,medium,2026-01-28,2,0,0,0,0.2953,593,580,18,0.031,0
MEM-PHX,medium,2026-01-29,3,0,0,0,0.0852,677,660,26,0.0394,0
MEM-PHX,medium,2026-01-30,4,0,0,0,0.0,663,642,30,0.0467,0
MEM-PHX,medium,2026-01-31,5,1,0,0,0.0606,393,379,25,0.066,0
MEM-PHX,medium,2026-02-01,6,1,0,0,0.2284,315,304,16,0.0526,0
MEM-PHX,medium,2026-02-02,0,0,0,0,0.1883,777,749,32,0.0427,0
MEM-PHX,medium,2026-02-03,1,0,0,0,0.1689,643,619,21,0.0339,0
MEM-PHX,medium,2026-02-04,2,0,0,0,0.0062,668,657,24,0.0365,0
MEM-PHX,medium,2026-02-05,3,0,0,0,0.0381,639,627,19,0.0303,0
MEM-PHX,medium,2026-02-06,4,0,0,0,0.2298,620,611,18,0.0295,0
MEM-PHX,medium,2026-02-07,5,1,0,0,0.0571,368,359,22,0.0613,0
MEM-PHX,medium,2026-02-08,6,1,0,0,0.1723,344,334,14,0.0419,0
MEM-PHX,medium,2026-02-09,0,0,0,0,0.1182,574,564,14,0.0248,0
MEM-PHX,medium,2026-02-10,1,0,0,0,0.2413,609,596,20,0.0336,0
MEM-PHX,medium,2026-02-11,2,0,0,0,0.0,675,657,30,0.0457,0
MEM-PHX,medium,2026-02-12,3,0,0,0,0.0561,545,535,22,0.0411,0
MEM-PHX,medium,2026-02-13,4,0,0,0,0.1613,745,719,31,0.0431,0
MEM-PHX,medium,2026-02-14,5,1,0,0,0.2918,341,332,10,0.0301,0
MEM-PHX,medium,2026-02-15,6,1,0,0,0.3394,259,250,16,0.064,0
MEM-PHX,medium,2026-02-16,0,0,0,0,0.1709,648,640,32,0.05,0
MEM-PHX,medium,2026-02-17,1,0,0,0,0.1767,693,678,30,0.0442,0
MEM-PHX,medium,2026-02-18,2,0,0,0,0.1398,642,621,27,0.0435,0
MEM-PHX,medium,2026-02-19,3,0,0,0,0.0135,577,556,14,0.0252,0
MEM-PHX,medium,2026-02-20,4,0,0,0,0.3458,659,635,15,0.0236,0
MEM-PHX,medium,2026-02-21,5,1,0,0,0.0,376,369,15,0.0407,0
MEM-PHX,medium,2026-02-22,6,1,0,0,0.0018,280,276,10,0.0362,0
MEM-PHX,medium,2026-02-23,0,0,0,0,0.2008,653,639,22,0.0344,0
MEM-PHX,medium,2026-02-24,1,0,0,0,0.1441,588,571,24,0.042,0
MEM-PHX,medium,2026-02-25,2,0,0,0,0.2019,686,661,25,0.0378,0
MEM-PHX,medium,2026-02-26,3,0,0,0,0.2401,561,550,20,0.0364,0
MEM-PHX,medium,2026-02-27,4,0,0,0,0.751,687,673,66,0.0981,1
MEM-PHX,medium,2026-02-28,5,1,0,0,0.522,396,385,59,0.1532,1
MEM-PHX,medium,2026-03-01,6,1,0,0,0.7147,340,335,48,0.1433,1
MEM-PHX,medium,2026-03-02,0,0,0,0,0.3001,559,550,18,0.0327,0
MEM-PHX,medium,2026-03-03,1,0,0,0,0.2029,711,685,36,0.0526,0
MEM-PHX,medium,2026-03-04,2,0,0,0,0.1724,703,680,25,0.0368,0
MEM-PHX,medium,2026-03-05,3,0,0,0,0.2347,567,546,23,0.0421,0
MEM-PHX,medium,2026-03-06,4,0,0,0,0.1261,594,577,26,0.0451,0
MEM-PHX,medium,2026-03-07,5,1,0,0,0.0,355,346,16,0.0462,0
MEM-PHX,medium,2026-03-08,6,1,0,0,0.1154,334,328,18,0.0549,0
MEM-PHX,medium,2026-03-09,0,0,0,0,0.2219,588,571,19,0.0333,0
MEM-PHX,medium,2026-03-10,1,0,0,0,0.0628,590,578,22,0.0381,0
MEM-PHX,medium,2026-03-11,2,0,0,0,0.0798,749,725,28,0.0386,0
MEM-PHX,medium,2026-03-12,3,0,0,0,0.307,689,668,26,0.0389,0
MEM-PHX,medium,2026-03-13,4,0,0,0,0.1588,697,686,25,0.0364,0
MEM-PHX,medium,2026-03-14,5,1,0,0,0.3061,373,362,16,0.0442,0
MEM-PHX,medium,2026-03-15,6,1,0,0,0.3681,349,342,28,0.0819,0
MEM-PHX,medium,2026-03-16,0,0,0,0,0.311,646,632,31,0.0491,0
MEM-PHX,medium,2026-03-17,1,0,0,0,0.3061,693,682,27,0.0396,0
MEM-PHX,medium,2026-03-18,2,0,0,0,0.2305,554,543,25,0.046,0
MEM-PHX,medium,2026-03-19,3,0,0,0,0.1352,707,686,18,0.0262,0
MEM-PHX,medium,2026-03-20,4,0,0,0,0.2202,603,589,19,0.0323,0
MEM-PHX,medium,2026-03-21,5,1,0,0,0.1431,374,368,18,0.0489,0
MEM-PHX,medium,2026-03-22,6,1,0,0,0.2943,423,407,22,0.0541,0
MEM-PHX,medium,2026-03-23,0,0,0,0,0.2627,739,727,24,0.033,0
MEM-PHX,medium,2026-03-24,1,0,0,0,0.1867,649,629,22,0.035,0
MEM-PHX,medium,2026-03-25,2,0,0,0,0.2594,651,636,24,0.0377,0
MEM-PHX,medium,2026-03-26,3,0,0,0,0.0,676,656,22,0.0335,0
MEM-PHX,medium,2026-03-27,4,0,0,0,0.2245,808,793,35,0.0441,0
MEM-PHX,medium,2026-03-28,5,1,0,0,0.2092,421,407,20,0.0491,0
MEM-PHX,medium,2026-03-29,6,1,0,0,0.3244,323,311,13,0.0418,0
MEM-PHX,medium,2026-03-30,0,0,0,0,0.197,666,655,19,0.029,0
MEM-PHX,medium,2026-03-31,1,0,0,0,0.1107,578,562,24,0.0427,0
MEM-PHX,medium,2026-04-01,2,0,0,0,0.1991,548,533,15,0.0281,0
MEM-PHX,medium,2026-04-02,3,0,0,0,0.161,718,707,37,0.0523,0
MEM-PHX,medium,2026-04-03,4,0,0,0,0.3343,592,571,23,0.0403,0
MEM-PHX,medium,2026-04-04,5,1,0,0,0.2043,333,324,16,0.0494,0
MEM-PHX,medium,2026-04-05,6,1,0,0,0.4742,358,352,17,0.0483,0
MEM-PHX,medium,2026-04-06,0,0,0,0,0.2372,726,710,22,0.031,0
MEM-PHX,medium,2026-04-07,1,0,0,0,0.143,689,664,23,0.0346,0
MEM-PHX,medium,2026-04-08,2,0,0,0,0.3344,571,560,18,0.0321,0
MEM-PHX,medium,2026-04-09,3,0,0,0,0.0838,783,755,32,0.0424,0
MEM-PHX,medium,2026-04-10,4,0,0,0,0.2363,550,534,21,0.0393,0
MEM-PHX,medium,2026-04-11,5,1,0,0,0.0907,375,368,19,0.0516,0
MEM-PHX,medium,2026-04-12,6,1,0,0,0.2481,338,327,17,0.052,0
MEM-PHX,medium,2026-04-13,0,0,0,0,0.2398,638,619,22,0.0355,0
MEM-PHX,medium,2026-04-14,1,0,0,0,0.0915,760,739,19,0.0257,0
MEM-PHX,medium,2026-04-15,2,0,0,0,0.3466,635,622,27,0.0434,0
MEM-PHX,medium,2026-04-16,3,0,0,0,0.1311,662,649,18,0.0277,0
MEM-PHX,medium,2026-04-17,4,0,0,0,0.2296,745,717,25,0.0349,0
MEM-PHX,medium,2026-04-18,5,1,0,0,0.0,388,374,21,0.0561,0
MEM-PHX,medium,2026-04-19,6,1,0,0,0.1695,338,327,14,0.0428,0
MEM-PHX,medium,2026-04-20,0,0,0,0,0.8221,656,648,74,0.1142,1
MEM-PHX,medium,2026-04-21,1,0,0,0,0.6601,575,565,66,0.1168,1
MEM-PHX,medium,2026-04-22,2,0,0,0,0.1441,645,631,20,0.0317,0
MEM-PHX,medium,2026-04-23,3,0,0,0,0.1037,797,781,28,0.0359,0
MEM-PHX,medium,2026-04-24,4,0,0,0,0.0,805,794,29,0.0365,0
MEM-PHX,medium,2026-04-25,5,1,0,0,0.2762,372,360,13,0.0361,0
MEM-PHX,medium,2026-04-26,6,1,0,0,0.3235,376,365,16,0.0438,0
MEM-PHX,medium,2026-04-27,0,0,0,0,0.23,667,646,22,0.0341,0
MEM-PHX,medium,2026-04-28,1,0,0,0,0.1711,652,637,19,0.0298,0
MEM-PHX,medium,2026-04-29,2,0,0,0,0.1738,670,660,21,0.0318,0
MEM-PHX,medium,2026-04-30,3,0,0,0,0.1849,566,550,29,0.0527,0
MEM-PHX,medium,2026-05-01,4,0,0,0,0.0774,668,649,19,0.0293,0
MEM-PHX,medium,2026-05-02,5,1,0,0,0.3115,393,382,20,0.0524,0
MEM-PHX,medium,2026-05-03,6,1,0,0,0.0,371,357,18,0.0504,0
MEM-PHX,medium,2026-05-04,0,0,0,0,0.2179,599,583,17,0.0292,0
MEM-PHX,medium,2026-05-05,1,0,0,0,0.0,670,656,26,0.0396,0
MEM-PHX,medium,2026-05-06,2,0,0,0,0.3239,630,607,25,0.0412,0
MEM-PHX,medium,2026-05-07,3,0,0,0,0.0769,717,693,30,0.0433,0
MEM-PHX,medium,2026-05-08,4,0,0,0,0.0902,658,638,27,0.0423,0
MEM-PHX,medium,2026-05-09,5,1,0,0,0.1177,361,349,20,0.0573,0
MEM-PHX,medium,2026-05-10,6,1,0,0,0.231,347,337,13,0.0386,0
MEM-PHX,medium,2026-05-11,0,0,0,0,0.0873,780,763,32,0.0419,0
MEM-PHX,medium,2026-05-12,1,0,0,0,0.0996,816,789,23,0.0292,0
MEM-PHX,medium,2026-05-13,2,0,0,0,0.1931,538,521,18,0.0345,0
MEM-PHX,medium,2026-05-14,3,0,0,0,0.0752,683,673,30,0.0446,0
MEM-PHX,medium,2026-05-15,4,0,0,0,0.0777,595,579,22,0.038,0
MEM-PHX,medium,2026-05-16,5,1,0,0,0.2013,353,348,25,0.0718,0
MEM-PHX,medium,2026-05-17,6,1,0,0,0.004,381,370,14,0.0378,0
MEM-PHX,medium,2026-05-18,0,0,0,0,0.1077,751,727,33,0.0454,0
MEM-PHX,medium,2026-05-19,1,0,0,0,0.0454,542,523,9,0.0172,0
MEM-PHX,medium,2026-05-20,2,0,0,0,0.1381,563,543,14,0.0258,0
MEM-PHX,medium,2026-05-21,3,0,0,0,0.1972,766,749,31,0.0414,0
MEM-PHX,medium,2026-05-22,4,0,0,0,0.7017,676,667,73,0.1094,1
MEM-PHX,medium,2026-05-23,5,1,0,0,0.8881,272,267,43,0.161,1
MEM-PHX,medium,2026-05-24,6,1,0,0,0.7403,308,300,30,0.1,1
MEM-PHX,medium,2026-05-25,0,0,0,0,0.2216,674,665,31,0.0466,0
MEM-PHX,medium,2026-05-26,1,0,0,0,0.1746,639,619,34,0.0549,0
MEM-PHX,medium,2026-05-27,2,0,0,0,0.1399,656,644,19,0.0295,0
MEM-PHX,medium,2026-05-28,3,0,0,0,0.1026,637,618,27,0.0437,0
MEM-PHX,medium,2026-05-29,4,0,0,0,0.8681,497,478,86,0.1799,1
MEM-PHX,medium,2026-05-30,5,1,0,0,0.7333,333,325,51,0.1569,1
MEM-PHX,medium,2026-05-31,6,1,0,0,0.1004,352,341,19,0.0557,0
MEM-PHX,medium,2026-06-01,0,0,0,0,0.1399,667,647,27,0.0417,0
MEM-PHX,medium,2026-06-02,1,0,0,0,0.1793,607,591,24,0.0406,0
MEM-PHX,medium,2026-06-03,2,0,0,0,0.0163,726,712,26,0.0365,0
MEM-PHX,medium,2026-06-04,3,0,0,0,0.0,550,530,17,0.0321,0
MEM-PHX,medium,2026-06-05,4,0,0,0,0.0,647,634,30,0.0473,0
MEM-PHX,medium,2026-06-06,5,1,0,0,0.2278,359,348,22,0.0632,0
MEM-PHX,medium,2026-06-07,6,1,0,0,0.2228,384,374,15,0.0401,0
MEM-PHX,medium,2026-06-08,0,0,0,0,0.2411,601,583,16,0.0274,0
MEM-PHX,medium,2026-06-09,1,0,0,0,0.0817,665,655,31,0.0473,0
MEM-PHX,medium,2026-06-10,2,0,0,0,0.0,714,690,28,0.0406,0
MEM-PHX,medium,2026-06-11,3,0,0,0,0.0675,660,641,22,0.0343,0
MEM-PHX,medium,2026-06-12,4,0,0,0,0.1506,665,656,24,0.0366,0
MEM-PHX,medium,2026-06-13,5,1,0,0,0.2051,366,358,14,0.0391,0
MEM-PHX,medium,2026-06-14,6,1,0,0,0.3631,320,310,11,0.0355,0
MEM-PHX,medium,2026-06-15,0,0,0,0,0.1874,648,630,29,0.046,0
MEM-PHX,medium,2026-06-16,1,0,0,0,0.1793,694,677,17,0.0251,0
MEM-PHX,medium,2026-06-17,2,0,0,0,0.2886,622,610,16,0.0262,0
MEM-PHX,medium,2026-06-18,3,0,0,0,0.2358,691,670,35,0.0522,0
MEM-PHX,medium,2026-06-19,4,0,0,0,0.0,675,663,18,0.0271,0
MEM-PHX,medium,2026-06-20,5,1,0,0,0.1843,388,381,21,0.0551,0
MEM-PHX,medium,2026-06-21,6,1,0,0,0.0985,360,350,22,0.0629,0
MEM-PHX,medium,2026-06-22,0,0,0,0,0.1158,771,749,26,0.0347,0
MEM-PHX,medium,2026-06-23,1,0,0,0,0.2077,561,543,21,0.0387,0
MEM-PHX,medium,2026-06-24,2,0,0,0,0.3454,707,695,18,0.0259,0
MEM-PHX,medium,2026-06-25,3,0,0,0,0.0973,721,696,24,0.0345,0
MEM-PHX,medium,2026-06-26,4,0,0,0,0.2608,613,599,21,0.0351,0
MEM-PHX,medium,2026-06-27,5,1,0,0,0.3505,429,423,18,0.0426,0
MEM-PHX,medium,2026-06-28,6,1,0,0,0.2597,341,331,17,0.0514,0
MEM-PHX,medium,2026-06-29,0,0,0,0,0.0,630,609,23,0.0378,0
MEM-PHX,medium,2026-06-30,1,0,0,0,0.0647,646,624,20,0.0321,0
MEM-PHX,medium,2026-07-01,2,0,0,0,0.0,562,547,17,0.0311,0
MEM-PHX,medium,2026-07-02,3,0,0,0,0.0794,643,632,23,0.0364,0
MEM-PHX,medium,2026-07-03,4,0,0,0,0.0,656,634,21,0.0331,0
MEM-PHX,medium,2026-07-04,5,1,1,0,0.1289,84,82,5,0.061,0
MEM-PHX,medium,2026-07-05,6,1,0,0,0.1402,379,370,22,0.0595,0
MEM-PHX,medium,2026-07-06,0,0,0,0,0.1117,652,642,33,0.0514,0
MEM-PHX,medium,2026-07-07,1,0,0,0,0.287,720,694,26,0.0375,0
MEM-PHX,medium,2026-07-08,2,0,0,0,0.0,771,755,30,0.0397,0
MEM-PHX,medium,2026-07-09,3,0,0,0,0.2181,719,703,32,0.0455,0
MEM-PHX,medium,2026-07-10,4,0,0,0,0.1944,681,661,19,0.0287,0
MEM-PHX,medium,2026-07-11,5,1,0,0,0.2092,351,345,15,0.0435,0
MEM-PHX,medium,2026-07-12,6,1,0,0,0.0836,395,385,17,0.0442,0
MEM-PHX,medium,2026-07-13,0,0,0,0,0.0027,650,632,28,0.0443,0
MEM-PHX,medium,2026-07-14,1,0,0,0,0.0925,737,723,29,0.0401,0
MEM-PHX,medium,2026-07-15,2,0,0,0,0.1702,629,616,18,0.0292,0
MEM-PHX,medium,2026-07-16,3,0,0,0,0.3202,709,684,30,0.0439,0
MEM-PHX,medium,2026-07-17,4,0,0,0,0.0458,704,694,30,0.0432,0
MEM-PHX,medium,2026-07-18,5,1,0,0,0.1288,294,290,11,0.0379,0
MEM-PHX,medium,2026-07-19,6,1,0,0,0.2239,320,311,13,0.0418,0
MEM-PHX,medium,2026-07-20,0,0,0,0,0.0959,618,596,16,0.0268,0
MEM-PHX,medium,2026-07-21,1,0,0,0,0.1342,665,647,18,0.0278,0
MEM-PHX,medium,2026-07-22,2,0,0,0,0.0627,763,735,24,0.0327,0
MEM-PHX,medium,2026-07-23,3,0,0,0,0.1608,724,709,25,0.0353,0
MEM-PHX,medium,2026-07-24,4,0,0,0,0.0424,619,599,21,0.0351,0
MEM-PHX,medium,2026-07-25,5,1,0,0,0.2899,295,288,12,0.0417,0
MEM-PHX,medium,2026-07-26,6,1,0,0,0.0,361,348,18,0.0517,0
MEM-PHX,medium,2026-07-27,0,0,0,0,0.0,652,630,25,0.0397,0
MEM-PHX,medium,2026-07-28,1,0,0,0,0.153,767,746,32,0.0429,0
MEM-PHX,medium,2026-07-29,2,0,0,0,0.0629,650,633,22,0.0348,0
MEM-PHX,medium,2026-07-30,3,0,0,0,0.2735,606,584,22,0.0377,0
MEM-PHX,medium,2026-07-31,4,0,0,0,0.0617,642,633,19,0.03,0
MEM-PHX,medium,2026-08-01,5,1,0,0,0.2593,394,386,28,0.0725,0
MEM-PHX,medium,2026-08-02,6,1,0,0,0.0,367,361,17,0.0471,0
MEM-PHX,medium,2026-08-03,0,0,0,0,0.1054,729,705,30,0.0426,0
MEM-PHX,medium,2026-08-04,1,0,0,0,0.1119,712,693,17,0.0245,0
MEM-PHX,medium,2026-08-05,2,0,0,0,0.1786,650,642,27,0.0421,0
MEM-PHX,medium,2026-08-06,3,0,0,0,0.1343,626,609,22,0.0361,0
MEM-PHX,medium,2026-08-07,4,0,0,0,0.2239,632,618,23,0.0372,0
MEM-PHX,medium,2026-08-08,5,1,0,0,0.0304,364,358,22,0.0615,0
MEM-PHX,medium,2026-08-09,6,1,0,0,0.1954,370,362,18,0.0497,0
MEM-PHX,medium,2026-08-10,0,0,0,0,0.2407,589,577,13,0.0225,0
MEM-PHX,medium,2026-08-11,1,0,0,0,0.0284,595,582,13,0.0223,0
MEM-PHX,medium,2026-08-12,2,0,0,0,0.0271,695,674,27,0.0401,0
MEM-PHX,medium,2026-08-13,3,0,0,0,0.2381,695,678,33,0.0487,0
MEM-PHX,medium,2026-08-14,4,0,0,0,0.055,533,521,21,0.0403,0
MEM-PHX,medium,2026-08-15,5,1,0,0,0.2968,355,343,13,0.0379,0
MEM-PHX,medium,2026-08-16,6,1,0,0,0.0797,338,331,20,0.0604,0
MEM-PHX,medium,2026-08-17,0,0,0,0,0.2738,567,551,18,0.0327,0
MEM-PHX,medium,2026-08-18,1,0,0,0,0.2096,678,655,28,0.0427,0
MEM-PHX,medium,2026-08-19,2,0,0,0,0.0,637,621,31,0.0499,0
MEM-PHX,medium,2026-08-20,3,0,0,0,0.2687,663,639,19,0.0297,0
MEM-PHX,medium,2026-08-21,4,0,0,0,0.1889,594,574,28,0.0488,0
MEM-PHX,medium,2026-08-22,5,1,0,0,0.2865,365,357,17,0.0476,0
MEM-PHX,medium,2026-08-23,6,1,0,0,0.3623,384,373,18,0.0483,0
MEM-BOS,medium,2023-08-25,4,0,0,0,0.2709,858,837,41,0.049,0
MEM-BOS,medium,2023-08-26,5,1,0,0,0.0,514,500,40,0.08,0
MEM-BOS,medium,2023-08-27,6,1,0,0,0.2576,435,428,25,0.0584,0
MEM-BOS,medium,2023-08-28,0,0,0,0,0.0586,864,848,31,0.0366,0
MEM-BOS,medium,2023-08-29,1,0,0,0,0.0976,1141,1103,51,0.0462,0
MEM-BOS,medium,2023-08-30,2,0,0,0,0.1261,960,943,44,0.0467,0
MEM-BOS,medium,2023-08-31,3,0,0,0,0.1467,810,781,41,0.0525,0
MEM-BOS,medium,2023-09-01,4,0,0,0,0.0366,811,783,48,0.0613,0
MEM-BOS,medium,2023-09-02,5,1,0,0,0.1202,413,407,17,0.0418,0
MEM-BOS,medium,2023-09-03,6,1,0,0,0.0,416,403,22,0.0546,0
MEM-BOS,medium,2023-09-04,0,0,0,0,0.2021,967,946,47,0.0497,0
MEM-BOS,medium,2023-09-05,1,0,0,0,0.0477,881,857,35,0.0408,0
MEM-BOS,medium,2023-09-06,2,0,0,0,0.0299,795,775,45,0.0581,0
MEM-BOS,medium,2023-09-07,3,0,0,0,0.1455,927,910,41,0.0451,0
MEM-BOS,medium,2023-09-08,4,0,0,0,0.0327,790,763,38,0.0498,0
MEM-BOS,medium,2023-09-09,5,1,0,0,0.0,474,459,20,0.0436,0
MEM-BOS,medium,2023-09-10,6,1,0,0,0.0854,495,485,29,0.0598,0
MEM-BOS,medium,2023-09-11,0,0,0,0,0.1687,954,929,42,0.0452,0
MEM-BOS,medium,2023-09-12,1,0,0,0,0.1233,901,880,40,0.0455,0
MEM-BOS,medium,2023-09-13,2,0,0,0,0.2528,793,767,24,0.0313,0
MEM-BOS,medium,2023-09-14,3,0,0,0,0.1215,1075,1036,42,0.0405,0
MEM-BOS,medium,2023-09-15,4,0,0,0,0.1921,816,787,35,0.0445,0
MEM-BOS,medium,2023-09-16,5,1,0,0,0.2619,468,459,23,0.0501,0
MEM-BOS,medium,2023-09-17,6,1,0,0,0.1272,448,440,26,0.0591,0
MEM-BOS,medium,2023-09-18,0,0,0,0,0.202,783,754,32,0.0424,0
MEM-BOS,medium,2023-09-19,1,0,0,0,0.1029,915,894,57,0.0638,0
MEM-BOS,medium,2023-09-20,2,0,0,0,0.178,686,671,31,0.0462,0
MEM-BOS,medium,2023-09-21,3,0,0,0,0.1916,799,775,33,0.0426,0
MEM-BOS,medium,2023-09-22,4,0,0,0,0.1481,803,788,41,0.052,0
MEM-BOS,medium,2023-09-23,5,1,0,0,0.1741,495,488,37,0.0758,0
MEM-BOS,medium,2023-09-24,6,1,0,0,0.5372,483,472,96,0.2034,1
MEM-BOS,medium,2023-09-25,0,0,0,0,0.8926,921,902,104,0.1153,1
MEM-BOS,medium,2023-09-26,1,0,0,0,0.132,963,928,38,0.0409,0
MEM-BOS,medium,2023-09-27,2,0,0,0,0.275,974,943,41,0.0435,0
MEM-BOS,medium,2023-09-28,3,0,0,0,0.1696,892,869,40,0.046,0
MEM-BOS,medium,2023-09-29,4,0,0,0,0.2827,831,809,37,0.0457,0
MEM-BOS,medium,2023-09-30,5,1,0,0,0.2109,462,455,24,0.0527,0
MEM-BOS,medium,2023-10-01,6,1,0,0,0.2544,535,523,20,0.0382,0
MEM-BOS,medium,2023-10-02,0,0,0,0,0.149,853,824,30,0.0364,0
MEM-BOS,medium,2023-10-03,1,0,0,0,0.0,855,843,49,0.0581,0
MEM-BOS,medium,2023-10-04,2,0,0,0,0.2633,1006,973,47,0.0483,0
MEM-BOS,medium,2023-10-05,3,0,0,0,0.121,939,924,49,0.053,0
MEM-BOS,medium,2023-10-06,4,0,0,0,0.1237,873,841,34,0.0404,0
MEM-BOS,medium,2023-10-07,5,1,0,0,0.1724,491,478,29,0.0607,0
MEM-BOS,medium,2023-10-08,6,1,0,0,0.0,465,451,29,0.0643,0
MEM-BOS,medium,2023-10-09,0,0,0,0,0.3847,912,893,37,0.0414,0
MEM-BOS,medium,2023-10-10,1,0,0,0,0.0,795,768,40,0.0521,0
MEM-BOS,medium,2023-10-11,2,0,0,0,0.1627,773,763,27,0.0354,0
MEM-BOS,medium,2023-10-12,3,0,0,0,0.2091,805,786,41,0.0522,0
MEM-BOS,medium,2023-10-13,4,0,0,0,0.1495,937,922,43,0.0466,0
MEM-BOS,medium,2023-10-14,5,1,0,0,0.238,417,403,21,0.0521,0
MEM-BOS,medium,2023-10-15,6,1,0,0,0.2316,484,469,23,0.049,0
MEM-BOS,medium,2023-10-16,0,0,0,0,0.0,917,887,48,0.0541,0
MEM-BOS,medium,2023-10-17,1,0,0,0,0.0696,916,892,43,0.0482,0
MEM-BOS,medium,2023-10-18,2,0,0,0,0.3236,910,889,35,0.0394,0
MEM-BOS,medium,2023-10-19,3,0,0,0,0.1445,848,816,34,0.0417,0
MEM-BOS,medium,2023-10-20,4,0,0,0,0.0696,907,887,30,0.0338,0
MEM-BOS,medium,2023-10-21,5,1,0,0,0.184,444,429,31,0.0723,0
MEM-BOS,medium,2023-10-22,6,1,0,0,0.2979,473,462,23,0.0498,0
MEM-BOS,medium,2023-10-23,0,0,0,0,0.1434,777,760,25,0.0329,0
MEM-BOS,medium,2023-10-24,1,0,0,0,0.1721,869,856,36,0.0421,0
MEM-BOS,medium,2023-10-25,2,0,0,0,0.2093,733,706,30,0.0425,0
MEM-BOS,medium,2023-10-26,3,0,0,0,0.0,780,769,43,0.0559,0
MEM-BOS,medium,2023-10-27,4,0,0,0,0.0865,904,871,38,0.0436,0
MEM-BOS,medium,2023-10-28,5,1,0,0,0.1745,464,455,18,0.0396,0
MEM-BOS,medium,2023-10-29,6,1,0,0,0.1066,442,428,21,0.0491,0
MEM-BOS,medium,2023-10-30,0,0,0,0,0.0,866,850,30,0.0353,0
MEM-BOS,medium,2023-10-31,1,0,0,0,0.3162,875,856,31,0.0362,0
MEM-BOS,medium,2023-11-01,2,0,0,0,0.2968,864,853,37,0.0434,0
MEM-BOS,medium,2023-11-02,3,0,0,0,0.4282,867,838,25,0.0298,0
MEM-BOS,medium,2023-11-03,4,0,0,0,0.2674,911,882,46,0.0522,0
MEM-BOS,medium,2023-11-04,5,1,0,0,0.2189,416,405,30,0.0741,0
MEM-BOS,medium,2023-11-05,6,1,0,0,0.196,442,435,19,0.0437,0
MEM-BOS,medium,2023-11-06,0,0,0,0,0.1997,778,764,33,0.0432,0
MEM-BOS,medium,2023-11-07,1,0,0,0,0.842,770,760,141,0.1855,1
MEM-BOS,medium,2023-11-08,2,0,0,0,0.3693,935,918,184,0.2004,1
MEM-BOS,medium,2023-11-09,3,0,0,0,0.1366,723,701,31,0.0442,0
MEM-BOS,medium,2023-11-10,4,0,0,0,0.0847,891,874,45,0.0515,0
MEM-BOS,medium,2023-11-11,5,1,1,0,0.0624,115,112,12,0.1071,0
MEM-BOS,medium,2023-11-12,6,1,0,0,0.3368,535,515,27,0.0524,0
MEM-BOS,medium,2023-11-13,0,0,0,0,0.0436,821,803,36,0.0448,0
MEM-BOS,medium,2023-11-14,1,0,0,0,0.1132,902,880,35,0.0398,0
MEM-BOS,medium,2023-11-15,2,0,0,0,0.1961,862,845,37,0.0438,0
MEM-BOS,medium,2023-11-16,3,0,0,0,0.1348,856,828,40,0.0483,0
MEM-BOS,medium,2023-11-17,4,0,0,0,0.1451,841,812,28,0.0345,0
MEM-BOS,medium,2023-11-18,5,1,0,0,0.304,454,448,26,0.058,0
MEM-BOS,medium,2023-11-19,6,1,0,0,0.2503,405,396,18,0.0455,0
MEM-BOS,medium,2023-11-20,0,0,0,1,0.0,1307,1268,100,0.0789,0
MEM-BOS,medium,2023-11-21,1,0,0,1,0.531,1159,1119,365,0.3262,1
MEM-BOS,medium,2023-11-22,2,0,0,1,0.083,1545,1500,111,0.074,0
MEM-BOS,medium,2023-11-23,3,0,0,1,0.0995,1383,1346,96,0.0713,0
MEM-BOS,medium,2023-11-24,4,0,0,1,0.2347,1404,1379,115,0.0834,0
MEM-BOS,medium,2023-11-25,5,1,0,1,0.337,742,715,65,0.0909,0
MEM-BOS,medium,2023-11-26,6,1,0,1,0.1664,731,711,58,0.0816,0
MEM-BOS,medium,2023-11-27,0,0,0,1,0.321,1413,1360,94,0.0691,0
MEM-BOS,medium,2023-11-28,1,0,0,1,0.2785,1542,1485,109,0.0734,0
MEM-BOS,medium,2023-11-29,2,0,0,1,0.0,1184,1156,102,0.0882,0
MEM-BOS,medium,2023-11-30,3,0,0,1,0.331,1443,1412,92,0.0652,0
MEM-BOS,medium,2023-12-01,4,0,0,1,0.3158,1389,1340,95,0.0709,0
MEM-BOS,medium,2023-12-02,5,1,0,1,0.0352,760,743,81,0.109,0
MEM-BOS,medium,2023-12-03,6,1,0,1,0.0,735,713,76,0.1066,0
MEM-BOS,medium,2023-12-04,0,0,0,1,0.2597,1388,1336,101,0.0756,0
MEM-BOS,medium,2023-12-05,1,0,0,1,0.6805,1859,1795,463,0.2579,1
MEM-BOS,medium,2023-12-06,2,0,0,1,0.8864,1567,1525,503,0.3298,1
MEM-BOS,medium,2023-12-07,3,0,0,1,1.0,1505,1458,403,0.2764,1
MEM-BOS,medium,2023-12-08,4,0,0,1,0.3395,1540,1505,101,0.0671,0
MEM-BOS,medium,2023-12-09,5,1,0,1,0.3527,606,585,67,0.1145,0
MEM-BOS,medium,2023-12-10,6,1,0,1,0.1821,725,706,58,0.0822,0
MEM-BOS,medium,2023-12-11,0,0,0,1,0.0692,1478,1445,95,0.0657,0
MEM-BOS,medium,2023-12-12,1,0,0,1,0.2552,1486,1446,121,0.0837,0
MEM-BOS,medium,2023-12-13,2,0,0,1,0.3456,1540,1519,102,0.0671,0
MEM-BOS,medium,2023-12-14,3,0,0,1,0.0443,1421,1374,103,0.075,0
MEM-BOS,medium,2023-12-15,4,0,0,1,0.3141,1458,1433,112,0.0782,0
MEM-BOS,medium,2023-12-16,5,1,0,1,0.0073,634,619,53,0.0856,0
MEM-BOS,medium,2023-12-17,6,1,0,1,0.3478,697,682,63,0.0924,0
MEM-BOS,medium,2023-12-18,0,0,0,1,0.2669,1359,1342,103,0.0768,0
MEM-BOS,medium,2023-12-19,1,0,0,1,0.2012,1218,1189,95,0.0799,0
MEM-BOS,medium,2023-12-20,2,0,0,1,0.3196,1444,1405,99,0.0705,0
MEM-BOS,medium,2023-12-21,3,0,0,1,0.0135,1278,1258,87,0.0692,0
MEM-BOS,medium,2023-12-22,4,0,0,1,0.3116,1395,1363,88,0.0646,0
MEM-BOS,medium,2023-12-23,5,1,0,1,0.0877,714,700,69,0.0986,0
MEM-BOS,medium,2023-12-24,6,1,0,1,0.101,794,770,66,0.0857,0
MEM-BOS,medium,2023-12-25,0,0,1,1,0.1668,310,305,24,0.0787,0
MEM-BOS,medium,2023-12-26,1,0,0,1,0.1145,1301,1266,99,0.0782,0
MEM-BOS,medium,2023-12-27,2,0,0,0,0.1737,940,909,36,0.0396,0
MEM-BOS,medium,2023-12-28,3,0,0,0,0.2103,921,895,36,0.0402,0
MEM-BOS,medium,2023-12-29,4,0,0,0,0.2911,894,862,32,0.0371,0
MEM-BOS,medium,2023-12-30,5,1,0,0,0.1573,444,433,25,0.0577,0
MEM-BOS,medium,2023-12-31,6,1,0,0,0.0474,467,457,21,0.046,0
MEM-BOS,medium,2024-01-01,0,0,1,0,0.1273,208,202,11,0.0545,0
MEM-BOS,medium,2024-01-02,1,0,0,0,0.0,935,919,43,0.0468,0
MEM-BOS,medium,2024-01-03,2,0,0,0,0.164,886,870,42,0.0483,0
MEM-BOS,medium,2024-01-04,3,0,0,0,0.2029,836,807,30,0.0372,0
MEM-BOS,medium,2024-01-05,4,0,0,0,0.2453,789,771,37,0.048,0
MEM-BOS,medium,2024-01-06,5,1,0,0,0.3404,473,455,24,0.0527,0
MEM-BOS,medium,2024-01-07,6,1,0,0,0.1689,570,550,37,0.0673,0
MEM-BOS,medium,2024-01-08,0,0,0,0,0.0787,701,679,34,0.0501,0
MEM-BOS,medium,2024-01-09,1,0,0,0,0.2733,927,902,54,0.0599,0
MEM-BOS,medium,2024-01-10,2,0,0,0,0.2675,792,763,31,0.0406,0
MEM-BOS,medium,2024-01-11,3,0,0,0,0.145,921,888,33,0.0372,0
MEM-BOS,medium,2024-01-12,4,0,0,0,0.0,768,744,29,0.039,0
MEM-BOS,medium,2024-01-13,5,1,0,0,0.3798,467,452,24,0.0531,0
MEM-BOS,medium,2024-01-14,6,1,0,0,0.0373,454,444,24,0.0541,0
MEM-BOS,medium,2024-01-15,0,0,0,0,0.0639,910,887,41,0.0462,0
MEM-BOS,medium,2024-01-16,1,0,0,0,0.1165,880,859,31,0.0361,0
MEM-BOS,medium,2024-01-17,2,0,0,0,0.2559,840,828,49,0.0592,0
MEM-BOS,medium,2024-01-18,3,0,0,0,0.0,819,805,23,0.0286,0
MEM-BOS,medium,2024-01-19,4,0,0,0,0.2037,833,818,31,0.0379,0
MEM-BOS,medium,2024-01-20,5,1,0,0,0.1815,436,424,24,0.0566,0
MEM-BOS,medium,2024-01-21,6,1,0,0,0.1944,479,468,27,0.0577,0
MEM-BOS,medium,2024-01-22,0,0,0,0,0.1636,822,800,34,0.0425,0
MEM-BOS,medium,2024-01-23,1,0,0,0,0.0522,910,894,40,0.0447,0
MEM-BOS,medium,2024-01-24,2,0,0,0,0.0936,945,912,42,0.0461,0
MEM-BOS,medium,2024-01-25,3,0,0,0,0.1159,816,792,36,0.0455,0
MEM-BOS,medium,2024-01-26,4,0,0,0,0.012,891,873,39,0.0447,0
MEM-BOS,medium,2024-01-27,5,1,0,0,0.1436,511,499,25,0.0501,0
MEM-BOS,medium,2024-01-28,6,1,0,0,0.0,549,533,35,0.0657,0
MEM-BOS,medium,2024-01-29,0,0,0,0,0.3372,866,852,32,0.0376,0
MEM-BOS,medium,2024-01-30,1,0,0,0,0.1895,901,869,27,0.0311,0
MEM-BOS,medium,2024-01-31,2,0,0,0,0.0136,891,877,48,0.0547,0
MEM-BOS,medium,2024-02-01,3,0,0,0,0.2266,887,872,27,0.031,0
MEM-BOS,medium,2024-02-02,4,0,0,0,0.1684,941,925,45,0.0486,0
MEM-BOS,medium,2024-02-03,5,1,0,0,0.0,512,494,35,0.0709,0
MEM-BOS,medium,2024-02-04,6,1,0,0,0.0,490,483,21,0.0435,0
MEM-BOS,medium,2024-02-05,0,0,0,0,0.1746,793,770,39,0.0506,0
MEM-BOS,medium,2024-02-06,1,0,0,0,0.2485,784,768,34,0.0443,0
MEM-BOS,medium,2024-02-07,2,0,0,0,0.1371,815,789,33,0.0418,0
MEM-BOS,medium,2024-02-08,3,0,0,0,0.22,792,778,36,0.0463,0
MEM-BOS,medium,2024-02-09,4,0,0,0,0.0,913,893,40,0.0448,0
MEM-BOS,medium,2024-02-10,5,1,0,0,0.1949,455,439,29,0.0661,0
MEM-BOS,medium,2024-02-11,6,1,0,0,0.1047,484,467,20,0.0428,0
MEM-BOS,medium,2024-02-12,0,0,0,0,0.2996,894,862,34,0.0394,0
MEM-BOS,medium,2024-02-13,1,0,0,0,0.1798,887,863,35,0.0406,0
MEM-BOS,medium,2024-02-14,2,0,0,0,0.0,841,824,43,0.0522,0
MEM-BOS,medium,2024-02-15,3,0,0,0,0.7678,877,847,156,0.1842,1
MEM-BOS,medium,2024-02-16,4,0,0,0,0.7209,786,772,102,0.1321,1
MEM-BOS,medium,2024-02-17,5,1,0,0,0.8131,515,503,124,0.2465,1
MEM-BOS,medium,2024-02-18,6,1,0,0,0.2508,510,501,19,0.0379,0
MEM-BOS,medium,2024-02-19,0,0,0,0,0.1524,818,801,27,0.0337,0
MEM-BOS,medium,2024-02-20,1,0,0,0,0.1321,831,802,24,0.0299,0
MEM-BOS,medium,2024-02-21,2,0,0,0,0.1065,833,810,26,0.0321,0
MEM-BOS,medium,2024-02-22,3,0,0,0,0.3342,795,771,32,0.0415,0
MEM-BOS,medium,2024-02-23,4,0,0,0,0.0589,757,736,42,0.0571,0
MEM-BOS,medium,2024-02-24,5,1,0,0,0.2417,527,511,25,0.0489,0
MEM-BOS,medium,2024-02-25,6,1,0,0,0.6859,437,428,89,0.2079,1
MEM-BOS,medium,2024-02-26,0,0,0,0,0.1099,791,772,42,0.0544,0
MEM-BOS,medium,2024-02-27,1,0,0,0,0.0,933,904,47,0.052,0
MEM-BOS,medium,2024-02-28,2,0,0,0,0.3333,1013,994,42,0.0423,0
MEM-BOS,medium,2024-02-29,3,0,0,0,0.0843,777,765,36,0.0471,0
MEM-BOS,medium,2024-03-01,4,0,0,0,0.1167,973,951,42,0.0442,0
MEM-BOS,medium,2024-03-02,5,1,0,0,0.0603,439,432,23,0.0532,0
MEM-BOS,medium,2024-03-03,6,1,0,0,0.1234,403,390,19,0.0487,0
MEM-BOS,medium,2024-03-04,0,0,0,0,0.181,870,853,28,0.0328,0
MEM-BOS,medium,2024-03-05,1,0,0,0,0.2411,881,869,40,0.046,0
MEM-BOS,medium,2024-03-06,2,0,0,0,0.0,760,732,29,0.0396,0
MEM-BOS,medium,2024-03-07,3,0,0,0,0.2061,765,743,31,0.0417,0
MEM-BOS,medium,2024-03-08,4,0,0,0,0.3612,937,920,36,0.0391,0
MEM-BOS,medium,2024-03-09,5,1,0,0,0.1653,450,442,25,0.0566,0
MEM-BOS,medium,2024-03-10,6,1,0,0,0.2589,464,448,30,0.067,0
MEM-BOS,medium,2024-03-11,0,0,0,0,0.2276,923,906,38,0.0419,0
MEM-BOS,medium,2024-03-12,1,0,0,0,0.0107,939,909,45,0.0495,0
MEM-BOS,medium,2024-03-13,2,0,0,0,0.2402,774,763,27,0.0354,0
MEM-BOS,medium,2024-03-14,3,0,0,0,0.1847,735,724,31,0.0428,0
MEM-BOS,medium,2024-03-15,4,0,0,0,0.1825,833,818,34,0.0416,0
MEM-BOS,medium,2024-03-16,5,1,0,0,0.2045,447,439,19,0.0433,0
MEM-BOS,medium,2024-03-17,6,1,0,0,0.3963,421,415,22,0.053,0
MEM-BOS,medium,2024-03-18,0,0,0,0,0.3152,815,803,29,0.0361,0
MEM-BOS,medium,2024-03-19,1,0,0,0,0.115,691,673,32,0.0475,0
MEM-BOS,medium,2024-03-20,2,0,0,0,0.2001,806,785,31,0.0395,0
MEM-BOS,medium,2024-03-21,3,0,0,0,0.1185,940,915,38,0.0415,0
MEM-BOS,medium,2024-03-22,4,0,0,0,0.138,845,814,28,0.0344,0
MEM-BOS,medium,2024-03-23,5,1,0,0,0.2019,449,437,31,0.0709,0
MEM-BOS,medium,2024-03-24,6,1,0,0,0.0872,498,482,33,0.0685,0
MEM-BOS,medium,2024-03-25,0,0,0,0,0.1404,830,814,36,0.0442,0
MEM-BOS,medium,2024-03-26,1,0,0,0,0.0825,822,798,27,0.0338,0
MEM-BOS,medium,2024-03-27,2,0,0,0,0.1533,822,811,32,0.0395,0
MEM-BOS,medium,2024-03-28,3,0,0,0,0.1435,831,819,31,0.0379,0
MEM-BOS,medium,2024-03-29,4,0,0,0,0.0702,818,804,41,0.051,0
MEM-BOS,medium,2024-03-30,5,1,0,0,0.1676,458,441,26,0.059,0
MEM-BOS,medium,2024-03-31,6,1,0,0,0.0,470,453,26,0.0574,0
MEM-BOS,medium,2024-04-01,0,0,0,0,0.0384,902,890,28,0.0315,0
MEM-BOS,medium,2024-04-02,1,0,0,0,0.3348,929,916,28,0.0306,0
MEM-BOS,medium,2024-04-03,2,0,0,0,0.1241,831,806,40,0.0496,0
MEM-BOS,medium,2024-04-04,3,0,0,0,0.0666,1005,992,28,0.0282,0
MEM-BOS,medium,2024-04-05,4,0,0,0,0.153,949,932,46,0.0494,0
MEM-BOS,medium,2024-04-06,5,1,0,0,0.242,460,454,25,0.0551,0
MEM-BOS,medium,2024-04-07,6,1,0,0,0.343,510,496,23,0.0464,0
MEM-BOS,medium,2024-04-08,0,0,0,0,0.2214,1023,993,36,0.0363,0
MEM-BOS,medium,2024-04-09,1,0,0,0,0.044,860,835,37,0.0443,0
MEM-BOS,medium,2024-04-10,2,0,0,0,0.2856,816,790,38,0.0481,0
MEM-BOS,medium,2024-04-11,3,0,0,0,0.1298,952,938,40,0.0426,0
MEM-BOS,medium,2024-04-12,4,0,0,0,0.0,916,895,37,0.0413,0
MEM-BOS,medium,2024-04-13,5,1,0,0,0.0181,378,366,21,0.0574,0
MEM-BOS,medium,2024-04-14,6,1,0,0,0.0,427,414,17,0.0411,0
MEM-BOS,medium,2024-04-15,0,0,0,0,0.3329,809,784,46,0.0587,0
MEM-BOS,medium,2024-04-16,1,0,0,0,0.0856,761,733,25,0.0341,0
MEM-BOS,medium,2024-04-17,2,0,0,0,0.1112,782,770,35,0.0455,0
MEM-BOS,medium,2024-04-18,3,0,0,0,0.4609,876,848,118,0.1392,1
MEM-BOS,medium,2024-04-19,4,0,0,0,0.6016,715,697,91,0.1306,1
MEM-BOS,medium,2024-04-20,5,1,0,0,0.8226,405,393,48,0.1221,1
MEM-BOS,medium,2024-04-21,6,1,0,0,0.3176,470,461,35,0.0759,0
MEM-BOS,medium,2024-04-22,0,0,0,0,0.0846,874,850,33,0.0388,0
MEM-BOS,medium,2024-04-23,1,0,0,0,0.1908,896,874,32,0.0366,0
MEM-BOS,medium,2024-04-24,2,0,0,0,0.4538,858,836,34,0.0407,0
MEM-BOS,medium,2024-04-25,3,0,0,0,0.13,716,698,36,0.0516,0
MEM-BOS,medium,2024-04-26,4,0,0,0,0.0,887,875,34,0.0389,0
MEM-BOS,medium,2024-04-27,5,1,0,0,0.0808,448,439,19,0.0433,0
MEM-BOS,medium,2024-04-28,6,1,0,0,0.1365,372,362,24,0.0663,0
MEM-BOS,medium,2024-04-29,0,0,0,0,0.2274,1028,1004,42,0.0418,0
MEM-BOS,medium,2024-04-30,1,0,0,0,0.3114,904,880,40,0.0455,0
MEM-BOS,medium,2024-05-01,2,0,0,0,0.0577,809,785,38,0.0484,0
MEM-BOS,medium,2024-05-02,3,0,0,0,0.0054,908,875,40,0.0457,0
MEM-BOS,medium,2024-05-03,4,0,0,0,0.401,720,694,33,0.0476,0
MEM-BOS,medium,2024-05-04,5,1,0,0,0.177,459,453,25,0.0552,0
MEM-BOS,medium,2024-05-05,6,1,0,0,0.3704,460,451,22,0.0488,0
MEM-BOS,medium,2024-05-06,0,0,0,0,0.015,689,674,40,0.0593,0
MEM-BOS,medium,2024-05-07,1,0,0,0,0.3457,917,884,35,0.0396,0
MEM-BOS,medium,2024-05-08,2,0,0,0,0.2025,848,820,37,0.0451,0
MEM-BOS,medium,2024-05-09,3,0,0,0,0.0929,840,811,37,0.0456,0
MEM-BOS,medium,2024-05-10,4,0,0,0,0.1811,820,803,28,0.0349,0
MEM-BOS,medium,2024-05-11,5,1,0,0,0.0157,517,510,18,0.0353,0
MEM-BOS,medium,2024-05-12,6,1,0,0,0.0911,499,486,23,0.0473,0
MEM-BOS,medium,2024-05-13,0,0,0,0,0.1121,895,863,27,0.0313,0
MEM-BOS,medium,2024-05-14,1,0,0,0,0.0492,816,804,37,0.046,0
MEM-BOS,medium,2024-05-15,2,0,0,0,0.2382,706,680,40,0.0588,0
MEM-BOS,medium,2024-05-16,3,0,0,0,0.0975,815,794,39,0.0491,0
MEM-BOS,medium,2024-05-17,4,0,0,0,0.2087,889,856,42,0.0491,0
MEM-BOS,medium,2024-05-18,5,1,0,0,0.1789,472,458,29,0.0633,0
MEM-BOS,medium,2024-05-19,6,1,0,0,0.2558,514,498,28,0.0562,0
MEM-BOS,medium,2024-05-20,0,0,0,0,0.0083,741,718,29,0.0404,0
MEM-BOS,medium,2024-05-21,1,0,0,0,0.3508,651,637,25,0.0392,0
MEM-BOS,medium,2024-05-22,2,0,0,0,0.0,899,872,39,0.0447,0
MEM-BOS,medium,2024-05-23,3,0,0,0,0.2509,823,794,24,0.0302,0
MEM-BOS,medium,2024-05-24,4,0,0,0,0.2476,785,764,34,0.0445,0
MEM-BOS,medium,2024-05-25,5,1,0,0,0.148,499,485,34,0.0701,0
MEM-BOS,medium,2024-05-26,6,1,0,0,0.1747,469,454,27,0.0595,0
MEM-BOS,medium,2024-05-27,0,0,0,0,0.0567,823,809,30,0.0371,0
MEM-BOS,medium,2024-05-28,1,0,0,0,0.2547,908,891,42,0.0471,0
MEM-BOS,medium,2024-05-29,2,0,0,0,0.347,862,846,39,0.0461,0
MEM-BOS,medium,2024-05-30,3,0,0,0,0.377,741,714,30,0.042,0
MEM-BOS,medium,2024-05-31,4,0,0,0,0.0937,822,792,22,0.0278,0
MEM-BOS,medium,2024-06-01,5,1,0,0,0.2827,467,461,19,0.0412,0
MEM-BOS,medium,2024-06-02,6,1,0,0,0.1871,489,473,20,0.0423,0
MEM-BOS,medium,2024-06-03,0,0,0,0,0.041,774,754,36,0.0477,0
MEM-BOS,medium,2024-06-04,1,0,0,0,0.0029,786,768,42,0.0547,0
MEM-BOS,medium,2024-06-05,2,0,0,0,0.0269,727,708,27,0.0381,0
MEM-BOS,medium,2024-06-06,3,0,0,0,0.0856,654,637,23,0.0361,0
MEM-BOS,medium,2024-06-07,4,0,0,0,0.1814,792,768,32,0.0417,0
MEM-BOS,medium,2024-06-08,5,1,0,0,0.0,502,491,32,0.0652,0
MEM-BOS,medium,2024-06-09,6,1,0,0,0.0975,584,569,39,0.0685,0
MEM-BOS,medium,2024-06-10,0,0,0,0,0.1218,810,795,35,0.044,0
MEM-BOS,medium,2024-06-11,1,0,0,0,0.2915,780,765,31,0.0405,0
MEM-BOS,medium,2024-06-12,2,0,0,0,0.249,893,866,39,0.045,0
MEM-BOS,medium,2024-06-13,3,0,0,0,0.1091,895,864,31,0.0359,0
MEM-BOS,medium,2024-06-14,4,0,0,0,0.0578,896,868,39,0.0449,0
MEM-BOS,medium,2024-06-15,5,1,0,0,0.237,362,354,9,0.0254,0
MEM-BOS,medium,2024-06-16,6,1,0,0,0.1722,538,528,26,0.0492,0
MEM-BOS,medium,2024-06-17,0,0,0,0,0.2319,925,896,46,0.0513,0
MEM-BOS,medium,2024-06-18,1,0,0,0,0.6631,677,661,76,0.115,1
MEM-BOS,medium,2024-06-19,2,0,0,0,0.1976,788,762,29,0.0381,0
MEM-BOS,medium,2024-06-20,3,0,0,0,0.2058,817,802,37,0.0461,0
MEM-BOS,medium,2024-06-21,4,0,0,0,0.0027,882,850,36,0.0424,0
MEM-BOS,medium,2024-06-22,5,1,0,0,0.2345,379,370,18,0.0486,0
MEM-BOS,medium,2024-06-23,6,1,0,0,0.1967,468,456,23,0.0504,0
MEM-BOS,medium,2024-06-24,0,0,0,0,0.1322,822,806,42,0.0521,0
MEM-BOS,medium,2024-06-25,1,0,0,0,0.1527,763,735,37,0.0503,0
MEM-BOS,medium,2024-06-26,2,0,0,0,0.2509,977,949,48,0.0506,0
MEM-BOS,medium,2024-06-27,3,0,0,0,0.068,967,950,55,0.0579,0
MEM-BOS,medium,2024-06-28,4,0,0,0,0.1221,815,801,36,0.0449,0
MEM-BOS,medium,2024-06-29,5,1,0,0,0.1684,511,494,28,0.0567,0
MEM-BOS,medium,2024-06-30,6,1,0,0,0.1723,499,487,20,0.0411,0
MEM-BOS,medium,2024-07-01,0,0,0,0,0.2318,749,737,39,0.0529,0
MEM-BOS,medium,2024-07-02,1,0,0,0,0.2096,924,908,37,0.0407,0
MEM-BOS,medium,2024-07-03,2,0,0,0,0.1382,1015,983,50,0.0509,0
MEM-BOS,medium,2024-07-04,3,0,1,0,0.1943,230,226,13,0.0575,0
MEM-BOS,medium,2024-07-05,4,0,0,0,0.0,891,875,28,0.032,0
MEM-BOS,medium,2024-07-06,5,1,0,0,0.1443,434,424,18,0.0425,0
MEM-BOS,medium,2024-07-07,6,1,0,0,0.1287,542,525,36,0.0686,0
MEM-BOS,medium,2024-07-08,0,0,0,0,0.1269,863,850,39,0.0459,0
MEM-BOS,medium,2024-07-09,1,0,0,0,0.2708,1014,999,45,0.045,0
MEM-BOS,medium,2024-07-10,2,0,0,0,0.8517,846,821,96,0.1169,1
MEM-BOS,medium,2024-07-11,3,0,0,0,0.7326,775,747,115,0.1539,1
MEM-BOS,medium,2024-07-12,4,0,0,0,0.8491,814,794,121,0.1524,1
MEM-BOS,medium,2024-07-13,5,1,0,0,0.1705,441,428,26,0.0607,0
MEM-BOS,medium,2024-07-14,6,1,0,0,0.1711,521,512,27,0.0527,0
MEM-BOS,medium,2024-07-15,0,0,0,0,0.1437,966,943,38,0.0403,0
MEM-BOS,medium,2024-07-16,1,0,0,0,0.0294,719,694,37,0.0533,0
MEM-BOS,medium,2024-07-17,2,0,0,0,0.1753,873,849,39,0.0459,0
MEM-BOS,medium,2024-07-18,3,0,0,0,0.1647,959,930,44,0.0473,0
MEM-BOS,medium,2024-07-19,4,0,0,0,0.1813,779,766,27,0.0352,0
MEM-BOS,medium,2024-07-20,5,1,0,0,0.1119,455,439,26,0.0592,0
MEM-BOS,medium,2024-07-21,6,1,0,0,0.0939,433,422,17,0.0403,0
MEM-BOS,medium,2024-07-22,0,0,0,0,0.1225,815,787,41,0.0521,0
MEM-BOS,medium,2024-07-23,1,0,0,0,0.2808,733,714,31,0.0434,0
MEM-BOS,medium,2024-07-24,2,0,0,0,0.1504,783,763,27,0.0354,0
MEM-BOS,medium,2024-07-25,3,0,0,0,0.7124,953,925,160,0.173,1
MEM-BOS,medium,2024-07-26,4,0,0,0,0.1476,821,802,32,0.0399,0
MEM-BOS,medium,2024-07-27,5,1,0,0,0.2941,431,415,23,0.0554,0
MEM-BOS,medium,2024-07-28,6,1,0,0,0.2411,544,525,29,0.0552,0
MEM-BOS,medium,2024-07-29,0,0,0,0,0.0,940,926,39,0.0421,0
MEM-BOS,medium,2024-07-30,1,0,0,0,0.1585,833,813,36,0.0443,0
MEM-BOS,medium,2024-07-31,2,0,0,0,0.2075,814,800,36,0.045,0
MEM-BOS,medium,2024-08-01,3,0,0,0,0.2078,759,741,27,0.0364,0
MEM-BOS,medium,2024-08-02,4,0,0,0,0.1697,873,842,34,0.0404,0
MEM-BOS,medium,2024-08-03,5,1,0,0,0.0053,544,532,34,0.0639,0
MEM-BOS,medium,2024-08-04,6,1,0,0,0.1005,442,436,21,0.0482,0
MEM-BOS,medium,2024-08-05,0,0,0,0,0.2167,732,708,45,0.0636,0
MEM-BOS,medium,2024-08-06,1,0,0,0,0.1094,1073,1039,39,0.0375,0
MEM-BOS,medium,2024-08-07,2,0,0,0,0.2604,882,861,34,0.0395,0
MEM-BOS,medium,2024-08-08,3,0,0,0,0.0894,844,825,33,0.04,0
MEM-BOS,medium,2024-08-09,4,0,0,0,0.2165,896,866,36,0.0416,0
MEM-BOS,medium,2024-08-10,5,1,0,0,0.1239,489,473,28,0.0592,0
MEM-BOS,medium,2024-08-11,6,1,0,0,0.2188,460,447,27,0.0604,0
MEM-BOS,medium,2024-08-12,0,0,0,0,0.2368,869,853,33,0.0387,0
MEM-BOS,medium,2024-08-13,1,0,0,0,0.0992,737,718,25,0.0348,0
MEM-BOS,medium,2024-08-14,2,0,0,0,0.2128,747,726,30,0.0413,0
MEM-BOS,medium,2024-08-15,3,0,0,0,0.2852,968,951,48,0.0505,0
MEM-BOS,medium,2024-08-16,4,0,0,0,0.266,962,934,40,0.0428,0
MEM-BOS,medium,2024-08-17,5,1,0,0,0.1564,375,368,15,0.0408,0
MEM-BOS,medium,2024-08-18,6,1,0,0,0.2098,497,491,29,0.0591,0
MEM-BOS,medium,2024-08-19,0,0,0,0,0.0017,1007,987,40,0.0405,0
MEM-BOS,medium,2024-08-20,1,0,0,0,0.0902,781,755,31,0.0411,0
MEM-BOS,medium,2024-08-21,2,0,0,0,0.0121,750,732,32,0.0437,0
MEM-BOS,medium,2024-08-22,3,0,0,0,0.0244,739,725,37,0.051,0
MEM-BOS,medium,2024-08-23,4,0,0,0,0.2462,843,828,32,0.0386,0
MEM-BOS,medium,2024-08-24,5,1,0,0,0.2305,491,483,31,0.0642,0
MEM-BOS,medium,2024-08-25,6,1,0,0,0.3106,405,397,22,0.0554,0
MEM-BOS,medium,2024-08-26,0,0,0,0,0.0249,743,720,40,0.0556,0
MEM-BOS,medium,2024-08-27,1,0,0,0,0.0482,998,965,44,0.0456,0
MEM-BOS,medium,2024-08-28,2,0,0,0,0.1734,956,922,37,0.0401,0
MEM-BOS,medium,2024-08-29,3,0,0,0,0.1658,837,810,34,0.042,0
MEM-BOS,medium,2024-08-30,4,0,0,0,0.0,919,904,44,0.0487,0
MEM-BOS,medium,2024-08-31,5,1,0,0,0.0,474,464,25,0.0539,0
MEM-BOS,medium,2024-09-01,6,1,0,0,0.251,497,480,29,0.0604,0
MEM-BOS,medium,2024-09-02,0,0,0,0,0.4148,876,844,29,0.0344,0
MEM-BOS,medium,2024-09-03,1,0,0,0,0.112,745,726,37,0.051,0
MEM-BOS,medium,2024-09-04,2,0,0,0,0.0764,768,751,44,0.0586,0
MEM-BOS,medium,2024-09-05,3,0,0,0,0.0477,725,709,32,0.0451,0
MEM-BOS,medium,2024-09-06,4,0,0,0,0.228,796,781,33,0.0423,0
MEM-BOS,medium,2024-09-07,5,1,0,0,0.2388,481,463,21,0.0454,0
MEM-BOS,medium,2024-09-08,6,1,0,0,0.1479,478,469,17,0.0362,0
MEM-BOS,medium,2024-09-09,0,0,0,0,0.288,787,776,29,0.0374,0
MEM-BOS,medium,2024-09-10,1,0,0,0,0.4716,737,726,40,0.0551,0
MEM-BOS,medium,2024-09-11,2,0,0,0,0.2357,723,714,22,0.0308,0
MEM-BOS,medium,2024-09-12,3,0,0,0,0.1293,844,818,31,0.0379,0
MEM-BOS,medium,2024-09-13,4,0,0,0,0.0702,808,780,32,0.041,0
MEM-BOS,medium,2024-09-14,5,1,0,0,0.2693,382,369,12,0.0325,0
MEM-BOS,medium,2024-09-15,6,1,0,0,0.1837,489,482,23,0.0477,0
MEM-BOS,medium,2024-09-16,0,0,0,0,0.3359,821,806,39,0.0484,0
MEM-BOS,medium,2024-09-17,1,0,0,0,0.3689,809,794,31,0.039,0
MEM-BOS,medium,2024-09-18,2,0,0,0,0.073,942,912,35,0.0384,0
MEM-BOS,medium,2024-09-19,3,0,0,0,0.1643,923,891,41,0.046,0
MEM-BOS,medium,2024-09-20,4,0,0,0,0.1254,858,835,32,0.0383,0
MEM-BOS,medium,2024-09-21,5,1,0,0,0.7815,513,503,92,0.1829,1
MEM-BOS,medium,2024-09-22,6,1,0,0,0.7321,408,402,55,0.1368,1
MEM-BOS,medium,2024-09-23,0,0,0,0,0.0529,752,734,38,0.0518,0
MEM-BOS,medium,2024-09-24,1,0,0,0,0.0,925,903,38,0.0421,0
MEM-BOS,medium,2024-09-25,2,0,0,0,0.1684,859,831,42,0.0505,0
MEM-BOS,medium,2024-09-26,3,0,0,0,0.3888,718,697,23,0.033,0
MEM-BOS,medium,2024-09-27,4,0,0,0,0.0929,932,920,41,0.0446,0
MEM-BOS,medium,2024-09-28,5,1,0,0,0.2574,504,495,26,0.0525,0
MEM-BOS,medium,2024-09-29,6,1,0,0,0.4703,515,497,30,0.0604,0
MEM-BOS,medium,2024-09-30,0,0,0,0,0.1519,893,864,36,0.0417,0
MEM-BOS,medium,2024-10-01,1,0,0,0,0.2491,769,745,45,0.0604,0
MEM-BOS,medium,2024-10-02,2,0,0,0,0.2599,717,696,21,0.0302,0
MEM-BOS,medium,2024-10-03,3,0,0,0,0.1691,970,946,42,0.0444,0
MEM-BOS,medium,2024-10-04,4,0,0,0,0.0,745,721,29,0.0402,0
MEM-BOS,medium,2024-10-05,5,1,0,0,0.1852,454,447,24,0.0537,0
MEM-BOS,medium,2024-10-06,6,1,0,0,0.2999,533,521,23,0.0441,0
MEM-BOS,medium,2024-10-07,0,0,0,0,0.3149,777,764,38,0.0497,0
MEM-BOS,medium,2024-10-08,1,0,0,0,0.2071,853,823,38,0.0462,0
MEM-BOS,medium,2024-10-09,2,0,0,0,0.259,813,801,31,0.0387,0
MEM-BOS,medium,2024-10-10,3,0,0,0,0.2012,907,893,39,0.0437,0
MEM-BOS,medium,2024-10-11,4,0,0,0,0.2975,742,732,30,0.041,0
MEM-BOS,medium,2024-10-12,5,1,0,0,0.0816,449,438,29,0.0662,0
MEM-BOS,medium,2024-10-13,6,1,0,0,0.0,439,433,25,0.0577,0
MEM-BOS,medium,2024-10-14,0,0,0,0,0.0342,770,748,37,0.0495,0
MEM-BOS,medium,2024-10-15,1,0,0,0,0.3055,863,848,38,0.0448,0
MEM-BOS,medium,2024-10-16,2,0,0,0,0.3629,831,814,30,0.0369,0
MEM-BOS,medium,2024-10-17,3,0,0,0,0.1934,950,925,42,0.0454,0
MEM-BOS,medium,2024-10-18,4,0,0,0,0.1618,902,891,48,0.0539,0
MEM-BOS,medium,2024-10-19,5,1,0,0,0.1627,485,468,26,0.0556,0
MEM-BOS,medium,2024-10-20,6,1,0,0,0.215,511,500,36,0.072,0
MEM-BOS,medium,2024-10-21,0,0,0,0,0.1659,756,744,31,0.0417,0
MEM-BOS,medium,2024-10-22,1,0,0,0,0.0,1004,967,41,0.0424,0
MEM-BOS,medium,2024-10-23,2,0,0,0,0.1184,742,722,28,0.0388,0
MEM-BOS,medium,2024-10-24,3,0,0,0,0.069,905,876,49,0.0559,0
MEM-BOS,medium,2024-10-25,4,0,0,0,0.5821,857,830,98,0.1181,1
MEM-BOS,medium,2024-10-26,5,1,0,0,0.8789,630,615,141,0.2293,1
MEM-BOS,medium,2024-10-27,6,1,0,0,0.5023,387,377,51,0.1353,1
MEM-BOS,medium,2024-10-28,0,0,0,0,0.1115,901,868,36,0.0415,0
MEM-BOS,medium,2024-10-29,1,0,0,0,0.0,841,818,37,0.0452,0
MEM-BOS,medium,2024-10-30,2,0,0,0,0.0452,918,904,42,0.0465,0
MEM-BOS,medium,2024-10-31,3,0,0,0,0.2708,846,822,38,0.0462,0
MEM-BOS,medium,2024-11-01,4,0,0,0,0.0545,844,832,35,0.0421,0
MEM-BOS,medium,2024-11-02,5,1,0,0,0.0949,447,441,20,0.0454,0
MEM-BOS,medium,2024-11-03,6,1,0,0,0.2399,436,428,19,0.0444,0
MEM-BOS,medium,2024-11-04,0,0,0,0,0.0224,760,733,34,0.0464,0
MEM-BOS,medium,2024-11-05,1,0,0,0,0.0054,814,789,36,0.0456,0
MEM-BOS,medium,2024-11-06,2,0,0,0,0.1951,823,804,44,0.0547,0
MEM-BOS,medium,2024-11-07,3,0,0,0,0.376,867,840,28,0.0333,0
MEM-BOS,medium,2024-11-08,4,0,0,0,0.2501,796,786,33,0.042,0
MEM-BOS,medium,2024-11-09,5,1,0,0,0.1686,510,503,25,0.0497,0
MEM-BOS,medium,2024-11-10,6,1,0,0,0.113,395,389,23,0.0591,0
MEM-BOS,medium,2024-11-11,0,0,1,0,0.01,193,190,6,0.0316,0
MEM-BOS,medium,2024-11-12,1,0,0,0,0.124,926,898,47,0.0523,0
MEM-BOS,medium,2024-11-13,2,0,0,0,0.2385,794,775,29,0.0374,0
MEM-BOS,medium,2024-11-14,3,0,0,0,0.426,795,773,31,0.0401,0
MEM-BOS,medium,2024-11-15,4,0,0,0,0.176,722,701,36,0.0514,0
MEM-BOS,medium,2024-11-16,5,1,0,0,0.3757,562,548,33,0.0602,0
MEM-BOS,medium,2024-11-17,6,1,0,0,0.1949,431,420,17,0.0405,0
MEM-BOS,medium,2024-11-18,0,0,0,0,0.1521,755,734,24,0.0327,0
MEM-BOS,medium,2024-11-19,1,0,0,0,0.4151,831,818,28,0.0342,0
MEM-BOS,medium,2024-11-20,2,0,0,1,0.0758,1342,1323,103,0.0779,0
MEM-BOS,medium,2024-11-21,3,0,0,1,0.2679,1620,1575,113,0.0717,0
MEM-BOS,medium,2024-11-22,4,0,0,1,0.3301,1363,1316,92,0.0699,0
MEM-BOS,medium,2024-11-23,5,1,0,1,0.014,809,793,83,0.1047,0
MEM-BOS,medium,2024-11-24,6,1,0,1,0.19,699,685,57,0.0832,0
MEM-BOS,medium,2024-11-25,0,0,0,1,0.2911,1463,1417,97,0.0685,0
MEM-BOS,medium,2024-11-26,1,0,0,1,0.4329,1305,1262,91,0.0721,0
MEM-BOS,medium,2024-11-27,2,0,0,1,0.0,1418,1394,100,0.0717,0
MEM-BOS,medium,2024-11-28,3,0,0,1,0.2089,1500,1478,121,0.0819,0
MEM-BOS,medium,2024-11-29,4,0,0,1,0.0271,1301,1283,91,0.0709,0
MEM-BOS,medium,2024-11-30,5,1,0,1,0.0895,822,791,89,0.1125,0
MEM-BOS,medium,2024-12-01,6,1,0,1,0.2238,771,755,73,0.0967,0
MEM-BOS,medium,2024-12-02,0,0,0,1,0.0773,1386,1348,106,0.0786,0
MEM-BOS,medium,2024-12-03,1,0,0,1,0.0433,1227,1210,95,0.0785,0
MEM-BOS,medium,2024-12-04,2,0,0,1,0.181,1501,1469,117,0.0796,0
MEM-BOS,medium,2024-12-05,3,0,0,1,0.0485,1194,1151,96,0.0834,0
MEM-BOS,medium,2024-12-06,4,0,0,1,0.1263,1242,1218,73,0.0599,0
MEM-BOS,medium,2024-12-07,5,1,0,1,0.1869,838,816,87,0.1066,0
MEM-BOS,medium,2024-12-08,6,1,0,1,0.0361,732,715,74,0.1035,0
MEM-BOS,medium,2024-12-09,0,0,0,1,0.1193,1458,1416,103,0.0727,0
MEM-BOS,medium,2024-12-10,1,0,0,1,0.0,1460,1413,94,0.0665,0
MEM-BOS,medium,2024-12-11,2,0,0,1,0.2313,1304,1288,105,0.0815,0
MEM-BOS,medium,2024-12-12,3,0,0,1,0.0,1501,1450,97,0.0669,0
MEM-BOS,medium,2024-12-13,4,0,0,1,0.9624,1089,1063,273,0.2568,1
MEM-BOS,medium,2024-12-14,5,1,0,1,0.6719,673,653,216,0.3308,1
MEM-BOS,medium,2024-12-15,6,1,0,1,0.9482,842,820,246,0.3,1
MEM-BOS,medium,2024-12-16,0,0,0,1,0.0234,1471,1450,107,0.0738,0
MEM-BOS,medium,2024-12-17,1,0,0,1,0.225,1468,1432,118,0.0824,0
MEM-BOS,medium,2024-12-18,2,0,0,1,0.077,1392,1346,90,0.0669,0
MEM-BOS,medium,2024-12-19,3,0,0,1,0.2608,1332,1310,102,0.0779,0
MEM-BOS,medium,2024-12-20,4,0,0,1,0.0,1408,1363,114,0.0836,0
MEM-BOS,medium,2024-12-21,5,1,0,1,0.2013,720,698,66,0.0946,0
MEM-BOS,medium,2024-12-22,6,1,0,1,0.0856,605,585,57,0.0974,0
MEM-BOS,medium,2024-12-23,0,0,0,1,0.0836,1214,1173,87,0.0742,0
MEM-BOS,medium,2024-12-24,1,0,0,1,0.0789,1340,1316,88,0.0669,0
MEM-BOS,medium,2024-12-25,2,0,1,1,0.2598,387,378,20,0.0529,0
MEM-BOS,medium,2024-12-26,3,0,0,1,0.1302,1687,1655,119,0.0719,0
MEM-BOS,medium,2024-12-27,4,0,0,0,0.0826,884,864,35,0.0405,0
MEM-BOS,medium,2024-12-28,5,1,0,0,0.252,466,459,20,0.0436,0
MEM-BOS,medium,2024-12-29,6,1,0,0,0.1915,482,473,26,0.055,0
MEM-BOS,medium,2024-12-30,0,0,0,0,0.148,799,781,28,0.0359,0
MEM-BOS,medium,2024-12-31,1,0,0,0,0.1261,791,781,41,0.0525,0
MEM-BOS,medium,2025-01-01,2,0,1,0,0.031,252,244,13,0.0533,0
MEM-BOS,medium,2025-01-02,3,0,0,0,0.0452,868,836,40,0.0478,0
MEM-BOS,medium,2025-01-03,4,0,0,0,0.278,765,752,28,0.0372,0
MEM-BOS,medium,2025-01-04,5,1,0,0,0.0,423,408,20,0.049,0
MEM-BOS,medium,2025-01-05,6,1,0,0,0.2526,484,467,27,0.0578,0
MEM-BOS,medium,2025-01-06,0,0,0,0,0.2883,858,845,35,0.0414,0
MEM-BOS,medium,2025-01-07,1,0,0,0,0.2295,828,806,32,0.0397,0
MEM-BOS,medium,2025-01-08,2,0,0,0,0.081,893,864,44,0.0509,0
MEM-BOS,medium,2025-01-09,3,0,0,0,0.2351,846,819,33,0.0403,0
MEM-BOS,medium,2025-01-10,4,0,0,0,0.4129,993,961,39,0.0406,0
MEM-BOS,medium,2025-01-11,5,1,0,0,0.3123,499,488,26,0.0533,0
MEM-BOS,medium,2025-01-12,6,1,0,0,0.085,494,482,21,0.0436,0
MEM-BOS,medium,2025-01-13,0,0,0,0,0.218,856,835,37,0.0443,0
MEM-BOS,medium,2025-01-14,1,0,0,0,0.048,974,960,52,0.0542,0
MEM-BOS,medium,2025-01-15,2,0,0,0,0.206,883,857,32,0.0373,0
MEM-BOS,medium,2025-01-16,3,0,0,0,0.2353,891,877,32,0.0365,0
MEM-BOS,medium,2025-01-17,4,0,0,0,0.3269,945,913,44,0.0482,0
MEM-BOS,medium,2025-01-18,5,1,0,0,0.1379,502,494,33,0.0668,0
MEM-BOS,medium,2025-01-19,6,1,0,0,0.0,430,416,19,0.0457,0
MEM-BOS,medium,2025-01-20,0,0,0,0,0.6979,763,740,125,0.1689,1
MEM-BOS,medium,2025-01-21,1,0,0,0,0.7794,965,945,109,0.1153,1
MEM-BOS,medium,2025-01-22,2,0,0,0,0.5776,711,695,99,0.1424,1
MEM-BOS,medium,2025-01-23,3,0,0,0,0.28,972,943,31,0.0329,0
MEM-BOS,medium,2025-01-24,4,0,0,0,0.0852,904,891,34,0.0382,0
MEM-BOS,medium,2025-01-25,5,1,0,0,0.3136,455,440,24,0.0545,0
MEM-BOS,medium,2025-01-26,6,1,0,0,0.2338,524,508,26,0.0512,0
MEM-BOS,medium,2025-01-27,0,0,0,0,0.4359,832,818,32,0.0391,0
MEM-BOS,medium,2025-01-28,1,0,0,0,0.2648,817,795,35,0.044,0
MEM-BOS,medium,2025-01-29,2,0,0,0,0.1635,868,840,40,0.0476,0
MEM-BOS,medium,2025-01-30,3,0,0,0,0.1419,891,873,34,0.0389,0
MEM-BOS,medium,2025-01-31,4,0,0,0,0.141,829,808,45,0.0557,0
MEM-BOS,medium,2025-02-01,5,1,0,0,0.2782,474,464,25,0.0539,0
MEM-BOS,medium,2025-02-02,6,1,0,0,0.1648,491,476,29,0.0609,0
MEM-BOS,medium,2025-02-03,0,0,0,0,0.2357,749,737,31,0.0421,0
MEM-BOS,medium,2025-02-04,1,0,0,0,0.1296,868,845,38,0.045,0
MEM-BOS,medium,2025-02-05,2,0,0,0,0.2455,918,898,29,0.0323,0
MEM-BOS,medium,2025-02-06,3,0,0,0,0.0,862,850,37,0.0435,0
MEM-BOS,medium,2025-02-07,4,0,0,0,0.447,682,667,32,0.048,0
MEM-BOS,medium,2025-02-08,5,1,0,0,0.2506,441,428,22,0.0514,0
MEM-BOS,medium,2025-02-09,6,1,0,0,0.3015,421,411,16,0.0389,0
MEM-BOS,medium,2025-02-10,0,0,0,0,0.1421,972,938,43,0.0458,0
MEM-BOS,medium,2025-02-11,1,0,0,0,0.2447,891,871,43,0.0494,0
MEM-BOS,medium,2025-02-12,2,0,0,0,0.2251,1024,993,33,0.0332,0
MEM-BOS,medium,2025-02-13,3,0,0,0,0.3664,757,740,29,0.0392,0
MEM-BOS,medium,2025-02-14,4,0,0,0,0.0578,920,902,35,0.0388,0
MEM-BOS,medium,2025-02-15,5,1,0,0,0.0855,476,467,32,0.0685,0
MEM-BOS,medium,2025-02-16,6,1,0,0,0.1991,399,390,18,0.0462,0
MEM-BOS,medium,2025-02-17,0,0,0,0,0.2229,1026,1010,43,0.0426,0
MEM-BOS,medium,2025-02-18,1,0,0,0,0.1827,680,659,30,0.0455,0
MEM-BOS,medium,2025-02-19,2,0,0,0,0.1802,780,751,33,0.0439,0
MEM-BOS,medium,2025-02-20,3,0,0,0,0.0259,671,658,30,0.0456,0
MEM-BOS,medium,2025-02-21,4,0,0,0,0.1486,878,862,31,0.036,0
MEM-BOS,medium,2025-02-22,5,1,0,0,0.0514,487,473,21,0.0444,0
MEM-BOS,medium,2025-02-23,6,1,0,0,0.0024,412,398,24,0.0603,0
MEM-BOS,medium,2025-02-24,0,0,0,0,0.0537,780,765,35,0.0458,0
MEM-BOS,medium,2025-02-25,1,0,0,0,0.1347,858,829,31,0.0374,0
MEM-BOS,medium,2025-02-26,2,0,0,0,0.1923,882,867,33,0.0381,0
MEM-BOS,medium,2025-02-27,3,0,0,0,0.1566,691,679,26,0.0383,0
MEM-BOS,medium,2025-02-28,4,0,0,0,0.1569,797,777,40,0.0515,0
MEM-BOS,medium,2025-03-01,5,1,0,0,0.2109,447,431,26,0.0603,0
MEM-BOS,medium,2025-03-02,6,1,0,0,0.0,422,413,21,0.0508,0
MEM-BOS,medium,2025-03-03,0,0,0,0,0.2582,809,797,34,0.0427,0
MEM-BOS,medium,2025-03-04,1,0,0,0,0.3079,782,763,48,0.0629,0
MEM-BOS,medium,2025-03-05,2,0,0,0,0.1131,866,843,31,0.0368,0
MEM-BOS,medium,2025-03-06,3,0,0,0,0.0,763,739,32,0.0433,0
MEM-BOS,medium,2025-03-07,4,0,0,0,0.5205,1078,1051,42,0.04,0
MEM-BOS,medium,2025-03-08,5,1,0,0,0.0,503,494,26,0.0526,0
MEM-BOS,medium,2025-03-09,6,1,0,0,0.2766,401,393,30,0.0763,0
MEM-BOS,medium,2025-03-10,0,0,0,0,0.0864,948,922,44,0.0477,0
MEM-BOS,medium,2025-03-11,1,0,0,0,0.0467,966,947,37,0.0391,0
MEM-BOS,medium,2025-03-12,2,0,0,0,0.3457,818,800,39,0.0488,0
MEM-BOS,medium,2025-03-13,3,0,0,0,0.1627,802,786,29,0.0369,0
MEM-BOS,medium,2025-03-14,4,0,0,0,0.1029,726,703,27,0.0384,0
MEM-BOS,medium,2025-03-15,5,1,0,0,0.2053,468,456,24,0.0526,0
MEM-BOS,medium,2025-03-16,6,1,0,0,0.2835,457,448,19,0.0424,0
MEM-BOS,medium,2025-03-17,0,0,0,0,0.4355,721,695,20,0.0288,0
MEM-BOS,medium,2025-03-18,1,0,0,0,0.1803,923,909,45,0.0495,0
MEM-BOS,medium,2025-03-19,2,0,0,0,0.3031,864,836,43,0.0514,0
MEM-BOS,medium,2025-03-20,3,0,0,0,0.0487,883,862,33,0.0383,0
MEM-BOS,medium,2025-03-21,4,0,0,0,0.2712,922,906,39,0.043,0
MEM-BOS,medium,2025-03-22,5,1,0,0,0.0,448,433,22,0.0508,0
MEM-BOS,medium,2025-03-23,6,1,0,0,0.0663,465,451,24,0.0532,0
MEM-BOS,medium,2025-03-24,0,0,0,0,0.4072,890,864,31,0.0359,0
MEM-BOS,medium,2025-03-25,1,0,0,0,0.2997,867,854,26,0.0304,0
MEM-BOS,medium,2025-03-26,2,0,0,0,0.2542,906,894,35,0.0391,0
MEM-BOS,medium,2025-03-27,3,0,0,0,0.156,859,836,32,0.0383,0
MEM-BOS,medium,2025-03-28,4,0,0,0,0.0,865,842,44,0.0523,0
MEM-BOS,medium,2025-03-29,5,1,0,0,0.4513,556,546,31,0.0568,0
MEM-BOS,medium,2025-03-30,6,1,0,0,0.345,456,450,21,0.0467,0
MEM-BOS,medium,2025-03-31,0,0,0,0,0.2424,807,784,31,0.0395,0
MEM-BOS,medium,2025-04-01,1,0,0,0,0.2089,868,848,31,0.0366,0
MEM-BOS,medium,2025-04-02,2,0,0,0,0.0407,892,870,30,0.0345,0
MEM-BOS,medium,2025-04-03,3,0,0,0,0.2842,791,779,34,0.0436,0
MEM-BOS,medium,2025-04-04,4,0,0,0,0.0,906,883,43,0.0487,0
MEM-BOS,medium,2025-04-05,5,1,0,0,0.0,504,497,31,0.0624,0
MEM-BOS,medium,2025-04-06,6,1,0,0,0.0,476,465,18,0.0387,0
MEM-BOS,medium,2025-04-07,0,0,0,0,0.0,910,876,47,0.0537,0
MEM-BOS,medium,2025-04-08,1,0,0,0,0.1239,674,650,26,0.04,0
MEM-BOS,medium,2025-04-09,2,0,0,0,0.0,792,780,27,0.0346,0
MEM-BOS,medium,2025-04-10,3,0,0,0,0.0,707,683,31,0.0454,0
MEM-BOS,medium,2025-04-11,4,0,0,0,0.1168,835,812,41,0.0505,0
MEM-BOS,medium,2025-04-12,5,1,0,0,0.0,386,380,22,0.0579,0
MEM-BOS,medium,2025-04-13,6,1,0,0,0.0,494,480,20,0.0417,0
MEM-BOS,medium,2025-04-14,0,0,0,0,0.1357,1122,1101,45,0.0409,0
MEM-BOS,medium,2025-04-15,1,0,0,0,0.0,915,895,30,0.0335,0
MEM-BOS,medium,2025-04-16,2,0,0,0,0.0281,710,692,34,0.0491,0
MEM-BOS,medium,2025-04-17,3,0,0,0,0.0,847,819,43,0.0525,0
MEM-BOS,medium,2025-04-18,4,0,0,0,0.1938,862,841,38,0.0452,0
MEM-BOS,medium,2025-04-19,5,1,0,0,0.2693,499,486,31,0.0638,0
MEM-BOS,medium,2025-04-20,6,1,0,0,0.0698,501,492,19,0.0386,0
MEM-BOS,medium,2025-04-21,0,0,0,0,0.2489,862,831,38,0.0457,0
MEM-BOS,medium,2025-04-22,1,0,0,0,0.1598,757,744,33,0.0444,0
MEM-BOS,medium,2025-04-23,2,0,0,0,0.0578,886,855,50,0.0585,0
MEM-BOS,medium,2025-04-24,3,0,0,0,0.3271,791,763,32,0.0419,0
MEM-BOS,medium,2025-04-25,4,0,0,0,0.1386,887,857,47,0.0548,0
MEM-BOS,medium,2025-04-26,5,1,0,0,0.0,409,398,21,0.0528,0
MEM-BOS,medium,2025-04-27,6,1,0,0,0.2445,502,486,28,0.0576,0
MEM-BOS,medium,2025-04-28,0,0,0,0,0.0,952,922,31,0.0336,0
MEM-BOS,medium,2025-04-29,1,0,0,0,0.0944,720,696,37,0.0532,0
MEM-BOS,medium,2025-04-30,2,0,0,0,0.1542,826,815,29,0.0356,0
MEM-BOS,medium,2025-05-01,3,0,0,0,0.0328,838,812,37,0.0456,0
MEM-BOS,medium,2025-05-02,4,0,0,0,0.2206,860,828,30,0.0362,0
MEM-BOS,medium,2025-05-03,5,1,0,0,0.1242,472,455,29,0.0637,0
MEM-BOS,medium,2025-05-04,6,1,0,0,0.0,362,351,23,0.0655,0
MEM-BOS,medium,2025-05-05,0,0,0,0,0.3421,898,872,31,0.0356,0
MEM-BOS,medium,2025-05-06,1,0,0,0,0.0,756,728,40,0.0549,0
MEM-BOS,medium,2025-05-07,2,0,0,0,0.1463,906,887,40,0.0451,0
MEM-BOS,medium,2025-05-08,3,0,0,0,0.1198,658,635,30,0.0472,0
MEM-BOS,medium,2025-05-09,4,0,0,0,0.198,840,828,34,0.0411,0
MEM-BOS,medium,2025-05-10,5,1,0,0,0.1842,430,415,29,0.0699,0
MEM-BOS,medium,2025-05-11,6,1,0,0,0.2169,528,514,42,0.0817,0
MEM-BOS,medium,2025-05-12,0,0,0,0,0.2844,755,744,31,0.0417,0
MEM-BOS,medium,2025-05-13,1,0,0,0,0.3342,923,893,36,0.0403,0
MEM-BOS,medium,2025-05-14,2,0,0,0,0.2111,824,805,26,0.0323,0
MEM-BOS,medium,2025-05-15,3,0,0,0,0.0884,904,882,40,0.0454,0
MEM-BOS,medium,2025-05-16,4,0,0,0,0.0022,946,930,37,0.0398,0
MEM-BOS,medium,2025-05-17,5,1,0,0,0.0,510,494,25,0.0506,0
MEM-BOS,medium,2025-05-18,6,1,0,0,0.1064,433,422,17,0.0403,0
MEM-BOS,medium,2025-05-19,0,0,0,0,0.2202,876,855,41,0.048,0
MEM-BOS,medium,2025-05-20,1,0,0,0,0.029,853,841,30,0.0357,0
MEM-BOS,medium,2025-05-21,2,0,0,0,0.0828,777,761,37,0.0486,0
MEM-BOS,medium,2025-05-22,3,0,0,0,0.2918,851,821,31,0.0378,0
MEM-BOS,medium,2025-05-23,4,0,0,0,0.1315,746,731,33,0.0451,0
MEM-BOS,medium,2025-05-24,5,1,0,0,0.14,494,476,22,0.0462,0
MEM-BOS,medium,2025-05-25,6,1,0,0,0.1101,515,501,33,0.0659,0
MEM-BOS,medium,2025-05-26,0,0,0,0,0.1415,865,840,34,0.0405,0
MEM-BOS,medium,2025-05-27,1,0,0,0,0.094,1157,1125,50,0.0444,0
MEM-BOS,medium,2025-05-28,2,0,0,0,0.1058,980,943,47,0.0498,0
MEM-BOS,medium,2025-05-29,3,0,0,0,0.1988,718,694,36,0.0519,0
MEM-BOS,medium,2025-05-30,4,0,0,0,0.2639,905,880,31,0.0352,0
MEM-BOS,medium,2025-05-31,5,1,0,0,0.1599,417,405,20,0.0494,0
MEM-BOS,medium,2025-06-01,6,1,0,0,0.1347,398,384,20,0.0521,0
MEM-BOS,medium,2025-06-02,0,0,0,0,0.2337,967,932,43,0.0461,0
MEM-BOS,medium,2025-06-03,1,0,0,0,0.163,829,802,42,0.0524,0
MEM-BOS,medium,2025-06-04,2,0,0,0,0.1544,796,767,37,0.0482,0
MEM-BOS,medium,2025-06-05,3,0,0,0,0.2329,1014,984,35,0.0356,0
MEM-BOS,medium,2025-06-06,4,0,0,0,0.0,911,883,41,0.0464,0
MEM-BOS,medium,2025-06-07,5,1,0,0,0.2928,491,473,26,0.055,0
MEM-BOS,medium,2025-06-08,6,1,0,0,0.1795,495,486,24,0.0494,0
MEM-BOS,medium,2025-06-09,0,0,0,0,0.3963,947,927,40,0.0431,0
MEM-BOS,medium,2025-06-10,1,0,0,0,0.1109,709,687,35,0.0509,0
MEM-BOS,medium,2025-06-11,2,0,0,0,0.2411,864,840,45,0.0536,0
MEM-BOS,medium,2025-06-12,3,0,0,0,0.1571,838,818,37,0.0452,0
MEM-BOS,medium,2025-06-13,4,0,0,0,0.2839,922,893,28,0.0314,0
MEM-BOS,medium,2025-06-14,5,1,0,0,0.1519,541,524,32,0.0611,0
MEM-BOS,medium,2025-06-15,6,1,0,0,0.1663,447,441,16,0.0363,0
MEM-BOS,medium,2025-06-16,0,0,0,0,0.0135,785,768,22,0.0286,0
MEM-BOS,medium,2025-06-17,1,0,0,0,0.2041,781,757,29,0.0383,0
MEM-BOS,medium,2025-06-18,2,0,0,0,0.3145,851,829,27,0.0326,0
MEM-BOS,medium,2025-06-19,3,0,0,0,0.1373,914,887,31,0.0349,0
MEM-BOS,medium,2025-06-20,4,0,0,0,0.3264,802,775,23,0.0297,0
MEM-BOS,medium,2025-06-21,5,1,0,0,0.2619,527,514,34,0.0661,0
MEM-BOS,medium,2025-06-22,6,1,0,0,0.2449,505,495,29,0.0586,0
MEM-BOS,medium,2025-06-23,0,0,0,0,0.1787,783,765,30,0.0392,0
MEM-BOS,medium,2025-06-24,1,0,0,0,0.1172,674,651,28,0.043,0
MEM-BOS,medium,2025-06-25,2,0,0,0,0.2901,661,651,20,0.0307,0
MEM-BOS,medium,2025-06-26,3,0,0,0,0.0678,811,790,43,0.0544,0
MEM-BOS,medium,2025-06-27,4,0,0,0,0.0083,945,911,34,0.0373,0
MEM-BOS,medium,2025-06-28,5,1,0,0,0.0603,429,421,23,0.0546,0
MEM-BOS,medium,2025-06-29,6,1,0,0,0.1104,428,414,27,0.0652,0
MEM-BOS,medium,2025-06-30,0,0,0,0,0.073,951,921,39,0.0423,0
MEM-BOS,medium,2025-07-01,1,0,0,0,0.2878,977,958,37,0.0386,0
MEM-BOS,medium,2025-07-02,2,0,0,0,0.2208,858,847,33,0.039,0
MEM-BOS,medium,2025-07-03,3,0,0,0,0.1452,1019,989,49,0.0495,0
MEM-BOS,medium,2025-07-04,4,0,1,0,0.2187,202,197,9,0.0457,0
MEM-BOS,medium,2025-07-05,5,1,0,0,0.1163,440,431,21,0.0487,0
MEM-BOS,medium,2025-07-06,6,1,0,0,0.1716,502,491,27,0.055,0
MEM-BOS,medium,2025-07-07,0,0,0,0,0.0,907,875,39,0.0446,0
MEM-BOS,medium,2025-07-08,1,0,0,0,0.0905,809,792,37,0.0467,0
MEM-BOS,medium,2025-07-09,2,0,0,0,0.2262,820,799,27,0.0338,0
MEM-BOS,medium,2025-07-10,3,0,0,0,0.4217,991,966,54,0.0559,0
MEM-BOS,medium,2025-07-11,4,0,0,0,0.1635,872,851,28,0.0329,0
MEM-BOS,medium,2025-07-12,5,1,0,0,0.2808,445,431,28,0.065,0
MEM-BOS,medium,2025-07-13,6,1,0,0,0.1892,362,351,20,0.057,0
MEM-BOS,medium,2025-07-14,0,0,0,0,0.2229,874,862,30,0.0348,0
MEM-BOS,medium,2025-07-15,1,0,0,0,0.23,864,840,22,0.0262,0
MEM-BOS,medium,2025-07-16,2,0,0,0,0.2445,935,910,45,0.0495,0
MEM-BOS,medium,2025-07-17,3,0,0,0,0.228,1042,1005,55,0.0547,0
MEM-BOS,medium,2025-07-18,4,0,0,0,0.328,861,835,37,0.0443,0
MEM-BOS,medium,2025-07-19,5,1,0,0,0.3572,413,405,30,0.0741,0
MEM-BOS,medium,2025-07-20,6,1,0,0,0.0,437,425,18,0.0424,0
MEM-BOS,medium,2025-07-21,0,0,0,0,0.1556,991,965,35,0.0363,0
MEM-BOS,medium,2025-07-22,1,0,0,0,0.1812,796,774,37,0.0478,0
MEM-BOS,medium,2025-07-23,2,0,0,0,0.0515,759,740,30,0.0405,0
MEM-BOS,medium,2025-07-24,3,0,0,0,0.1576,845,825,46,0.0558,0
MEM-BOS,medium,2025-07-25,4,0,0,0,0.1634,914,884,32,0.0362,0
MEM-BOS,medium,2025-07-26,5,1,0,0,0.1149,378,368,22,0.0598,0
MEM-BOS,medium,2025-07-27,6,1,0,0,0.2119,467,455,26,0.0571,0
MEM-BOS,medium,2025-07-28,0,0,0,0,0.2,836,822,36,0.0438,0
MEM-BOS,medium,2025-07-29,1,0,0,0,0.2849,885,863,41,0.0475,0
MEM-BOS,medium,2025-07-30,2,0,0,0,0.1321,730,703,28,0.0398,0
MEM-BOS,medium,2025-07-31,3,0,0,0,0.2276,980,958,45,0.047,0
MEM-BOS,medium,2025-08-01,4,0,0,0,0.0,916,893,51,0.0571,0
MEM-BOS,medium,2025-08-02,5,1,0,0,0.1307,466,451,17,0.0377,0
MEM-BOS,medium,2025-08-03,6,1,0,0,0.0,421,415,27,0.0651,0
MEM-BOS,medium,2025-08-04,0,0,0,0,0.2506,699,676,24,0.0355,0
MEM-BOS,medium,2025-08-05,1,0,0,0,0.0255,779,750,44,0.0587,0
MEM-BOS,medium,2025-08-06,2,0,0,0,0.0,774,746,28,0.0375,0
MEM-BOS,medium,2025-08-07,3,0,0,0,0.8795,869,840,166,0.1976,1
MEM-BOS,medium,2025-08-08,4,0,0,0,0.0941,816,801,35,0.0437,0
MEM-BOS,medium,2025-08-09,5,1,0,0,0.2969,390,382,23,0.0602,0
MEM-BOS,medium,2025-08-10,6,1,0,0,0.1727,535,524,29,0.0553,0
MEM-BOS,medium,2025-08-11,0,0,0,0,0.0257,827,803,35,0.0436,0
MEM-BOS,medium,2025-08-12,1,0,0,0,0.0,802,782,35,0.0448,0
MEM-BOS,medium,2025-08-13,2,0,0,0,0.1309,820,806,33,0.0409,0
MEM-BOS,medium,2025-08-14,3,0,0,0,0.1899,895,881,45,0.0511,0
MEM-BOS,medium,2025-08-15,4,0,0,0,0.1967,815,802,41,0.0511,0
MEM-BOS,medium,2025-08-16,5,1,0,0,0.0886,540,525,22,0.0419,0
MEM-BOS,medium,2025-08-17,6,1,0,0,0.2079,507,492,25,0.0508,0
MEM-BOS,medium,2025-08-18,0,0,0,0,0.2563,867,843,39,0.0463,0
MEM-BOS,medium,2025-08-19,1,0,0,0,0.1999,870,840,31,0.0369,0
MEM-BOS,medium,2025-08-20,2,0,0,0,0.2024,755,733,36,0.0491,0
MEM-BOS,medium,2025-08-21,3,0,0,0,0.0035,860,828,35,0.0423,0
MEM-BOS,medium,2025-08-22,4,0,0,0,0.0602,897,872,38,0.0436,0
MEM-BOS,medium,2025-08-23,5,1,0,0,0.0,479,469,24,0.0512,0
MEM-BOS,medium,2025-08-24,6,1,0,0,0.1399,460,453,18,0.0397,0
MEM-BOS,medium,2025-08-25,0,0,0,0,0.1851,902,890,41,0.0461,0
MEM-BOS,medium,2025-08-26,1,0,0,0,0.354,976,959,47,0.049,0
MEM-BOS,medium,2025-08-27,2,0,0,0,0.1505,822,805,36,0.0447,0
MEM-BOS,medium,2025-08-28,3,0,0,0,0.1605,816,792,29,0.0366,0
MEM-BOS,medium,2025-08-29,4,0,0,0,0.0,906,882,42,0.0476,0
MEM-BOS,medium,2025-08-30,5,1,0,0,0.3494,469,457,18,0.0394,0
MEM-BOS,medium,2025-08-31,6,1,0,0,0.0774,470,461,28,0.0607,0
MEM-BOS,medium,2025-09-01,0,0,0,0,0.1463,768,752,27,0.0359,0
MEM-BOS,medium,2025-09-02,1,0,0,0,0.0,800,779,40,0.0513,0
MEM-BOS,medium,2025-09-03,2,0,0,0,0.0,944,921,44,0.0478,0
MEM-BOS,medium,2025-09-04,3,0,0,0,0.463,922,896,46,0.0513,0
MEM-BOS,medium,2025-09-05,4,0,0,0,0.1951,752,742,27,0.0364,0
MEM-BOS,medium,2025-09-06,5,1,0,0,0.084,505,489,40,0.0818,0
MEM-BOS,medium,2025-09-07,6,1,0,0,0.3157,493,484,16,0.0331,0
MEM-BOS,medium,2025-09-08,0,0,0,0,0.2481,786,775,33,0.0426,0
MEM-BOS,medium,2025-09-09,1,0,0,0,0.2548,679,669,32,0.0478,0
MEM-BOS,medium,2025-09-10,2,0,0,0,0.1795,808,783,27,0.0345,0
MEM-BOS,medium,2025-09-11,3,0,0,0,0.1162,882,859,27,0.0314,0
MEM-BOS,medium,2025-09-12,4,0,0,0,0.1957,831,819,32,0.0391,0
MEM-BOS,medium,2025-09-13,5,1,0,0,0.1222,394,379,18,0.0475,0
MEM-BOS,medium,2025-09-14,6,1,0,0,0.8348,409,397,72,0.1814,1
MEM-BOS,medium,2025-09-15,0,0,0,0,0.4149,914,901,135,0.1498,1
MEM-BOS,medium,2025-09-16,1,0,0,0,0.5917,769,744,97,0.1304,1
MEM-BOS,medium,2025-09-17,2,0,0,0,0.0,767,753,28,0.0372,0
MEM-BOS,medium,2025-09-18,3,0,0,0,0.3555,604,585,18,0.0308,0
MEM-BOS,medium,2025-09-19,4,0,0,0,0.2079,959,929,46,0.0495,0
MEM-BOS,medium,2025-09-20,5,1,0,0,0.0,485,474,25,0.0527,0
MEM-BOS,medium,2025-09-21,6,1,0,0,0.0834,473,458,33,0.0721,0
MEM-BOS,medium,2025-09-22,0,0,0,0,0.2903,898,868,25,0.0288,0
MEM-BOS,medium,2025-09-23,1,0,0,0,0.031,768,750,37,0.0493,0
MEM-BOS,medium,2025-09-24,2,0,0,0,0.0682,786,767,25,0.0326,0
MEM-BOS,medium,2025-09-25,3,0,0,0,0.1821,708,697,29,0.0416,0
MEM-BOS,medium,2025-09-26,4,0,0,0,0.0357,741,720,30,0.0417,0
MEM-BOS,medium,2025-09-27,5,1,0,0,0.0,451,435,22,0.0506,0
MEM-BOS,medium,2025-09-28,6,1,0,0,0.0976,426,415,25,0.0602,0
MEM-BOS,medium,2025-09-29,0,0,0,0,0.0,808,786,34,0.0433,0
MEM-BOS,medium,2025-09-30,1,0,0,0,0.1009,780,766,36,0.047,0
MEM-BOS,medium,2025-10-01,2,0,0,0,0.2688,768,743,25,0.0336,0
MEM-BOS,medium,2025-10-02,3,0,0,0,0.0,832,818,41,0.0501,0
MEM-BOS,medium,2025-10-03,4,0,0,0,0.0655,917,883,41,0.0464,0
MEM-BOS,medium,2025-10-04,5,1,0,0,0.0553,435,427,29,0.0679,0
MEM-BOS,medium,2025-10-05,6,1,0,0,0.3712,395,387,25,0.0646,0
MEM-BOS,medium,2025-10-06,0,0,0,0,0.273,848,828,18,0.0217,0
MEM-BOS,medium,2025-10-07,1,0,0,0,0.306,884,863,37,0.0429,0
MEM-BOS,medium,2025-10-08,2,0,0,0,0.115,733,706,30,0.0425,0
MEM-BOS,medium,2025-10-09,3,0,0,0,0.4596,647,626,24,0.0383,0
MEM-BOS,medium,2025-10-10,4,0,0,0,0.282,772,754,26,0.0345,0
MEM-BOS,medium,2025-10-11,5,1,0,0,0.0,501,486,37,0.0761,0
MEM-BOS,medium,2025-10-12,6,1,0,0,0.0128,459,446,26,0.0583,0
MEM-BOS,medium,2025-10-13,0,0,0,0,0.1327,866,845,40,0.0473,0
MEM-BOS,medium,2025-10-14,1,0,0,0,0.1336,868,857,48,0.056,0
MEM-BOS,medium,2025-10-15,2,0,0,0,0.1616,893,870,47,0.054,0
MEM-BOS,medium,2025-10-16,3,0,0,0,0.1872,935,916,38,0.0415,0
MEM-BOS,medium,2025-10-17,4,0,0,0,0.347,965,938,38,0.0405,0
MEM-BOS,medium,2025-10-18,5,1,0,0,0.2458,427,417,23,0.0552,0
MEM-BOS,medium,2025-10-19,6,1,0,0,0.1779,475,468,22,0.047,0
MEM-BOS,medium,2025-10-20,0,0,0,0,0.128,796,773,39,0.0505,0
MEM-BOS,medium,2025-10-21,1,0,0,0,0.1752,836,816,34,0.0417,0
MEM-BOS,medium,2025-10-22,2,0,0,0,0.2058,920,891,29,0.0325,0
MEM-BOS,medium,2025-10-23,3,0,0,0,0.1195,835,812,32,0.0394,0
MEM-BOS,medium,2025-10-24,4,0,0,0,0.0233,752,734,36,0.049,0
MEM-BOS,medium,2025-10-25,5,1,0,0,0.1813,468,458,33,0.0721,0
MEM-BOS,medium,2025-10-26,6,1,0,0,0.1169,482,473,28,0.0592,0
MEM-BOS,medium,2025-10-27,0,0,0,0,0.2129,880,861,33,0.0383,0
MEM-BOS,medium,2025-10-28,1,0,0,0,0.0845,886,864,42,0.0486,0
MEM-BOS,medium,2025-10-29,2,0,0,0,0.1474,855,844,42,0.0498,0
MEM-BOS,medium,2025-10-30,3,0,0,0,0.0446,827,815,40,0.0491,0
MEM-BOS,medium,2025-10-31,4,0,0,0,0.0,826,803,37,0.0461,0
MEM-BOS,medium,2025-11-01,5,1,0,0,0.2381,452,444,27,0.0608,0
MEM-BOS,medium,2025-11-02,6,1,0,0,0.0024,472,462,26,0.0563,0
MEM-BOS,medium,2025-11-03,0,0,0,0,0.055,967,940,43,0.0457,0
MEM-BOS,medium,2025-11-04,1,0,0,0,0.2047,871,856,45,0.0526,0
MEM-BOS,medium,2025-11-05,2,0,0,0,0.1942,1028,1009,41,0.0406,0
MEM-BOS,medium,2025-11-06,3,0,0,0,0.1983,876,858,36,0.042,0
MEM-BOS,medium,2025-11-07,4,0,0,0,0.2696,917,886,45,0.0508,0
MEM-BOS,medium,2025-11-08,5,1,0,0,0.1721,440,433,29,0.067,0
MEM-BOS,medium,2025-11-09,6,1,0,0,0.226,489,479,32,0.0668,0
MEM-BOS,medium,2025-11-10,0,0,0,0,0.1148,839,808,40,0.0495,0
MEM-BOS,medium,2025-11-11,1,0,1,0,0.1999,203,197,8,0.0406,0
MEM-BOS,medium,2025-11-12,2,0,0,0,0.071,750,724,28,0.0387,0
MEM-BOS,medium,2025-11-13,3,0,0,0,0.0277,832,816,37,0.0453,0
MEM-BOS,medium,2025-11-14,4,0,0,0,0.2573,956,927,43,0.0464,0
MEM-BOS,medium,2025-11-15,5,1,0,0,0.0,475,463,24,0.0518,0
MEM-BOS,medium,2025-11-16,6,1,0,0,0.228,412,407,17,0.0418,0
MEM-BOS,medium,2025-11-17,0,0,0,0,0.0,759,739,33,0.0447,0
MEM-BOS,medium,2025-11-18,1,0,0,0,0.0367,932,914,42,0.046,0
MEM-BOS,medium,2025-11-19,2,0,0,0,0.0631,781,755,31,0.0411,0
MEM-BOS,medium,2025-11-20,3,0,0,1,0.0,1358,1322,105,0.0794,0
MEM-BOS,medium,2025-11-21,4,0,0,1,0.3086,1177,1151,87,0.0756,0
MEM-BOS,medium,2025-11-22,5,1,0,1,0.166,845,829,93,0.1122,0
MEM-BOS,medium,2025-11-23,6,1,0,1,0.1549,766,748,77,0.1029,0
MEM-BOS,medium,2025-11-24,0,0,0,1,0.2684,1092,1075,71,0.066,0
MEM-BOS,medium,2025-11-25,1,0,0,1,0.2111,1199,1182,82,0.0694,0
MEM-BOS,medium,2025-11-26,2,0,0,1,0.7186,1374,1325,369,0.2785,1
MEM-BOS,medium,2025-11-27,3,0,0,1,0.1599,1188,1165,98,0.0841,0
MEM-BOS,medium,2025-11-28,4,0,0,1,0.1897,1286,1256,104,0.0828,0
MEM-BOS,medium,2025-11-29,5,1,0,1,0.0,835,824,91,0.1104,0
MEM-BOS,medium,2025-11-30,6,1,0,1,0.2588,697,681,56,0.0822,0
MEM-BOS,medium,2025-12-01,0,0,0,1,0.141,1236,1211,88,0.0727,0
MEM-BOS,medium,2025-12-02,1,0,0,1,0.3249,1156,1133,74,0.0653,0
MEM-BOS,medium,2025-12-03,2,0,0,1,0.0002,1311,1265,98,0.0775,0
MEM-BOS,medium,2025-12-04,3,0,0,1,0.2763,1309,1274,78,0.0612,0
MEM-BOS,medium,2025-12-05,4,0,0,1,0.2177,1387,1355,82,0.0605,0
MEM-BOS,medium,2025-12-06,5,1,0,1,0.0,716,705,68,0.0965,0
MEM-BOS,medium,2025-12-07,6,1,0,1,0.2131,731,707,76,0.1075,0
MEM-BOS,medium,2025-12-08,0,0,0,1,0.2839,1547,1496,97,0.0648,0
MEM-BOS,medium,2025-12-09,1,0,0,1,0.1429,1163,1124,91,0.081,0
MEM-BOS,medium,2025-12-10,2,0,0,1,0.1609,1315,1279,99,0.0774,0
MEM-BOS,medium,2025-12-11,3,0,0,1,0.0647,1331,1299,79,0.0608,0
MEM-BOS,medium,2025-12-12,4,0,0,1,0.0846,1601,1555,111,0.0714,0
MEM-BOS,medium,2025-12-13,5,1,0,1,0.1724,851,839,93,0.1108,0
MEM-BOS,medium,2025-12-14,6,1,0,1,0.0905,743,726,75,0.1033,0
MEM-BOS,medium,2025-12-15,0,0,0,1,0.3307,1246,1223,81,0.0662,0
MEM-BOS,medium,2025-12-16,1,0,0,1,0.3496,1189,1153,91,0.0789,0
MEM-BOS,medium,2025-12-17,2,0,0,1,0.0163,1366,1320,98,0.0742,0
MEM-BOS,medium,2025-12-18,3,0,0,1,0.0385,1194,1169,94,0.0804,0
MEM-BOS,medium,2025-12-19,4,0,0,1,0.2338,1226,1208,91,0.0753,0
MEM-BOS,medium,2025-12-20,5,1,0,1,0.3118,818,795,81,0.1019,0
MEM-BOS,medium,2025-12-21,6,1,0,1,0.0154,737,723,78,0.1079,0
MEM-BOS,medium,2025-12-22,0,0,0,1,0.0733,1481,1444,99,0.0686,0
MEM-BOS,medium,2025-12-23,1,0,0,1,0.3151,1200,1179,92,0.078,0
MEM-BOS,medium,2025-12-24,2,0,0,1,0.0,1490,1438,110,0.0765,0
MEM-BOS,medium,2025-12-25,3,0,1,1,0.0,358,345,28,0.0812,0
MEM-BOS,medium,2025-12-26,4,0,0,1,0.6313,1108,1067,303,0.284,1
MEM-BOS,medium,2025-12-27,5,1,0,0,0.906,422,416,51,0.1226,1
MEM-BOS,medium,2025-12-28,6,1,0,0,0.0507,474,463,21,0.0454,0
MEM-BOS,medium,2025-12-29,0,0,0,0,0.1412,881,864,41,0.0475,0
MEM-BOS,medium,2025-12-30,1,0,0,0,0.0675,783,773,30,0.0388,0
MEM-BOS,medium,2025-12-31,2,0,0,0,0.1875,973,959,28,0.0292,0
MEM-BOS,medium,2026-01-01,3,0,1,0,0.0008,194,187,10,0.0535,0
MEM-BOS,medium,2026-01-02,4,0,0,0,0.1765,901,889,32,0.036,0
MEM-BOS,medium,2026-01-03,5,1,0,0,0.3316,473,461,29,0.0629,0
MEM-BOS,medium,2026-01-04,6,1,0,0,0.2068,417,405,16,0.0395,0
MEM-BOS,medium,2026-01-05,0,0,0,0,0.0199,610,599,41,0.0684,0
MEM-BOS,medium,2026-01-06,1,0,0,0,0.0349,1065,1041,38,0.0365,0
MEM-BOS,medium,2026-01-07,2,0,0,0,0.0,994,978,45,0.046,0
MEM-BOS,medium,2026-01-08,3,0,0,0,0.2637,920,891,33,0.037,0
MEM-BOS,medium,2026-01-09,4,0,0,0,0.2061,744,728,32,0.044,0
MEM-BOS,medium,2026-01-10,5,1,0,0,0.0562,408,397,16,0.0403,0
MEM-BOS,medium,2026-01-11,6,1,0,0,0.0385,551,534,29,0.0543,0
MEM-BOS,medium,2026-01-12,0,0,0,0,0.146,785,765,35,0.0458,0
MEM-BOS,medium,2026-01-13,1,0,0,0,0.1885,757,735,36,0.049,0
MEM-BOS,medium,2026-01-14,2,0,0,0,0.297,819,799,36,0.0451,0
MEM-BOS,medium,2026-01-15,3,0,0,0,0.0415,835,820,56,0.0683,0
MEM-BOS,medium,2026-01-16,4,0,0,0,0.0,819,789,27,0.0342,0
MEM-BOS,medium,2026-01-17,5,1,0,0,0.2595,464,450,28,0.0622,0
MEM-BOS,medium,2026-01-18,6,1,0,0,0.2024,539,526,26,0.0494,0
MEM-BOS,medium,2026-01-19,0,0,0,0,0.0541,776,763,30,0.0393,0
MEM-BOS,medium,2026-01-20,1,0,0,0,0.1141,963,927,32,0.0345,0
MEM-BOS,medium,2026-01-21,2,0,0,0,0.2135,941,920,51,0.0554,0
MEM-BOS,medium,2026-01-22,3,0,0,0,0.2186,925,895,39,0.0436,0
MEM-BOS,medium,2026-01-23,4,0,0,0,0.1981,914,885,36,0.0407,0
MEM-BOS,medium,2026-01-24,5,1,0,0,0.1494,446,434,31,0.0714,0
MEM-BOS,medium,2026-01-25,6,1,0,0,0.0396,474,461,17,0.0369,0
MEM-BOS,medium,2026-01-26,0,0,0,0,0.15,860,831,35,0.0421,0
MEM-BOS,medium,2026-01-27,1,0,0,0,0.1375,845,817,45,0.0551,0
MEM-BOS,medium,2026-01-28,2,0,0,0,0.0978,784,772,41,0.0531,0
MEM-BOS,medium,2026-01-29,3,0,0,0,0.2297,835,816,27,0.0331,0
MEM-BOS,medium,2026-01-30,4,0,0,0,0.1169,870,838,36,0.043,0
MEM-BOS,medium,2026-01-31,5,1,0,0,0.1707,406,400,22,0.055,0
MEM-BOS,medium,2026-02-01,6,1,0,0,0.2503,446,439,28,0.0638,0
MEM-BOS,medium,2026-02-02,0,0,0,0,0.2666,833,808,36,0.0446,0
MEM-BOS,medium,2026-02-03,1,0,0,0,0.2118,980,961,40,0.0416,0
MEM-BOS,medium,2026-02-04,2,0,0,0,0.0,775,760,38,0.05,0
MEM-BOS,medium,2026-02-05,3,0,0,0,0.092,988,953,41,0.043,0
MEM-BOS,medium,2026-02-06,4,0,0,0,0.1334,787,774,28,0.0362,0
MEM-BOS,medium,2026-02-07,5,1,0,0,0.3806,468,455,27,0.0593,0
MEM-BOS,medium,2026-02-08,6,1,0,0,0.129,447,432,21,0.0486,0
MEM-BOS,medium,2026-02-09,0,0,0,0,0.2326,821,803,32,0.0399,0
MEM-BOS,medium,2026-02-10,1,0,0,0,0.1973,800,771,29,0.0376,0
MEM-BOS,medium,2026-02-11,2,0,0,0,0.0357,953,921,43,0.0467,0
MEM-BOS,medium,2026-02-12,3,0,0,0,0.3159,843,816,29,0.0355,0
MEM-BOS,medium,2026-02-13,4,0,0,0,0.1358,850,838,37,0.0442,0
MEM-BOS,medium,2026-02-14,5,1,0,0,0.0,442,436,18,0.0413,0
MEM-BOS,medium,2026-02-15,6,1,0,0,0.6336,512,502,104,0.2072,1
MEM-BOS,medium,2026-02-16,0,0,0,0,0.2277,812,793,41,0.0517,0
MEM-BOS,medium,2026-02-17,1,0,0,0,0.2958,914,894,43,0.0481,0
MEM-BOS,medium,2026-02-18,2,0,0,0,0.2205,731,719,37,0.0515,0
MEM-BOS,medium,2026-02-19,3,0,0,0,0.0,882,853,35,0.041,0
MEM-BOS,medium,2026-02-20,4,0,0,0,0.1704,764,739,39,0.0528,0
MEM-BOS,medium,2026-02-21,5,1,0,0,0.1849,489,474,26,0.0549,0
MEM-BOS,medium,2026-02-22,6,1,0,0,0.0,463,447,26,0.0582,0
MEM-BOS,medium,2026-02-23,0,0,0,0,0.2601,1040,1022,49,0.0479,0
MEM-BOS,medium,2026-02-24,1,0,0,0,0.0,779,763,38,0.0498,0
MEM-BOS,medium,2026-02-25,2,0,0,0,0.0121,778,751,40,0.0533,0
MEM-BOS,medium,2026-02-26,3,0,0,0,0.2452,819,799,27,0.0338,0
MEM-BOS,medium,2026-02-27,4,0,0,0,0.0,922,903,41,0.0454,0
MEM-BOS,medium,2026-02-28,5,1,0,0,0.0521,384,379,19,0.0501,0
MEM-BOS,medium,2026-03-01,6,1,0,0,0.3653,496,484,31,0.064,0
MEM-BOS,medium,2026-03-02,0,0,0,0,0.1767,897,864,36,0.0417,0
MEM-BOS,medium,2026-03-03,1,0,0,0,0.898,837,825,121,0.1467,1
MEM-BOS,medium,2026-03-04,2,0,0,0,0.2953,771,756,25,0.0331,0
MEM-BOS,medium,2026-03-05,3,0,0,0,0.1585,846,825,27,0.0327,0
MEM-BOS,medium,2026-03-06,4,0,0,0,0.0,914,897,37,0.0412,0
MEM-BOS,medium,2026-03-07,5,1,0,0,0.0907,476,465,28,0.0602,0
MEM-BOS,medium,2026-03-08,6,1,0,0,0.2817,504,490,26,0.0531,0
MEM-BOS,medium,2026-03-09,0,0,0,0,0.0946,771,751,30,0.0399,0
MEM-BOS,medium,2026-03-10,1,0,0,0,0.0498,778,762,36,0.0472,0
MEM-BOS,medium,2026-03-11,2,0,0,0,0.0,835,809,28,0.0346,0
MEM-BOS,medium,2026-03-12,3,0,0,0,0.0467,861,831,37,0.0445,0
MEM-BOS,medium,2026-03-13,4,0,0,0,0.2616,736,723,35,0.0484,0
MEM-BOS,medium,2026-03-14,5,1,0,0,0.1947,464,456,29,0.0636,0
MEM-BOS,medium,2026-03-15,6,1,0,0,0.0956,399,387,17,0.0439,0
MEM-BOS,medium,2026-03-16,0,0,0,0,0.0,839,825,38,0.0461,0
MEM-BOS,medium,2026-03-17,1,0,0,0,0.1378,945,922,28,0.0304,0
MEM-BOS,medium,2026-03-18,2,0,0,0,0.0017,823,801,32,0.04,0
MEM-BOS,medium,2026-03-19,3,0,0,0,0.0085,875,851,39,0.0458,0
MEM-BOS,medium,2026-03-20,4,0,0,0,0.104,712,700,42,0.06,0
MEM-BOS,medium,2026-03-21,5,1,0,0,0.7299,607,592,115,0.1943,1
MEM-BOS,medium,2026-03-22,6,1,0,0,0.6228,502,485,70,0.1443,1
MEM-BOS,medium,2026-03-23,0,0,0,0,0.1135,820,797,36,0.0452,0
MEM-BOS,medium,2026-03-24,1,0,0,0,0.0,796,781,20,0.0256,0
MEM-BOS,medium,2026-03-25,2,0,0,0,0.1189,985,967,42,0.0434,0
MEM-BOS,medium,2026-03-26,3,0,0,0,0.0,751,727,27,0.0371,0
MEM-BOS,medium,2026-03-27,4,0,0,0,0.0775,902,881,24,0.0272,0
MEM-BOS,medium,2026-03-28,5,1,0,0,0.3588,447,440,26,0.0591,0
MEM-BOS,medium,2026-03-29,6,1,0,0,0.2471,447,438,25,0.0571,0
MEM-BOS,medium,2026-03-30,0,0,0,0,0.3205,901,888,36,0.0405,0
MEM-BOS,medium,2026-03-31,1,0,0,0,0.321,985,959,40,0.0417,0
MEM-BOS,medium,2026-04-01,2,0,0,0,0.1554,990,975,43,0.0441,0
MEM-BOS,medium,2026-04-02,3,0,0,0,0.0364,816,792,39,0.0492,0
MEM-BOS,medium,2026-04-03,4,0,0,0,0.2076,946,932,44,0.0472,0
MEM-BOS,medium,2026-04-04,5,1,0,0,0.0,507,492,33,0.0671,0
MEM-BOS,medium,2026-04-05,6,1,0,0,0.0,423,412,21,0.051,0
MEM-BOS,medium,2026-04-06,0,0,0,0,0.8382,877,846,150,0.1773,1
MEM-BOS,medium,2026-04-07,1,0,0,0,0.8195,784,760,87,0.1145,1
MEM-BOS,medium,2026-04-08,2,0,0,0,0.2719,840,820,28,0.0341,0
MEM-BOS,medium,2026-04-09,3,0,0,0,0.2565,864,837,29,0.0346,0
MEM-BOS,medium,2026-04-10,4,0,0,0,0.2178,870,845,43,0.0509,0
MEM-BOS,medium,2026-04-11,5,1,0,0,0.1256,503,487,22,0.0452,0
MEM-BOS,medium,2026-04-12,6,1,0,0,0.2252,485,471,14,0.0297,0
MEM-BOS,medium,2026-04-13,0,0,0,0,0.1515,919,892,49,0.0549,0
MEM-BOS,medium,2026-04-14,1,0,0,0,0.1552,845,815,39,0.0479,0
MEM-BOS,medium,2026-04-15,2,0,0,0,0.0212,806,789,27,0.0342,0
MEM-BOS,medium,2026-04-16,3,0,0,0,0.239,899,875,37,0.0423,0
MEM-BOS,medium,2026-04-17,4,0,0,0,0.162,998,970,50,0.0515,0
MEM-BOS,medium,2026-04-18,5,1,0,0,0.208,395,383,28,0.0731,0
MEM-BOS,medium,2026-04-19,6,1,0,0,0.1563,398,388,23,0.0593,0
MEM-BOS,medium,2026-04-20,0,0,0,0,0.4537,947,914,34,0.0372,0
MEM-BOS,medium,2026-04-21,1,0,0,0,0.7535,879,850,142,0.1671,1
MEM-BOS,medium,2026-04-22,2,0,0,0,0.4913,886,859,146,0.17,1
MEM-BOS,medium,2026-04-23,3,0,0,0,0.8683,814,785,140,0.1783,1
MEM-BOS,medium,2026-04-24,4,0,0,0,0.0581,842,827,34,0.0411,0
MEM-BOS,medium,2026-04-25,5,1,0,0,0.321,518,507,31,0.0611,0
MEM-BOS,medium,2026-04-26,6,1,0,0,0.2909,459,444,28,0.0631,0
MEM-BOS,medium,2026-04-27,0,0,0,0,0.0435,783,756,37,0.0489,0
MEM-BOS,medium,2026-04-28,1,0,0,0,0.2751,908,875,29,0.0331,0
MEM-BOS,medium,2026-04-29,2,0,0,0,0.0,894,872,44,0.0505,0
MEM-BOS,medium,2026-04-30,3,0,0,0,0.299,938,917,50,0.0545,0
MEM-BOS,medium,2026-05-01,4,0,0,0,0.1241,818,801,32,0.04,0
MEM-BOS,medium,2026-05-02,5,1,0,0,0.3032,488,478,34,0.0711,0
MEM-BOS,medium,2026-05-03,6,1,0,0,0.0629,490,482,23,0.0477,0
MEM-BOS,medium,2026-05-04,0,0,0,0,0.3508,858,844,43,0.0509,0
MEM-BOS,medium,2026-05-05,1,0,0,0,0.2201,838,809,29,0.0358,0
MEM-BOS,medium,2026-05-06,2,0,0,0,0.1015,866,851,36,0.0423,0
MEM-BOS,medium,2026-05-07,3,0,0,0,0.2508,902,869,44,0.0506,0
MEM-BOS,medium,2026-05-08,4,0,0,0,0.1869,771,757,26,0.0343,0
MEM-BOS,medium,2026-05-09,5,1,0,0,0.1119,535,522,26,0.0498,0
MEM-BOS,medium,2026-05-10,6,1,0,0,0.1541,467,459,30,0.0654,0
MEM-BOS,medium,2026-05-11,0,0,0,0,0.1053,951,926,45,0.0486,0
MEM-BOS,medium,2026-05-12,1,0,0,0,0.1685,986,961,39,0.0406,0
MEM-BOS,medium,2026-05-13,2,0,0,0,0.2401,805,793,36,0.0454,0
MEM-BOS,medium,2026-05-14,3,0,0,0,0.1976,901,886,43,0.0485,0
MEM-BOS,medium,2026-05-15,4,0,0,0,0.1202,709,696,23,0.033,0
MEM-BOS,medium,2026-05-16,5,1,0,0,0.046,567,557,31,0.0557,0
MEM-BOS,medium,2026-05-17,6,1,0,0,0.0548,483,472,25,0.053,0
MEM-BOS,medium,2026-05-18,0,0,0,0,0.2633,891,860,28,0.0326,0
MEM-BOS,medium,2026-05-19,1,0,0,0,0.0023,829,799,31,0.0388,0
MEM-BOS,medium,2026-05-20,2,0,0,0,0.2449,804,790,37,0.0468,0
MEM-BOS,medium,2026-05-21,3,0,0,0,0.0378,757,733,27,0.0368,0
MEM-BOS,medium,2026-05-22,4,0,0,0,0.0,777,750,35,0.0467,0
MEM-BOS,medium,2026-05-23,5,1,0,0,0.1438,477,466,20,0.0429,0
MEM-BOS,medium,2026-05-24,6,1,0,0,0.1264,472,466,27,0.0579,0
MEM-BOS,medium,2026-05-25,0,0,0,0,0.2165,1031,992,45,0.0454,0
MEM-BOS,medium,2026-05-26,1,0,0,0,0.1458,887,855,42,0.0491,0
MEM-BOS,medium,2026-05-27,2,0,0,0,0.0,789,765,33,0.0431,0
MEM-BOS,medium,2026-05-28,3,0,0,0,0.3945,765,737,34,0.0461,0
MEM-BOS,medium,2026-05-29,4,0,0,0,0.202,857,838,31,0.037,0
MEM-BOS,medium,2026-05-30,5,1,0,0,0.0027,423,413,23,0.0557,0
MEM-BOS,medium,2026-05-31,6,1,0,0,0.3265,459,446,19,0.0426,0
MEM-BOS,medium,2026-06-01,0,0,0,0,0.323,1006,971,43,0.0443,0
MEM-BOS,medium,2026-06-02,1,0,0,0,0.0815,731,708,33,0.0466,0
MEM-BOS,medium,2026-06-03,2,0,0,0,0.1483,834,806,35,0.0434,0
MEM-BOS,medium,2026-06-04,3,0,0,0,0.0,790,767,37,0.0482,0
MEM-BOS,medium,2026-06-05,4,0,0,0,0.1238,793,769,31,0.0403,0
MEM-BOS,medium,2026-06-06,5,1,0,0,0.4186,460,443,27,0.0609,0
MEM-BOS,medium,2026-06-07,6,1,0,0,0.3085,457,448,35,0.0781,0
MEM-BOS,medium,2026-06-08,0,0,0,0,0.0,895,878,31,0.0353,0
MEM-BOS,medium,2026-06-09,1,0,0,0,0.1251,772,750,33,0.044,0
MEM-BOS,medium,2026-06-10,2,0,0,0,0.2255,1046,1025,39,0.038,0
MEM-BOS,medium,2026-06-11,3,0,0,0,0.182,879,855,28,0.0327,0
MEM-BOS,medium,2026-06-12,4,0,0,0,0.2702,832,811,32,0.0395,0
MEM-BOS,medium,2026-06-13,5,1,0,0,0.2253,479,472,11,0.0233,0
MEM-BOS,medium,2026-06-14,6,1,0,0,0.2454,510,502,26,0.0518,0
MEM-BOS,medium,2026-06-15,0,0,0,0,0.0528,725,712,22,0.0309,0
MEM-BOS,medium,2026-06-16,1,0,0,0,0.2353,732,713,27,0.0379,0
MEM-BOS,medium,2026-06-17,2,0,0,0,0.0012,715,704,30,0.0426,0
MEM-BOS,medium,2026-06-18,3,0,0,0,0.3555,903,877,38,0.0433,0
MEM-BOS,medium,2026-06-19,4,0,0,0,0.0635,1060,1040,49,0.0471,0
MEM-BOS,medium,2026-06-20,5,1,0,0,0.2085,515,508,26,0.0512,0
MEM-BOS,medium,2026-06-21,6,1,0,0,0.1159,509,496,28,0.0565,0
MEM-BOS,medium,2026-06-22,0,0,0,0,0.0,1004,987,39,0.0395,0
MEM-BOS,medium,2026-06-23,1,0,0,0,0.2481,946,925,38,0.0411,0
MEM-BOS,medium,2026-06-24,2,0,0,0,0.2249,777,749,27,0.036,0
MEM-BOS,medium,2026-06-25,3,0,0,0,0.6427,892,867,107,0.1234,1
MEM-BOS,medium,2026-06-26,4,0,0,0,0.0,933,905,31,0.0343,0
MEM-BOS,medium,2026-06-27,5,1,0,0,0.0902,494,486,34,0.07,0
MEM-BOS,medium,2026-06-28,6,1,0,0,0.1067,469,453,32,0.0706,0
MEM-BOS,medium,2026-06-29,0,0,0,0,0.2025,883,851,36,0.0423,0
MEM-BOS,medium,2026-06-30,1,0,0,0,0.0554,915,886,32,0.0361,0
MEM-BOS,medium,2026-07-01,2,0,0,0,0.1731,984,966,37,0.0383,0
MEM-BOS,medium,2026-07-02,3,0,0,0,0.0,869,856,37,0.0432,0
MEM-BOS,medium,2026-07-03,4,0,0,0,0.2892,857,843,37,0.0439,0
MEM-BOS,medium,2026-07-04,5,1,1,0,0.0651,120,117,13,0.1111,0
MEM-BOS,medium,2026-07-05,6,1,0,0,0.3051,487,477,33,0.0692,0
MEM-BOS,medium,2026-07-06,0,0,0,0,0.0916,778,753,29,0.0385,0
MEM-BOS,medium,2026-07-07,1,0,0,0,0.1022,801,784,45,0.0574,0
MEM-BOS,medium,2026-07-08,2,0,0,0,0.0,1007,990,38,0.0384,0
MEM-BOS,medium,2026-07-09,3,0,0,0,0.2762,805,781,30,0.0384,0
MEM-BOS,medium,2026-07-10,4,0,0,0,0.1141,798,783,31,0.0396,0
MEM-BOS,medium,2026-07-11,5,1,0,0,0.0,505,490,26,0.0531,0
MEM-BOS,medium,2026-07-12,6,1,0,0,0.4039,442,436,27,0.0619,0
MEM-BOS,medium,2026-07-13,0,0,0,0,0.0,933,902,51,0.0565,0
MEM-BOS,medium,2026-07-14,1,0,0,0,0.1788,848,828,28,0.0338,0
MEM-BOS,medium,2026-07-15,2,0,0,0,0.0786,696,678,33,0.0487,0
MEM-BOS,medium,2026-07-16,3,0,0,0,0.2663,975,958,57,0.0595,0
MEM-BOS,medium,2026-07-17,4,0,0,0,0.3017,942,924,48,0.0519,0
MEM-BOS,medium,2026-07-18,5,1,0,0,0.1647,362,356,16,0.0449,0
MEM-BOS,medium,2026-07-19,6,1,0,0,0.2383,522,511,29,0.0568,0
MEM-BOS,medium,2026-07-20,0,0,0,0,0.2846,755,742,34,0.0458,0
MEM-BOS,medium,2026-07-21,1,0,0,0,0.2859,911,880,39,0.0443,0
MEM-BOS,medium,2026-07-22,2,0,0,0,0.0,872,854,37,0.0433,0
MEM-BOS,medium,2026-07-23,3,0,0,0,0.2907,722,709,28,0.0395,0
MEM-BOS,medium,2026-07-24,4,0,0,0,0.2127,895,880,38,0.0432,0
MEM-BOS,medium,2026-07-25,5,1,0,0,0.2228,559,547,26,0.0475,0
MEM-BOS,medium,2026-07-26,6,1,0,0,0.3227,468,457,26,0.0569,0
MEM-BOS,medium,2026-07-27,0,0,0,0,0.2178,866,852,37,0.0434,0
MEM-BOS,medium,2026-07-28,1,0,0,0,0.1111,777,767,48,0.0626,0
MEM-BOS,medium,2026-07-29,2,0,0,0,0.0808,834,811,28,0.0345,0
MEM-BOS,medium,2026-07-30,3,0,0,0,0.2926,975,955,38,0.0398,0
MEM-BOS,medium,2026-07-31,4,0,0,0,0.0548,903,886,42,0.0474,0
MEM-BOS,medium,2026-08-01,5,1,0,0,0.0958,425,419,27,0.0644,0
MEM-BOS,medium,2026-08-02,6,1,0,0,0.1056,411,400,21,0.0525,0
MEM-BOS,medium,2026-08-03,0,0,0,0,0.3246,772,758,29,0.0383,0
MEM-BOS,medium,2026-08-04,1,0,0,0,0.1641,809,795,34,0.0428,0
MEM-BOS,medium,2026-08-05,2,0,0,0,0.0527,788,772,32,0.0415,0
MEM-BOS,medium,2026-08-06,3,0,0,0,0.144,805,789,40,0.0507,0
MEM-BOS,medium,2026-08-07,4,0,0,0,0.3252,1055,1037,41,0.0395,0
MEM-BOS,medium,2026-08-08,5,1,0,0,0.1724,377,372,19,0.0511,0
MEM-BOS,medium,2026-08-09,6,1,0,0,0.0738,423,410,20,0.0488,0
MEM-BOS,medium,2026-08-10,0,0,0,0,0.0,794,770,36,0.0468,0
MEM-BOS,medium,2026-08-11,1,0,0,0,0.1714,789,769,29,0.0377,0
MEM-BOS,medium,2026-08-12,2,0,0,0,0.0,823,796,37,0.0465,0
MEM-BOS,medium,2026-08-13,3,0,0,0,0.0589,961,939,34,0.0362,0
MEM-BOS,medium,2026-08-14,4,0,0,0,0.055,870,852,39,0.0458,0
MEM-BOS,medium,2026-08-15,5,1,0,0,0.0285,437,425,20,0.0471,0
MEM-BOS,medium,2026-08-16,6,1,0,0,0.1376,476,458,23,0.0502,0
MEM-BOS,medium,2026-08-17,0,0,0,0,0.2195,875,857,42,0.049,0
MEM-BOS,medium,2026-08-18,1,0,0,0,0.2052,872,852,31,0.0364,0
MEM-BOS,medium,2026-08-19,2,0,0,0,0.0,904,881,40,0.0454,0
MEM-BOS,medium,2026-08-20,3,0,0,0,0.0408,900,872,46,0.0528,0
MEM-BOS,medium,2026-08-21,4,0,0,0,0.1897,785,767,42,0.0548,0
MEM-BOS,medium,2026-08-22,5,1,0,0,0.1854,473,464,26,0.056,0
MEM-BOS,medium,2026-08-23,6,1,0,0,0.0771,504,486,30,0.0617,0
